"frc5190","frc4561","frc5607","2018ncgre_f1m1_red","f","2018ncgre"
"frc2642","frc2059","frc6215","2018ncgre_f1m1_blue","f","2018ncgre"
"frc5190","frc4561","frc5607","2018ncgre_f1m2_red","f","2018ncgre"
"frc2642","frc2059","frc6215","2018ncgre_f1m2_blue","f","2018ncgre"
"frc5190","frc4561","frc5607","2018ncgre_qf1m1_red","qf","2018ncgre"
"frc6500","frc2682","frc6334","2018ncgre_qf1m1_blue","qf","2018ncgre"
"frc5190","frc4561","frc5607","2018ncgre_qf1m2_red","qf","2018ncgre"
"frc6500","frc2682","frc6334","2018ncgre_qf1m2_blue","qf","2018ncgre"
"frc3459","frc2655","frc4291","2018ncgre_qf2m1_red","qf","2018ncgre"
"frc3737","frc4828","frc6565","2018ncgre_qf2m1_blue","qf","2018ncgre"
"frc3459","frc2655","frc4291","2018ncgre_qf2m2_red","qf","2018ncgre"
"frc3737","frc4828","frc6565","2018ncgre_qf2m2_blue","qf","2018ncgre"
"frc5511","frc435","frc6729","2018ncgre_qf3m1_red","qf","2018ncgre"
"frc3796","frc3822","frc3336","2018ncgre_qf3m1_blue","qf","2018ncgre"
"frc5511","frc435","frc6729","2018ncgre_qf3m2_red","qf","2018ncgre"
"frc3796","frc3822","frc3336","2018ncgre_qf3m2_blue","qf","2018ncgre"
"frc2642","frc2059","frc6215","2018ncgre_qf4m1_red","qf","2018ncgre"
"frc6004","frc5518","frc587","2018ncgre_qf4m1_blue","qf","2018ncgre"
"frc2642","frc2059","frc6215","2018ncgre_qf4m2_red","qf","2018ncgre"
"frc6004","frc5518","frc587","2018ncgre_qf4m2_blue","qf","2018ncgre"
"frc2682","frc6215","frc3215","2018ncgre_qm1_red","qm","2018ncgre"
"frc5190","frc3796","frc2059","2018ncgre_qm1_blue","qm","2018ncgre"
"frc6512","frc4816","frc435","2018ncgre_qm10_red","qm","2018ncgre"
"frc2682","frc3796","frc6500","2018ncgre_qm10_blue","qm","2018ncgre"
"frc6426","frc3215","frc2642","2018ncgre_qm11_red","qm","2018ncgre"
"frc6334","frc5762","frc4561","2018ncgre_qm11_blue","qm","2018ncgre"
"frc3822","frc6500","frc6215","2018ncgre_qm12_red","qm","2018ncgre"
"frc3737","frc6004","frc6565","2018ncgre_qm12_blue","qm","2018ncgre"
"frc435","frc2640","frc6332","2018ncgre_qm13_red","qm","2018ncgre"
"frc2642","frc6334","frc2682","2018ncgre_qm13_blue","qm","2018ncgre"
"frc5919","frc4816","frc4561","2018ncgre_qm14_red","qm","2018ncgre"
"frc587","frc5518","frc3459","2018ncgre_qm14_blue","qm","2018ncgre"
"frc4291","frc5762","frc4828","2018ncgre_qm15_red","qm","2018ncgre"
"frc3796","frc2655","frc5607","2018ncgre_qm15_blue","qm","2018ncgre"
"frc3336","frc5511","frc3215","2018ncgre_qm16_red","qm","2018ncgre"
"frc6426","frc6512","frc6729","2018ncgre_qm16_blue","qm","2018ncgre"
"frc6240","frc4816","frc2059","2018ncgre_qm17_red","qm","2018ncgre"
"frc4828","frc5190","frc4561","2018ncgre_qm17_blue","qm","2018ncgre"
"frc5762","frc2640","frc6004","2018ncgre_qm18_red","qm","2018ncgre"
"frc6512","frc6215","frc3459","2018ncgre_qm18_blue","qm","2018ncgre"
"frc3822","frc5190","frc587","2018ncgre_qm19_red","qm","2018ncgre"
"frc5518","frc3336","frc4291","2018ncgre_qm19_blue","qm","2018ncgre"
"frc6426","frc587","frc6500","2018ncgre_qm2_red","qm","2018ncgre"
"frc5511","frc2640","frc6729","2018ncgre_qm2_blue","qm","2018ncgre"
"frc5511","frc2059","frc3737","2018ncgre_qm20_red","qm","2018ncgre"
"frc6500","frc6729","frc6240","2018ncgre_qm20_blue","qm","2018ncgre"
"frc2655","frc2642","frc435","2018ncgre_qm21_red","qm","2018ncgre"
"frc6332","frc5607","frc3215","2018ncgre_qm21_blue","qm","2018ncgre"
"frc6565","frc3796","frc6334","2018ncgre_qm22_red","qm","2018ncgre"
"frc2682","frc5919","frc6426","2018ncgre_qm22_blue","qm","2018ncgre"
"frc6332","frc2642","frc6512","2018ncgre_qm23_red","qm","2018ncgre"
"frc6215","frc3737","frc6729","2018ncgre_qm23_blue","qm","2018ncgre"
"frc6334","frc5607","frc587","2018ncgre_qm24_red","qm","2018ncgre"
"frc5511","frc6500","frc2655","2018ncgre_qm24_blue","qm","2018ncgre"
"frc5518","frc5762","frc2682","2018ncgre_qm25_red","qm","2018ncgre"
"frc4561","frc6240","frc3336","2018ncgre_qm25_blue","qm","2018ncgre"
"frc3215","frc6004","frc4816","2018ncgre_qm26_red","qm","2018ncgre"
"frc2640","frc3796","frc3822","2018ncgre_qm26_blue","qm","2018ncgre"
"frc4291","frc6565","frc6426","2018ncgre_qm27_red","qm","2018ncgre"
"frc435","frc3459","frc5190","2018ncgre_qm27_blue","qm","2018ncgre"
"frc2059","frc5518","frc5919","2018ncgre_qm28_red","qm","2018ncgre"
"frc4828","frc6332","frc5511","2018ncgre_qm28_blue","qm","2018ncgre"
"frc2655","frc3336","frc6426","2018ncgre_qm29_red","qm","2018ncgre"
"frc3796","frc6215","frc6240","2018ncgre_qm29_blue","qm","2018ncgre"
"frc3737","frc4561","frc4291","2018ncgre_qm3_red","qm","2018ncgre"
"frc5762","frc6332","frc5919","2018ncgre_qm3_blue","qm","2018ncgre"
"frc5190","frc4291","frc6512","2018ncgre_qm30_red","qm","2018ncgre"
"frc6004","frc6500","frc2642","2018ncgre_qm30_blue","qm","2018ncgre"
"frc5919","frc6334","frc3822","2018ncgre_qm31_red","qm","2018ncgre"
"frc4816","frc6729","frc5762","2018ncgre_qm31_blue","qm","2018ncgre"
"frc4561","frc2682","frc587","2018ncgre_qm32_red","qm","2018ncgre"
"frc5607","frc3737","frc4828","2018ncgre_qm32_blue","qm","2018ncgre"
"frc2640","frc3459","frc6565","2018ncgre_qm33_red","qm","2018ncgre"
"frc2059","frc435","frc3215","2018ncgre_qm33_blue","qm","2018ncgre"
"frc6729","frc2655","frc5919","2018ncgre_qm34_red","qm","2018ncgre"
"frc5762","frc3336","frc3796","2018ncgre_qm34_blue","qm","2018ncgre"
"frc3215","frc4828","frc6500","2018ncgre_qm35_red","qm","2018ncgre"
"frc6426","frc4561","frc6332","2018ncgre_qm35_blue","qm","2018ncgre"
"frc3459","frc5511","frc5607","2018ncgre_qm36_red","qm","2018ncgre"
"frc6512","frc3822","frc3737","2018ncgre_qm36_blue","qm","2018ncgre"
"frc435","frc6334","frc6004","2018ncgre_qm37_red","qm","2018ncgre"
"frc6215","frc587","frc4816","2018ncgre_qm37_blue","qm","2018ncgre"
"frc6240","frc4291","frc2682","2018ncgre_qm38_red","qm","2018ncgre"
"frc5518","frc5190","frc2640","2018ncgre_qm38_blue","qm","2018ncgre"
"frc2059","frc2642","frc587","2018ncgre_qm39_red","qm","2018ncgre"
"frc6565","frc3822","frc2655","2018ncgre_qm39_blue","qm","2018ncgre"
"frc6334","frc6512","frc3336","2018ncgre_qm4_red","qm","2018ncgre"
"frc5518","frc2655","frc6004","2018ncgre_qm4_blue","qm","2018ncgre"
"frc4816","frc5607","frc5518","2018ncgre_qm40_red","qm","2018ncgre"
"frc3215","frc5919","frc5190","2018ncgre_qm40_blue","qm","2018ncgre"
"frc6004","frc6512","frc5511","2018ncgre_qm41_red","qm","2018ncgre"
"frc4828","frc6565","frc3336","2018ncgre_qm41_blue","qm","2018ncgre"
"frc3459","frc2059","frc2682","2018ncgre_qm42_red","qm","2018ncgre"
"frc2642","frc6240","frc3737","2018ncgre_qm42_blue","qm","2018ncgre"
"frc6729","frc4561","frc3796","2018ncgre_qm43_red","qm","2018ncgre"
"frc6332","frc6334","frc4291","2018ncgre_qm43_blue","qm","2018ncgre"
"frc2640","frc6426","frc6215","2018ncgre_qm44_red","qm","2018ncgre"
"frc435","frc5762","frc6500","2018ncgre_qm44_blue","qm","2018ncgre"
"frc3796","frc3737","frc6332","2018ncgre_qm45_red","qm","2018ncgre"
"frc3215","frc6565","frc5518","2018ncgre_qm45_blue","qm","2018ncgre"
"frc6215","frc5190","frc5762","2018ncgre_qm46_red","qm","2018ncgre"
"frc2682","frc3822","frc5607","2018ncgre_qm46_blue","qm","2018ncgre"
"frc2655","frc4291","frc2059","2018ncgre_qm47_red","qm","2018ncgre"
"frc4816","frc6426","frc6334","2018ncgre_qm47_blue","qm","2018ncgre"
"frc6240","frc4828","frc435","2018ncgre_qm48_red","qm","2018ncgre"
"frc6500","frc5919","frc6512","2018ncgre_qm48_blue","qm","2018ncgre"
"frc5511","frc2642","frc4561","2018ncgre_qm49_red","qm","2018ncgre"
"frc3336","frc587","frc2640","2018ncgre_qm49_blue","qm","2018ncgre"
"frc5607","frc6240","frc6565","2018ncgre_qm5_red","qm","2018ncgre"
"frc2642","frc4816","frc3459","2018ncgre_qm5_blue","qm","2018ncgre"
"frc3459","frc6426","frc3796","2018ncgre_qm50_red","qm","2018ncgre"
"frc6729","frc6004","frc3822","2018ncgre_qm50_blue","qm","2018ncgre"
"frc6500","frc4561","frc5518","2018ncgre_qm51_red","qm","2018ncgre"
"frc2640","frc6240","frc2655","2018ncgre_qm51_blue","qm","2018ncgre"
"frc6334","frc6729","frc4828","2018ncgre_qm52_red","qm","2018ncgre"
"frc4291","frc3215","frc3459","2018ncgre_qm52_blue","qm","2018ncgre"
"frc6565","frc2059","frc6332","2018ncgre_qm53_red","qm","2018ncgre"
"frc5762","frc587","frc6512","2018ncgre_qm53_blue","qm","2018ncgre"
"frc6004","frc3336","frc5190","2018ncgre_qm54_red","qm","2018ncgre"
"frc5607","frc5919","frc2642","2018ncgre_qm54_blue","qm","2018ncgre"
"frc3737","frc2682","frc4816","2018ncgre_qm55_red","qm","2018ncgre"
"frc5511","frc435","frc6215","2018ncgre_qm55_blue","qm","2018ncgre"
"frc4291","frc5607","frc6004","2018ncgre_qm56_red","qm","2018ncgre"
"frc6240","frc3215","frc6334","2018ncgre_qm56_blue","qm","2018ncgre"
"frc5919","frc587","frc3796","2018ncgre_qm57_red","qm","2018ncgre"
"frc6512","frc2682","frc2640","2018ncgre_qm57_blue","qm","2018ncgre"
"frc6729","frc5518","frc435","2018ncgre_qm58_red","qm","2018ncgre"
"frc4561","frc2059","frc6215","2018ncgre_qm58_blue","qm","2018ncgre"
"frc3336","frc3459","frc3822","2018ncgre_qm59_red","qm","2018ncgre"
"frc4816","frc6500","frc6332","2018ncgre_qm59_blue","qm","2018ncgre"
"frc3822","frc4828","frc5518","2018ncgre_qm6_red","qm","2018ncgre"
"frc3737","frc435","frc3336","2018ncgre_qm6_blue","qm","2018ncgre"
"frc2655","frc3737","frc5762","2018ncgre_qm60_red","qm","2018ncgre"
"frc5190","frc6426","frc5511","2018ncgre_qm60_blue","qm","2018ncgre"
"frc2642","frc4828","frc2640","2018ncgre_qm61_red","qm","2018ncgre"
"frc6565","frc435","frc5919","2018ncgre_qm61_blue","qm","2018ncgre"
"frc6215","frc5518","frc6334","2018ncgre_qm62_red","qm","2018ncgre"
"frc587","frc3215","frc2655","2018ncgre_qm62_blue","qm","2018ncgre"
"frc3336","frc6332","frc6729","2018ncgre_qm63_red","qm","2018ncgre"
"frc5190","frc6565","frc4816","2018ncgre_qm63_blue","qm","2018ncgre"
"frc4561","frc6512","frc5607","2018ncgre_qm64_red","qm","2018ncgre"
"frc2059","frc3822","frc6426","2018ncgre_qm64_blue","qm","2018ncgre"
"frc6500","frc3459","frc3737","2018ncgre_qm65_red","qm","2018ncgre"
"frc3796","frc4291","frc2642","2018ncgre_qm65_blue","qm","2018ncgre"
"frc6240","frc5511","frc5762","2018ncgre_qm66_red","qm","2018ncgre"
"frc6004","frc2682","frc4828","2018ncgre_qm66_blue","qm","2018ncgre"
"frc587","frc6729","frc6565","2018ncgre_qm7_red","qm","2018ncgre"
"frc5607","frc2640","frc2059","2018ncgre_qm7_blue","qm","2018ncgre"
"frc4828","frc6215","frc5919","2018ncgre_qm8_red","qm","2018ncgre"
"frc3822","frc5511","frc4291","2018ncgre_qm8_blue","qm","2018ncgre"
"frc6332","frc2655","frc5190","2018ncgre_qm9_red","qm","2018ncgre"
"frc3459","frc6004","frc6240","2018ncgre_qm9_blue","qm","2018ncgre"
"frc5190","frc4561","frc5607","2018ncgre_sf1m1_red","sf","2018ncgre"
"frc3737","frc4828","frc6565","2018ncgre_sf1m1_blue","sf","2018ncgre"
"frc5190","frc4561","frc5607","2018ncgre_sf1m2_red","sf","2018ncgre"
"frc3737","frc4828","frc6565","2018ncgre_sf1m2_blue","sf","2018ncgre"
"frc5511","frc435","frc6729","2018ncgre_sf2m1_red","sf","2018ncgre"
"frc2642","frc2059","frc6215","2018ncgre_sf2m1_blue","sf","2018ncgre"
"frc5511","frc435","frc6729","2018ncgre_sf2m2_red","sf","2018ncgre"
"frc2642","frc2059","frc6215","2018ncgre_sf2m2_blue","sf","2018ncgre"
"frc2059","frc5190","frc587","2018ncash_f1m1_red","f","2018ncash"
"frc1533","frc4561","frc6502","2018ncash_f1m1_blue","f","2018ncash"
"frc2059","frc5190","frc587","2018ncash_f1m2_red","f","2018ncash"
"frc1533","frc4561","frc6502","2018ncash_f1m2_blue","f","2018ncash"
"frc2059","frc5190","frc587","2018ncash_f1m3_red","f","2018ncash"
"frc1533","frc4561","frc6502","2018ncash_f1m3_blue","f","2018ncash"
"frc2059","frc5190","frc587","2018ncash_qf1m1_red","qf","2018ncash"
"frc4935","frc6888","frc4828","2018ncash_qf1m1_blue","qf","2018ncash"
"frc2059","frc5190","frc587","2018ncash_qf1m2_red","qf","2018ncash"
"frc4935","frc6888","frc4828","2018ncash_qf1m2_blue","qf","2018ncash"
"frc3196","frc1261","frc5511","2018ncash_qf2m1_red","qf","2018ncash"
"frc3229","frc3661","frc5919","2018ncash_qf2m1_blue","qf","2018ncash"
"frc3196","frc1261","frc5511","2018ncash_qf2m2_red","qf","2018ncash"
"frc3229","frc3661","frc5919","2018ncash_qf2m2_blue","qf","2018ncash"
"frc1533","frc4561","frc6502","2018ncash_qf3m1_red","qf","2018ncash"
"frc6932","frc6899","frc5854","2018ncash_qf3m1_blue","qf","2018ncash"
"frc1533","frc4561","frc6502","2018ncash_qf3m2_red","qf","2018ncash"
"frc6932","frc6899","frc5854","2018ncash_qf3m2_blue","qf","2018ncash"
"frc5544","frc6908","frc6003","2018ncash_qf4m1_red","qf","2018ncash"
"frc7265","frc5679","frc1225","2018ncash_qf4m1_blue","qf","2018ncash"
"frc5544","frc6908","frc6003","2018ncash_qf4m2_red","qf","2018ncash"
"frc7265","frc5679","frc1225","2018ncash_qf4m2_blue","qf","2018ncash"
"frc5190","frc3196","frc6639","2018ncash_qm1_red","qm","2018ncash"
"frc5854","frc5511","frc6932","2018ncash_qm1_blue","qm","2018ncash"
"frc1533","frc6888","frc6932","2018ncash_qm10_red","qm","2018ncash"
"frc6899","frc3661","frc6908","2018ncash_qm10_blue","qm","2018ncash"
"frc5679","frc2059","frc3196","2018ncash_qm11_red","qm","2018ncash"
"frc4828","frc4935","frc5544","2018ncash_qm11_blue","qm","2018ncash"
"frc3229","frc7270","frc3680","2018ncash_qm12_red","qm","2018ncash"
"frc6899","frc5190","frc4561","2018ncash_qm12_blue","qm","2018ncash"
"frc6932","frc6214","frc4828","2018ncash_qm13_red","qm","2018ncash"
"frc6908","frc5727","frc6502","2018ncash_qm13_blue","qm","2018ncash"
"frc6003","frc2059","frc6332","2018ncash_qm14_red","qm","2018ncash"
"frc6639","frc1261","frc5854","2018ncash_qm14_blue","qm","2018ncash"
"frc4935","frc3845","frc1225","2018ncash_qm15_red","qm","2018ncash"
"frc4767","frc3196","frc6888","2018ncash_qm15_blue","qm","2018ncash"
"frc587","frc3661","frc7265","2018ncash_qm16_red","qm","2018ncash"
"frc5919","frc1533","frc5511","2018ncash_qm16_blue","qm","2018ncash"
"frc1261","frc6899","frc6332","2018ncash_qm17_red","qm","2018ncash"
"frc5190","frc3229","frc6502","2018ncash_qm17_blue","qm","2018ncash"
"frc7265","frc5544","frc5511","2018ncash_qm18_red","qm","2018ncash"
"frc1225","frc4828","frc7270","2018ncash_qm18_blue","qm","2018ncash"
"frc2059","frc4767","frc5919","2018ncash_qm19_red","qm","2018ncash"
"frc6908","frc6639","frc4561","2018ncash_qm19_blue","qm","2018ncash"
"frc5727","frc6332","frc6888","2018ncash_qm2_red","qm","2018ncash"
"frc3229","frc2059","frc5679","2018ncash_qm2_blue","qm","2018ncash"
"frc6888","frc5854","frc4935","2018ncash_qm20_red","qm","2018ncash"
"frc5727","frc3845","frc587","2018ncash_qm20_blue","qm","2018ncash"
"frc1533","frc6003","frc6214","2018ncash_qm21_red","qm","2018ncash"
"frc5679","frc6932","frc3680","2018ncash_qm21_blue","qm","2018ncash"
"frc6502","frc3196","frc3845","2018ncash_qm22_red","qm","2018ncash"
"frc3229","frc5544","frc3661","2018ncash_qm22_blue","qm","2018ncash"
"frc3680","frc1225","frc5511","2018ncash_qm23_red","qm","2018ncash"
"frc7270","frc1261","frc2059","2018ncash_qm23_blue","qm","2018ncash"
"frc3661","frc5919","frc3196","2018ncash_qm24_red","qm","2018ncash"
"frc6332","frc1533","frc4561","2018ncash_qm24_blue","qm","2018ncash"
"frc6899","frc587","frc6639","2018ncash_qm25_red","qm","2018ncash"
"frc6932","frc4828","frc6908","2018ncash_qm25_blue","qm","2018ncash"
"frc5854","frc6214","frc5679","2018ncash_qm26_red","qm","2018ncash"
"frc5190","frc7265","frc4935","2018ncash_qm26_blue","qm","2018ncash"
"frc4767","frc5727","frc4828","2018ncash_qm27_red","qm","2018ncash"
"frc6003","frc587","frc6888","2018ncash_qm27_blue","qm","2018ncash"
"frc6214","frc5190","frc1261","2018ncash_qm28_red","qm","2018ncash"
"frc4561","frc5919","frc3845","2018ncash_qm28_blue","qm","2018ncash"
"frc2059","frc6502","frc3661","2018ncash_qm29_red","qm","2018ncash"
"frc4767","frc4935","frc6932","2018ncash_qm29_blue","qm","2018ncash"
"frc6899","frc4561","frc4828","2018ncash_qm3_red","qm","2018ncash"
"frc6214","frc4767","frc1225","2018ncash_qm3_blue","qm","2018ncash"
"frc1225","frc5679","frc7265","2018ncash_qm30_red","qm","2018ncash"
"frc6332","frc6908","frc3680","2018ncash_qm30_blue","qm","2018ncash"
"frc6003","frc5511","frc6639","2018ncash_qm31_red","qm","2018ncash"
"frc3196","frc6899","frc3229","2018ncash_qm31_blue","qm","2018ncash"
"frc6888","frc7270","frc5727","2018ncash_qm32_red","qm","2018ncash"
"frc5854","frc1533","frc5544","2018ncash_qm32_blue","qm","2018ncash"
"frc1261","frc3229","frc6332","2018ncash_qm33_red","qm","2018ncash"
"frc5679","frc6908","frc3661","2018ncash_qm33_blue","qm","2018ncash"
"frc3196","frc4828","frc587","2018ncash_qm34_red","qm","2018ncash"
"frc6932","frc1225","frc2059","2018ncash_qm34_blue","qm","2018ncash"
"frc4561","frc4935","frc6003","2018ncash_qm35_red","qm","2018ncash"
"frc5854","frc7265","frc3845","2018ncash_qm35_blue","qm","2018ncash"
"frc7270","frc6502","frc6639","2018ncash_qm36_red","qm","2018ncash"
"frc6214","frc3680","frc5727","2018ncash_qm36_blue","qm","2018ncash"
"frc1533","frc6899","frc4767","2018ncash_qm37_red","qm","2018ncash"
"frc6888","frc5190","frc5544","2018ncash_qm37_blue","qm","2018ncash"
"frc5511","frc3229","frc4935","2018ncash_qm38_red","qm","2018ncash"
"frc5919","frc3680","frc6003","2018ncash_qm38_blue","qm","2018ncash"
"frc3845","frc6932","frc6899","2018ncash_qm39_red","qm","2018ncash"
"frc6639","frc3661","frc5727","2018ncash_qm39_blue","qm","2018ncash"
"frc5919","frc6502","frc4935","2018ncash_qm4_red","qm","2018ncash"
"frc3845","frc3661","frc7270","2018ncash_qm4_blue","qm","2018ncash"
"frc6888","frc4561","frc2059","2018ncash_qm40_red","qm","2018ncash"
"frc6502","frc6214","frc5511","2018ncash_qm40_blue","qm","2018ncash"
"frc7270","frc5544","frc5854","2018ncash_qm41_red","qm","2018ncash"
"frc5919","frc4828","frc1261","2018ncash_qm41_blue","qm","2018ncash"
"frc4767","frc5679","frc5190","2018ncash_qm42_red","qm","2018ncash"
"frc3196","frc1225","frc1533","2018ncash_qm42_blue","qm","2018ncash"
"frc6908","frc7265","frc6214","2018ncash_qm43_red","qm","2018ncash"
"frc587","frc6332","frc6502","2018ncash_qm43_blue","qm","2018ncash"
"frc6639","frc3845","frc1533","2018ncash_qm44_red","qm","2018ncash"
"frc5511","frc6888","frc1261","2018ncash_qm44_blue","qm","2018ncash"
"frc1225","frc6908","frc3229","2018ncash_qm45_red","qm","2018ncash"
"frc4935","frc3680","frc3196","2018ncash_qm45_blue","qm","2018ncash"
"frc4561","frc6932","frc5727","2018ncash_qm46_red","qm","2018ncash"
"frc5544","frc587","frc4767","2018ncash_qm46_blue","qm","2018ncash"
"frc4828","frc5854","frc3661","2018ncash_qm47_red","qm","2018ncash"
"frc7270","frc6003","frc5679","2018ncash_qm47_blue","qm","2018ncash"
"frc5190","frc6332","frc5919","2018ncash_qm48_red","qm","2018ncash"
"frc7265","frc6899","frc2059","2018ncash_qm48_blue","qm","2018ncash"
"frc4561","frc3680","frc5854","2018ncash_qm49_red","qm","2018ncash"
"frc4828","frc6502","frc1533","2018ncash_qm49_blue","qm","2018ncash"
"frc6003","frc5544","frc6908","2018ncash_qm5_red","qm","2018ncash"
"frc1533","frc7265","frc3680","2018ncash_qm5_blue","qm","2018ncash"
"frc3661","frc5190","frc1225","2018ncash_qm50_red","qm","2018ncash"
"frc2059","frc6639","frc6214","2018ncash_qm50_blue","qm","2018ncash"
"frc5511","frc4767","frc7270","2018ncash_qm51_red","qm","2018ncash"
"frc7265","frc5679","frc6888","2018ncash_qm51_blue","qm","2018ncash"
"frc587","frc1261","frc6003","2018ncash_qm52_red","qm","2018ncash"
"frc4935","frc5919","frc6899","2018ncash_qm52_blue","qm","2018ncash"
"frc3845","frc6908","frc3229","2018ncash_qm53_red","qm","2018ncash"
"frc3196","frc6332","frc5544","2018ncash_qm53_blue","qm","2018ncash"
"frc6932","frc5919","frc7265","2018ncash_qm54_red","qm","2018ncash"
"frc5727","frc6003","frc6899","2018ncash_qm54_blue","qm","2018ncash"
"frc3845","frc2059","frc5679","2018ncash_qm55_red","qm","2018ncash"
"frc3680","frc6888","frc4828","2018ncash_qm55_blue","qm","2018ncash"
"frc1261","frc7270","frc3196","2018ncash_qm56_red","qm","2018ncash"
"frc5854","frc4767","frc6332","2018ncash_qm56_blue","qm","2018ncash"
"frc3661","frc1533","frc587","2018ncash_qm57_red","qm","2018ncash"
"frc5544","frc1225","frc6502","2018ncash_qm57_blue","qm","2018ncash"
"frc5511","frc4561","frc6908","2018ncash_qm58_red","qm","2018ncash"
"frc6639","frc5727","frc5190","2018ncash_qm58_blue","qm","2018ncash"
"frc4935","frc6932","frc587","2018ncash_qm59_red","qm","2018ncash"
"frc6214","frc3229","frc1533","2018ncash_qm59_blue","qm","2018ncash"
"frc1261","frc5679","frc4561","2018ncash_qm6_red","qm","2018ncash"
"frc587","frc6214","frc7270","2018ncash_qm6_blue","qm","2018ncash"
"frc4828","frc3845","frc6003","2018ncash_qm60_red","qm","2018ncash"
"frc2059","frc5511","frc5190","2018ncash_qm60_blue","qm","2018ncash"
"frc7265","frc5727","frc3229","2018ncash_qm61_red","qm","2018ncash"
"frc3661","frc4561","frc4767","2018ncash_qm61_blue","qm","2018ncash"
"frc5544","frc3680","frc6899","2018ncash_qm62_red","qm","2018ncash"
"frc6908","frc3196","frc5854","2018ncash_qm62_blue","qm","2018ncash"
"frc6502","frc6639","frc6932","2018ncash_qm63_red","qm","2018ncash"
"frc5679","frc7270","frc5919","2018ncash_qm63_blue","qm","2018ncash"
"frc6332","frc6888","frc1225","2018ncash_qm64_red","qm","2018ncash"
"frc1261","frc4935","frc6214","2018ncash_qm64_blue","qm","2018ncash"
"frc3229","frc5854","frc5919","2018ncash_qm7_red","qm","2018ncash"
"frc1225","frc6639","frc4767","2018ncash_qm7_blue","qm","2018ncash"
"frc5544","frc1261","frc5727","2018ncash_qm8_red","qm","2018ncash"
"frc6502","frc6003","frc7265","2018ncash_qm8_blue","qm","2018ncash"
"frc3680","frc587","frc5190","2018ncash_qm9_red","qm","2018ncash"
"frc6332","frc5511","frc3845","2018ncash_qm9_blue","qm","2018ncash"
"frc2059","frc5190","frc587","2018ncash_sf1m1_red","sf","2018ncash"
"frc3196","frc1261","frc5511","2018ncash_sf1m1_blue","sf","2018ncash"
"frc2059","frc5190","frc587","2018ncash_sf1m2_red","sf","2018ncash"
"frc3196","frc1261","frc5511","2018ncash_sf1m2_blue","sf","2018ncash"
"frc1533","frc4561","frc6502","2018ncash_sf2m1_red","sf","2018ncash"
"frc5544","frc6908","frc6003","2018ncash_sf2m1_blue","sf","2018ncash"
"frc1533","frc4561","frc6502","2018ncash_sf2m2_red","sf","2018ncash"
"frc5544","frc6908","frc6003","2018ncash_sf2m2_blue","sf","2018ncash"
"frc2059","frc2642","frc6729","2018ncpem_f1m1_red","f","2018ncpem"
"frc3459","frc2682","frc6512","2018ncpem_f1m1_blue","f","2018ncpem"
"frc2059","frc2642","frc6729","2018ncpem_f1m2_red","f","2018ncpem"
"frc3459","frc2682","frc6512","2018ncpem_f1m2_blue","f","2018ncpem"
"frc2059","frc2642","frc6729","2018ncpem_qf1m1_red","qf","2018ncpem"
"frc5854","frc3229","frc6565","2018ncpem_qf1m1_blue","qf","2018ncpem"
"frc2059","frc2642","frc6729","2018ncpem_qf1m2_red","qf","2018ncpem"
"frc5854","frc3229","frc6565","2018ncpem_qf1m2_blue","qf","2018ncpem"
"frc3506","frc4795","frc6003","2018ncpem_qf2m1_red","qf","2018ncpem"
"frc4290","frc5160","frc6500","2018ncpem_qf2m1_blue","qf","2018ncpem"
"frc3506","frc4795","frc6003","2018ncpem_qf2m2_red","qf","2018ncpem"
"frc4290","frc5160","frc6500","2018ncpem_qf2m2_blue","qf","2018ncpem"
"frc6908","frc4935","frc3796","2018ncpem_qf3m1_red","qf","2018ncpem"
"frc900","frc5518","frc5544","2018ncpem_qf3m1_blue","qf","2018ncpem"
"frc6908","frc4935","frc3796","2018ncpem_qf3m2_red","qf","2018ncpem"
"frc900","frc5518","frc5544","2018ncpem_qf3m2_blue","qf","2018ncpem"
"frc6908","frc4935","frc3796","2018ncpem_qf3m3_red","qf","2018ncpem"
"frc900","frc5518","frc5544","2018ncpem_qf3m3_blue","qf","2018ncpem"
"frc3459","frc2682","frc6512","2018ncpem_qf4m1_red","qf","2018ncpem"
"frc3196","frc2655","frc6894","2018ncpem_qf4m1_blue","qf","2018ncpem"
"frc3459","frc2682","frc6512","2018ncpem_qf4m2_red","qf","2018ncpem"
"frc3196","frc2655","frc6894","2018ncpem_qf4m2_blue","qf","2018ncpem"
"frc3459","frc2682","frc6512","2018ncpem_qf4m3_red","qf","2018ncpem"
"frc3196","frc2655","frc6894","2018ncpem_qf4m3_blue","qf","2018ncpem"
"frc3336","frc5518","frc2682","2018ncpem_qm1_red","qm","2018ncpem"
"frc3661","frc900","frc6908","2018ncpem_qm1_blue","qm","2018ncpem"
"frc2655","frc6899","frc4829","2018ncpem_qm10_red","qm","2018ncpem"
"frc3506","frc6003","frc6004","2018ncpem_qm10_blue","qm","2018ncpem"
"frc6729","frc2059","frc3196","2018ncpem_qm11_red","qm","2018ncpem"
"frc3796","frc3822","frc7029","2018ncpem_qm11_blue","qm","2018ncpem"
"frc4534","frc2682","frc3661","2018ncpem_qm12_red","qm","2018ncpem"
"frc4290","frc5160","frc6240","2018ncpem_qm12_blue","qm","2018ncpem"
"frc6565","frc3336","frc6004","2018ncpem_qm13_red","qm","2018ncpem"
"frc2642","frc4795","frc5518","2018ncpem_qm13_blue","qm","2018ncpem"
"frc5854","frc6899","frc3459","2018ncpem_qm14_red","qm","2018ncpem"
"frc7029","frc6908","frc3402","2018ncpem_qm14_blue","qm","2018ncpem"
"frc3822","frc2655","frc7265","2018ncpem_qm15_red","qm","2018ncpem"
"frc5160","frc5544","frc2059","2018ncpem_qm15_blue","qm","2018ncpem"
"frc3229","frc4795","frc4935","2018ncpem_qm16_red","qm","2018ncpem"
"frc4829","frc7270","frc3661","2018ncpem_qm16_blue","qm","2018ncpem"
"frc900","frc3796","frc6729","2018ncpem_qm17_red","qm","2018ncpem"
"frc4290","frc6003","frc6565","2018ncpem_qm17_blue","qm","2018ncpem"
"frc2682","frc6894","frc3506","2018ncpem_qm18_red","qm","2018ncpem"
"frc6512","frc4534","frc6214","2018ncpem_qm18_blue","qm","2018ncpem"
"frc6500","frc3196","frc2655","2018ncpem_qm19_red","qm","2018ncpem"
"frc6240","frc3229","frc3336","2018ncpem_qm19_blue","qm","2018ncpem"
"frc6003","frc5160","frc4935","2018ncpem_qm2_red","qm","2018ncpem"
"frc6899","frc4795","frc6240","2018ncpem_qm2_blue","qm","2018ncpem"
"frc7029","frc3459","frc5160","2018ncpem_qm20_red","qm","2018ncpem"
"frc5544","frc4290","frc900","2018ncpem_qm20_blue","qm","2018ncpem"
"frc6908","frc4829","frc6565","2018ncpem_qm21_red","qm","2018ncpem"
"frc4935","frc3822","frc6004","2018ncpem_qm21_blue","qm","2018ncpem"
"frc3661","frc3402","frc7265","2018ncpem_qm22_red","qm","2018ncpem"
"frc6729","frc3506","frc5518","2018ncpem_qm22_blue","qm","2018ncpem"
"frc6240","frc3196","frc2682","2018ncpem_qm23_red","qm","2018ncpem"
"frc7270","frc2059","frc6214","2018ncpem_qm23_blue","qm","2018ncpem"
"frc4534","frc2642","frc6899","2018ncpem_qm24_red","qm","2018ncpem"
"frc6512","frc4795","frc3796","2018ncpem_qm24_blue","qm","2018ncpem"
"frc5854","frc6500","frc5544","2018ncpem_qm25_red","qm","2018ncpem"
"frc6894","frc6003","frc4829","2018ncpem_qm25_blue","qm","2018ncpem"
"frc7270","frc6565","frc3196","2018ncpem_qm26_red","qm","2018ncpem"
"frc6908","frc3506","frc5160","2018ncpem_qm26_blue","qm","2018ncpem"
"frc3336","frc4935","frc6729","2018ncpem_qm27_red","qm","2018ncpem"
"frc6214","frc6004","frc3459","2018ncpem_qm27_blue","qm","2018ncpem"
"frc2682","frc4290","frc6512","2018ncpem_qm28_red","qm","2018ncpem"
"frc4534","frc6500","frc3822","2018ncpem_qm28_blue","qm","2018ncpem"
"frc2059","frc3229","frc900","2018ncpem_qm29_red","qm","2018ncpem"
"frc4795","frc3402","frc6894","2018ncpem_qm29_blue","qm","2018ncpem"
"frc7270","frc2642","frc3506","2018ncpem_qm3_red","qm","2018ncpem"
"frc7029","frc6729","frc6214","2018ncpem_qm3_blue","qm","2018ncpem"
"frc6003","frc3661","frc6899","2018ncpem_qm30_red","qm","2018ncpem"
"frc7029","frc7265","frc2642","2018ncpem_qm30_blue","qm","2018ncpem"
"frc3796","frc6240","frc6908","2018ncpem_qm31_red","qm","2018ncpem"
"frc5518","frc5854","frc2655","2018ncpem_qm31_blue","qm","2018ncpem"
"frc6512","frc3336","frc4829","2018ncpem_qm32_red","qm","2018ncpem"
"frc6729","frc5160","frc6565","2018ncpem_qm32_blue","qm","2018ncpem"
"frc6214","frc6500","frc7265","2018ncpem_qm33_red","qm","2018ncpem"
"frc3661","frc2059","frc6004","2018ncpem_qm33_blue","qm","2018ncpem"
"frc5518","frc4290","frc7029","2018ncpem_qm34_red","qm","2018ncpem"
"frc6003","frc3229","frc7270","2018ncpem_qm34_blue","qm","2018ncpem"
"frc2642","frc900","frc3822","2018ncpem_qm35_red","qm","2018ncpem"
"frc6899","frc6894","frc3796","2018ncpem_qm35_blue","qm","2018ncpem"
"frc4795","frc3459","frc2682","2018ncpem_qm36_red","qm","2018ncpem"
"frc3506","frc6240","frc2655","2018ncpem_qm36_blue","qm","2018ncpem"
"frc5544","frc4534","frc4935","2018ncpem_qm37_red","qm","2018ncpem"
"frc3196","frc5854","frc3402","2018ncpem_qm37_blue","qm","2018ncpem"
"frc3822","frc3661","frc3336","2018ncpem_qm38_red","qm","2018ncpem"
"frc6500","frc7029","frc6899","2018ncpem_qm38_blue","qm","2018ncpem"
"frc6214","frc6565","frc3229","2018ncpem_qm39_red","qm","2018ncpem"
"frc6894","frc6908","frc4290","2018ncpem_qm39_blue","qm","2018ncpem"
"frc6894","frc3196","frc5544","2018ncpem_qm4_red","qm","2018ncpem"
"frc3229","frc6004","frc5854","2018ncpem_qm4_blue","qm","2018ncpem"
"frc6004","frc6240","frc900","2018ncpem_qm40_red","qm","2018ncpem"
"frc5160","frc7265","frc6512","2018ncpem_qm40_blue","qm","2018ncpem"
"frc4829","frc5544","frc3506","2018ncpem_qm41_red","qm","2018ncpem"
"frc3796","frc4935","frc5518","2018ncpem_qm41_blue","qm","2018ncpem"
"frc3196","frc2642","frc3459","2018ncpem_qm42_red","qm","2018ncpem"
"frc5854","frc2682","frc2059","2018ncpem_qm42_blue","qm","2018ncpem"
"frc2655","frc6003","frc4795","2018ncpem_qm43_red","qm","2018ncpem"
"frc6729","frc4534","frc7270","2018ncpem_qm43_blue","qm","2018ncpem"
"frc3402","frc3822","frc6240","2018ncpem_qm44_red","qm","2018ncpem"
"frc3506","frc3336","frc4290","2018ncpem_qm44_blue","qm","2018ncpem"
"frc6500","frc6894","frc3661","2018ncpem_qm45_red","qm","2018ncpem"
"frc3196","frc6004","frc6899","2018ncpem_qm45_blue","qm","2018ncpem"
"frc2655","frc6512","frc7029","2018ncpem_qm46_red","qm","2018ncpem"
"frc5518","frc6214","frc6003","2018ncpem_qm46_blue","qm","2018ncpem"
"frc5854","frc7265","frc4795","2018ncpem_qm47_red","qm","2018ncpem"
"frc2682","frc6729","frc6908","2018ncpem_qm47_blue","qm","2018ncpem"
"frc3402","frc3229","frc5160","2018ncpem_qm48_red","qm","2018ncpem"
"frc4829","frc3796","frc2642","2018ncpem_qm48_blue","qm","2018ncpem"
"frc3459","frc7270","frc5544","2018ncpem_qm49_red","qm","2018ncpem"
"frc4534","frc900","frc6565","2018ncpem_qm49_blue","qm","2018ncpem"
"frc4290","frc3402","frc2059","2018ncpem_qm5_red","qm","2018ncpem"
"frc6565","frc6512","frc6500","2018ncpem_qm5_blue","qm","2018ncpem"
"frc4935","frc6512","frc6908","2018ncpem_qm50_red","qm","2018ncpem"
"frc2059","frc6240","frc6003","2018ncpem_qm50_blue","qm","2018ncpem"
"frc7265","frc6004","frc4290","2018ncpem_qm51_red","qm","2018ncpem"
"frc3196","frc4829","frc7029","2018ncpem_qm51_blue","qm","2018ncpem"
"frc6500","frc7270","frc5518","2018ncpem_qm52_red","qm","2018ncpem"
"frc6729","frc2642","frc5854","2018ncpem_qm52_blue","qm","2018ncpem"
"frc3796","frc4534","frc3229","2018ncpem_qm53_red","qm","2018ncpem"
"frc900","frc2682","frc4935","2018ncpem_qm53_blue","qm","2018ncpem"
"frc3822","frc5160","frc4795","2018ncpem_qm54_red","qm","2018ncpem"
"frc3402","frc6214","frc3336","2018ncpem_qm54_blue","qm","2018ncpem"
"frc6565","frc6899","frc3506","2018ncpem_qm55_red","qm","2018ncpem"
"frc5544","frc2655","frc3661","2018ncpem_qm55_blue","qm","2018ncpem"
"frc6894","frc2059","frc4534","2018ncpem_qm56_red","qm","2018ncpem"
"frc3459","frc5518","frc4829","2018ncpem_qm56_blue","qm","2018ncpem"
"frc2642","frc2682","frc6003","2018ncpem_qm57_red","qm","2018ncpem"
"frc3336","frc3196","frc5160","2018ncpem_qm57_blue","qm","2018ncpem"
"frc3506","frc6214","frc5854","2018ncpem_qm58_red","qm","2018ncpem"
"frc4290","frc6899","frc3229","2018ncpem_qm58_blue","qm","2018ncpem"
"frc6004","frc3796","frc7270","2018ncpem_qm59_red","qm","2018ncpem"
"frc2059","frc3459","frc6500","2018ncpem_qm59_blue","qm","2018ncpem"
"frc3459","frc2655","frc3796","2018ncpem_qm6_red","qm","2018ncpem"
"frc7265","frc4829","frc4534","2018ncpem_qm6_blue","qm","2018ncpem"
"frc900","frc7029","frc6894","2018ncpem_qm60_red","qm","2018ncpem"
"frc4935","frc3402","frc2655","2018ncpem_qm60_blue","qm","2018ncpem"
"frc6240","frc7265","frc6729","2018ncpem_qm61_red","qm","2018ncpem"
"frc5544","frc6565","frc3822","2018ncpem_qm61_blue","qm","2018ncpem"
"frc4795","frc6908","frc7270","2018ncpem_qm62_red","qm","2018ncpem"
"frc6512","frc3661","frc3196","2018ncpem_qm62_blue","qm","2018ncpem"
"frc5160","frc5854","frc900","2018ncpem_qm63_red","qm","2018ncpem"
"frc4935","frc3506","frc6500","2018ncpem_qm63_blue","qm","2018ncpem"
"frc6004","frc7029","frc4534","2018ncpem_qm64_red","qm","2018ncpem"
"frc6240","frc6565","frc2642","2018ncpem_qm64_blue","qm","2018ncpem"
"frc3459","frc4290","frc3661","2018ncpem_qm65_red","qm","2018ncpem"
"frc6003","frc3336","frc3796","2018ncpem_qm65_blue","qm","2018ncpem"
"frc4795","frc4829","frc2059","2018ncpem_qm66_red","qm","2018ncpem"
"frc6899","frc5544","frc6512","2018ncpem_qm66_blue","qm","2018ncpem"
"frc7265","frc5518","frc6908","2018ncpem_qm67_red","qm","2018ncpem"
"frc6214","frc2655","frc6894","2018ncpem_qm67_blue","qm","2018ncpem"
"frc3402","frc6729","frc6003","2018ncpem_qm68_red","qm","2018ncpem"
"frc2682","frc3822","frc3229","2018ncpem_qm68_blue","qm","2018ncpem"
"frc5160","frc3796","frc6500","2018ncpem_qm69_red","qm","2018ncpem"
"frc6565","frc7029","frc4795","2018ncpem_qm69_blue","qm","2018ncpem"
"frc5518","frc6894","frc3822","2018ncpem_qm7_red","qm","2018ncpem"
"frc7270","frc3336","frc5854","2018ncpem_qm7_blue","qm","2018ncpem"
"frc3336","frc6908","frc4534","2018ncpem_qm70_red","qm","2018ncpem"
"frc2059","frc3506","frc7265","2018ncpem_qm70_blue","qm","2018ncpem"
"frc6004","frc5544","frc3402","2018ncpem_qm71_red","qm","2018ncpem"
"frc6899","frc7270","frc2682","2018ncpem_qm71_blue","qm","2018ncpem"
"frc2655","frc6729","frc4290","2018ncpem_qm72_red","qm","2018ncpem"
"frc2642","frc4935","frc6894","2018ncpem_qm72_blue","qm","2018ncpem"
"frc4829","frc900","frc6214","2018ncpem_qm73_red","qm","2018ncpem"
"frc3661","frc5854","frc6240","2018ncpem_qm73_blue","qm","2018ncpem"
"frc3229","frc5518","frc3196","2018ncpem_qm74_red","qm","2018ncpem"
"frc3822","frc3459","frc6512","2018ncpem_qm74_blue","qm","2018ncpem"
"frc6908","frc6214","frc5544","2018ncpem_qm8_red","qm","2018ncpem"
"frc900","frc6500","frc3402","2018ncpem_qm8_blue","qm","2018ncpem"
"frc3229","frc6512","frc2642","2018ncpem_qm9_red","qm","2018ncpem"
"frc7265","frc4935","frc3459","2018ncpem_qm9_blue","qm","2018ncpem"
"frc2059","frc2642","frc6729","2018ncpem_sf1m1_red","sf","2018ncpem"
"frc3506","frc4795","frc6003","2018ncpem_sf1m1_blue","sf","2018ncpem"
"frc2059","frc2642","frc6729","2018ncpem_sf1m2_red","sf","2018ncpem"
"frc3506","frc4795","frc6003","2018ncpem_sf1m2_blue","sf","2018ncpem"
"frc900","frc5518","frc5544","2018ncpem_sf2m1_red","sf","2018ncpem"
"frc3459","frc2682","frc6512","2018ncpem_sf2m1_blue","sf","2018ncpem"
"frc900","frc5518","frc5544","2018ncpem_sf2m2_red","sf","2018ncpem"
"frc3459","frc2682","frc6512","2018ncpem_sf2m2_blue","sf","2018ncpem"
"frc1533","frc2655","frc5762","2018ncwin_f1m1_red","f","2018ncwin"
"frc4290","frc4795","frc2640","2018ncwin_f1m1_blue","f","2018ncwin"
"frc1533","frc2655","frc5762","2018ncwin_f1m2_red","f","2018ncwin"
"frc4290","frc4795","frc2640","2018ncwin_f1m2_blue","f","2018ncwin"
"frc1533","frc2655","frc5762","2018ncwin_qf1m1_red","qf","2018ncwin"
"frc5727","frc6932","frc4291","2018ncwin_qf1m1_blue","qf","2018ncwin"
"frc1533","frc2655","frc5762","2018ncwin_qf1m2_red","qf","2018ncwin"
"frc5727","frc6932","frc4291","2018ncwin_qf1m2_blue","qf","2018ncwin"
"frc900","frc6215","frc7029","2018ncwin_qf2m1_red","qf","2018ncwin"
"frc3680","frc4534","frc5160","2018ncwin_qf2m1_blue","qf","2018ncwin"
"frc900","frc6215","frc7029","2018ncwin_qf2m2_red","qf","2018ncwin"
"frc3680","frc4534","frc5160","2018ncwin_qf2m2_blue","qf","2018ncwin"
"frc4290","frc4795","frc2640","2018ncwin_qf3m1_red","qf","2018ncwin"
"frc1225","frc435","frc6888","2018ncwin_qf3m1_blue","qf","2018ncwin"
"frc4290","frc4795","frc2640","2018ncwin_qf3m2_red","qf","2018ncwin"
"frc1225","frc435","frc6888","2018ncwin_qf3m2_blue","qf","2018ncwin"
"frc3506","frc6502","frc3402","2018ncwin_qf4m1_red","qf","2018ncwin"
"frc4829","frc3737","frc5607","2018ncwin_qf4m1_blue","qf","2018ncwin"
"frc3506","frc6502","frc3402","2018ncwin_qf4m2_red","qf","2018ncwin"
"frc4829","frc3737","frc5607","2018ncwin_qf4m2_blue","qf","2018ncwin"
"frc3215","frc7029","frc6888","2018ncwin_qm1_red","qm","2018ncwin"
"frc2655","frc900","frc6215","2018ncwin_qm1_blue","qm","2018ncwin"
"frc6639","frc3402","frc4290","2018ncwin_qm10_red","qm","2018ncwin"
"frc4291","frc6894","frc4829","2018ncwin_qm10_blue","qm","2018ncwin"
"frc6426","frc435","frc3845","2018ncwin_qm11_red","qm","2018ncwin"
"frc2655","frc6932","frc3215","2018ncwin_qm11_blue","qm","2018ncwin"
"frc5160","frc4290","frc6502","2018ncwin_qm12_red","qm","2018ncwin"
"frc7029","frc6215","frc3737","2018ncwin_qm12_blue","qm","2018ncwin"
"frc3215","frc6639","frc5679","2018ncwin_qm13_red","qm","2018ncwin"
"frc5762","frc4829","frc6888","2018ncwin_qm13_blue","qm","2018ncwin"
"frc2640","frc4534","frc4767","2018ncwin_qm14_red","qm","2018ncwin"
"frc435","frc4291","frc2655","2018ncwin_qm14_blue","qm","2018ncwin"
"frc4795","frc1225","frc900","2018ncwin_qm15_red","qm","2018ncwin"
"frc6894","frc5727","frc6426","2018ncwin_qm15_blue","qm","2018ncwin"
"frc3680","frc3402","frc3506","2018ncwin_qm16_red","qm","2018ncwin"
"frc5607","frc1533","frc4816","2018ncwin_qm16_blue","qm","2018ncwin"
"frc7029","frc6894","frc900","2018ncwin_qm17_red","qm","2018ncwin"
"frc6502","frc6932","frc4795","2018ncwin_qm17_blue","qm","2018ncwin"
"frc3402","frc435","frc4534","2018ncwin_qm18_red","qm","2018ncwin"
"frc6426","frc5607","frc5160","2018ncwin_qm18_blue","qm","2018ncwin"
"frc6215","frc4829","frc3680","2018ncwin_qm19_red","qm","2018ncwin"
"frc1225","frc6888","frc3845","2018ncwin_qm19_blue","qm","2018ncwin"
"frc1225","frc3737","frc4534","2018ncwin_qm2_red","qm","2018ncwin"
"frc5679","frc3506","frc4290","2018ncwin_qm2_blue","qm","2018ncwin"
"frc3506","frc4291","frc5727","2018ncwin_qm20_red","qm","2018ncwin"
"frc3737","frc4816","frc5679","2018ncwin_qm20_blue","qm","2018ncwin"
"frc2640","frc6639","frc1533","2018ncwin_qm21_red","qm","2018ncwin"
"frc5762","frc4290","frc2655","2018ncwin_qm21_blue","qm","2018ncwin"
"frc3215","frc900","frc4291","2018ncwin_qm22_red","qm","2018ncwin"
"frc4767","frc3680","frc5160","2018ncwin_qm22_blue","qm","2018ncwin"
"frc4534","frc6932","frc1533","2018ncwin_qm23_red","qm","2018ncwin"
"frc3737","frc3845","frc4829","2018ncwin_qm23_blue","qm","2018ncwin"
"frc4816","frc6894","frc4767","2018ncwin_qm24_red","qm","2018ncwin"
"frc6888","frc435","frc4290","2018ncwin_qm24_blue","qm","2018ncwin"
"frc7029","frc5607","frc2640","2018ncwin_qm25_red","qm","2018ncwin"
"frc3215","frc6426","frc4795","2018ncwin_qm25_blue","qm","2018ncwin"
"frc1225","frc6215","frc6639","2018ncwin_qm26_red","qm","2018ncwin"
"frc5679","frc5762","frc3402","2018ncwin_qm26_blue","qm","2018ncwin"
"frc1533","frc5727","frc2655","2018ncwin_qm27_red","qm","2018ncwin"
"frc3506","frc6888","frc6502","2018ncwin_qm27_blue","qm","2018ncwin"
"frc4816","frc4290","frc1225","2018ncwin_qm28_red","qm","2018ncwin"
"frc6894","frc3737","frc3215","2018ncwin_qm28_blue","qm","2018ncwin"
"frc4829","frc2655","frc5160","2018ncwin_qm29_red","qm","2018ncwin"
"frc900","frc4767","frc3506","2018ncwin_qm29_blue","qm","2018ncwin"
"frc4829","frc5607","frc5727","2018ncwin_qm3_red","qm","2018ncwin"
"frc1533","frc5160","frc435","2018ncwin_qm3_blue","qm","2018ncwin"
"frc6639","frc4534","frc5607","2018ncwin_qm30_red","qm","2018ncwin"
"frc5679","frc5727","frc7029","2018ncwin_qm30_blue","qm","2018ncwin"
"frc6426","frc6502","frc5762","2018ncwin_qm31_red","qm","2018ncwin"
"frc435","frc4795","frc3680","2018ncwin_qm31_blue","qm","2018ncwin"
"frc6932","frc6215","frc3845","2018ncwin_qm32_red","qm","2018ncwin"
"frc4291","frc2640","frc3402","2018ncwin_qm32_blue","qm","2018ncwin"
"frc4290","frc3680","frc1533","2018ncwin_qm33_red","qm","2018ncwin"
"frc4534","frc2655","frc4795","2018ncwin_qm33_blue","qm","2018ncwin"
"frc6426","frc4291","frc6215","2018ncwin_qm34_red","qm","2018ncwin"
"frc4767","frc5727","frc6639","2018ncwin_qm34_blue","qm","2018ncwin"
"frc1225","frc3402","frc4829","2018ncwin_qm35_red","qm","2018ncwin"
"frc900","frc2640","frc4816","2018ncwin_qm35_blue","qm","2018ncwin"
"frc3737","frc3506","frc6932","2018ncwin_qm36_red","qm","2018ncwin"
"frc5160","frc3215","frc5762","2018ncwin_qm36_blue","qm","2018ncwin"
"frc6894","frc3845","frc5679","2018ncwin_qm37_red","qm","2018ncwin"
"frc435","frc6502","frc7029","2018ncwin_qm37_blue","qm","2018ncwin"
"frc6888","frc3680","frc900","2018ncwin_qm38_red","qm","2018ncwin"
"frc5607","frc5762","frc3737","2018ncwin_qm38_blue","qm","2018ncwin"
"frc4767","frc1533","frc3215","2018ncwin_qm39_red","qm","2018ncwin"
"frc5679","frc435","frc1225","2018ncwin_qm39_blue","qm","2018ncwin"
"frc6639","frc5762","frc6932","2018ncwin_qm4_red","qm","2018ncwin"
"frc3402","frc6502","frc4767","2018ncwin_qm4_blue","qm","2018ncwin"
"frc3845","frc7029","frc2655","2018ncwin_qm40_red","qm","2018ncwin"
"frc6215","frc4816","frc5160","2018ncwin_qm40_blue","qm","2018ncwin"
"frc6888","frc4534","frc6894","2018ncwin_qm41_red","qm","2018ncwin"
"frc4829","frc3506","frc2640","2018ncwin_qm41_blue","qm","2018ncwin"
"frc4290","frc4795","frc5607","2018ncwin_qm42_red","qm","2018ncwin"
"frc6502","frc6639","frc4291","2018ncwin_qm42_blue","qm","2018ncwin"
"frc3402","frc6426","frc3737","2018ncwin_qm43_red","qm","2018ncwin"
"frc5727","frc6932","frc3680","2018ncwin_qm43_blue","qm","2018ncwin"
"frc5607","frc2655","frc6502","2018ncwin_qm44_red","qm","2018ncwin"
"frc5762","frc4767","frc1225","2018ncwin_qm44_blue","qm","2018ncwin"
"frc5160","frc900","frc6639","2018ncwin_qm45_red","qm","2018ncwin"
"frc3402","frc1533","frc6888","2018ncwin_qm45_blue","qm","2018ncwin"
"frc435","frc6894","frc3506","2018ncwin_qm46_red","qm","2018ncwin"
"frc5727","frc3215","frc3845","2018ncwin_qm46_blue","qm","2018ncwin"
"frc4795","frc4291","frc4816","2018ncwin_qm47_red","qm","2018ncwin"
"frc4534","frc5679","frc6215","2018ncwin_qm47_blue","qm","2018ncwin"
"frc4829","frc4290","frc7029","2018ncwin_qm48_red","qm","2018ncwin"
"frc6932","frc2640","frc6426","2018ncwin_qm48_blue","qm","2018ncwin"
"frc5727","frc5160","frc1225","2018ncwin_qm49_red","qm","2018ncwin"
"frc3680","frc4534","frc4291","2018ncwin_qm49_blue","qm","2018ncwin"
"frc4795","frc2640","frc6894","2018ncwin_qm5_red","qm","2018ncwin"
"frc3845","frc3680","frc4816","2018ncwin_qm5_blue","qm","2018ncwin"
"frc2655","frc6888","frc5679","2018ncwin_qm50_red","qm","2018ncwin"
"frc6932","frc5607","frc6894","2018ncwin_qm50_blue","qm","2018ncwin"
"frc6215","frc3215","frc2640","2018ncwin_qm51_red","qm","2018ncwin"
"frc1533","frc4829","frc6502","2018ncwin_qm51_blue","qm","2018ncwin"
"frc4767","frc3737","frc435","2018ncwin_qm52_red","qm","2018ncwin"
"frc6639","frc4795","frc7029","2018ncwin_qm52_blue","qm","2018ncwin"
"frc3845","frc3506","frc5762","2018ncwin_qm53_red","qm","2018ncwin"
"frc4290","frc6426","frc900","2018ncwin_qm53_blue","qm","2018ncwin"
"frc4816","frc6502","frc3215","2018ncwin_qm54_red","qm","2018ncwin"
"frc3402","frc6215","frc5607","2018ncwin_qm54_blue","qm","2018ncwin"
"frc6932","frc7029","frc4767","2018ncwin_qm55_red","qm","2018ncwin"
"frc3506","frc1225","frc1533","2018ncwin_qm55_blue","qm","2018ncwin"
"frc2655","frc4816","frc6426","2018ncwin_qm56_red","qm","2018ncwin"
"frc3680","frc6894","frc6639","2018ncwin_qm56_blue","qm","2018ncwin"
"frc2640","frc5762","frc435","2018ncwin_qm57_red","qm","2018ncwin"
"frc4290","frc4534","frc5727","2018ncwin_qm57_blue","qm","2018ncwin"
"frc6888","frc3737","frc4795","2018ncwin_qm58_red","qm","2018ncwin"
"frc3845","frc5160","frc3402","2018ncwin_qm58_blue","qm","2018ncwin"
"frc4291","frc5679","frc5607","2018ncwin_qm59_red","qm","2018ncwin"
"frc900","frc4829","frc435","2018ncwin_qm59_blue","qm","2018ncwin"
"frc4291","frc5160","frc3737","2018ncwin_qm6_red","qm","2018ncwin"
"frc7029","frc1533","frc6426","2018ncwin_qm6_blue","qm","2018ncwin"
"frc4795","frc3402","frc5727","2018ncwin_qm60_red","qm","2018ncwin"
"frc3737","frc2655","frc2640","2018ncwin_qm60_blue","qm","2018ncwin"
"frc5762","frc7029","frc4291","2018ncwin_qm61_red","qm","2018ncwin"
"frc4534","frc3215","frc4829","2018ncwin_qm61_blue","qm","2018ncwin"
"frc3680","frc6426","frc5679","2018ncwin_qm62_red","qm","2018ncwin"
"frc6215","frc4767","frc4290","2018ncwin_qm62_blue","qm","2018ncwin"
"frc5160","frc6888","frc6932","2018ncwin_qm63_red","qm","2018ncwin"
"frc6502","frc1225","frc6894","2018ncwin_qm63_blue","qm","2018ncwin"
"frc1533","frc900","frc3845","2018ncwin_qm64_red","qm","2018ncwin"
"frc4816","frc6639","frc3506","2018ncwin_qm64_blue","qm","2018ncwin"
"frc5727","frc4816","frc5762","2018ncwin_qm7_red","qm","2018ncwin"
"frc900","frc5679","frc6932","2018ncwin_qm7_blue","qm","2018ncwin"
"frc3506","frc4795","frc6215","2018ncwin_qm8_red","qm","2018ncwin"
"frc2640","frc1225","frc3680","2018ncwin_qm8_blue","qm","2018ncwin"
"frc6502","frc3845","frc4534","2018ncwin_qm9_red","qm","2018ncwin"
"frc5607","frc4767","frc6888","2018ncwin_qm9_blue","qm","2018ncwin"
"frc1533","frc2655","frc5762","2018ncwin_sf1m1_red","sf","2018ncwin"
"frc3680","frc4534","frc5160","2018ncwin_sf1m1_blue","sf","2018ncwin"
"frc1533","frc2655","frc5762","2018ncwin_sf1m2_red","sf","2018ncwin"
"frc3680","frc4534","frc5160","2018ncwin_sf1m2_blue","sf","2018ncwin"
"frc4290","frc4795","frc2640","2018ncwin_sf2m1_red","sf","2018ncwin"
"frc3506","frc6502","frc3402","2018ncwin_sf2m1_blue","sf","2018ncwin"
"frc4290","frc4795","frc2640","2018ncwin_sf2m2_red","sf","2018ncwin"
"frc3506","frc6502","frc3402","2018ncwin_sf2m2_blue","sf","2018ncwin"
"frc4290","frc4795","frc2640","2018ncwin_sf2m3_red","sf","2018ncwin"
"frc3506","frc6502","frc3402","2018ncwin_sf2m3_blue","sf","2018ncwin"
"frc5190","frc1533","frc3229","2018nccmp_f1m1_red","f","2018nccmp"
"frc4561","frc6502","frc587","2018nccmp_f1m1_blue","f","2018nccmp"
"frc5190","frc1533","frc3229","2018nccmp_f1m2_red","f","2018nccmp"
"frc4561","frc6502","frc587","2018nccmp_f1m2_blue","f","2018nccmp"
"frc5190","frc1533","frc3229","2018nccmp_qf1m1_red","qf","2018nccmp"
"frc4828","frc3196","frc5544","2018nccmp_qf1m1_blue","qf","2018nccmp"
"frc5190","frc1533","frc3229","2018nccmp_qf1m2_red","qf","2018nccmp"
"frc4828","frc3196","frc5544","2018nccmp_qf1m2_blue","qf","2018nccmp"
"frc2059","frc2655","frc6003","2018nccmp_qf2m1_red","qf","2018nccmp"
"frc2682","frc4290","frc6500","2018nccmp_qf2m1_blue","qf","2018nccmp"
"frc2059","frc2655","frc6003","2018nccmp_qf2m2_red","qf","2018nccmp"
"frc2682","frc4290","frc6500","2018nccmp_qf2m2_blue","qf","2018nccmp"
"frc2059","frc2655","frc6003","2018nccmp_qf2m3_red","qf","2018nccmp"
"frc2682","frc4290","frc6500","2018nccmp_qf2m3_blue","qf","2018nccmp"
"frc4561","frc6502","frc587","2018nccmp_qf3m1_red","qf","2018nccmp"
"frc3506","frc4795","frc6908","2018nccmp_qf3m1_blue","qf","2018nccmp"
"frc4561","frc6502","frc587","2018nccmp_qf3m2_red","qf","2018nccmp"
"frc3506","frc4795","frc6908","2018nccmp_qf3m2_blue","qf","2018nccmp"
"frc2642","frc3737","frc5160","2018nccmp_qf4m1_red","qf","2018nccmp"
"frc3459","frc900","frc5511","2018nccmp_qf4m1_blue","qf","2018nccmp"
"frc2642","frc3737","frc5160","2018nccmp_qf4m2_red","qf","2018nccmp"
"frc3459","frc900","frc5511","2018nccmp_qf4m2_blue","qf","2018nccmp"
"frc6565","frc3737","frc3506","2018nccmp_qm1_red","qm","2018nccmp"
"frc4795","frc5518","frc6502","2018nccmp_qm1_blue","qm","2018nccmp"
"frc2682","frc6502","frc6215","2018nccmp_qm10_red","qm","2018nccmp"
"frc2642","frc3737","frc5160","2018nccmp_qm10_blue","qm","2018nccmp"
"frc3506","frc3229","frc1533","2018nccmp_qm11_red","qm","2018nccmp"
"frc900","frc4561","frc587","2018nccmp_qm11_blue","qm","2018nccmp"
"frc5518","frc2642","frc6500","2018nccmp_qm12_red","qm","2018nccmp"
"frc6888","frc5160","frc4290","2018nccmp_qm12_blue","qm","2018nccmp"
"frc2059","frc6565","frc6932","2018nccmp_qm13_red","qm","2018nccmp"
"frc3737","frc3229","frc2655","2018nccmp_qm13_blue","qm","2018nccmp"
"frc3196","frc900","frc5544","2018nccmp_qm14_red","qm","2018nccmp"
"frc3459","frc435","frc6215","2018nccmp_qm14_blue","qm","2018nccmp"
"frc1533","frc5511","frc6502","2018nccmp_qm15_red","qm","2018nccmp"
"frc4935","frc2682","frc6729","2018nccmp_qm15_blue","qm","2018nccmp"
"frc6908","frc4795","frc4828","2018nccmp_qm16_red","qm","2018nccmp"
"frc6003","frc5190","frc587","2018nccmp_qm16_blue","qm","2018nccmp"
"frc6729","frc3196","frc3737","2018nccmp_qm17_red","qm","2018nccmp"
"frc900","frc6888","frc6565","2018nccmp_qm17_blue","qm","2018nccmp"
"frc6908","frc4935","frc2642","2018nccmp_qm18_red","qm","2018nccmp"
"frc6932","frc4290","frc4795","2018nccmp_qm18_blue","qm","2018nccmp"
"frc5511","frc6003","frc3229","2018nccmp_qm19_red","qm","2018nccmp"
"frc6215","frc4828","frc1533","2018nccmp_qm19_blue","qm","2018nccmp"
"frc3459","frc587","frc1533","2018nccmp_qm2_red","qm","2018nccmp"
"frc6932","frc6888","frc6729","2018nccmp_qm2_blue","qm","2018nccmp"
"frc5518","frc587","frc435","2018nccmp_qm20_red","qm","2018nccmp"
"frc3506","frc5544","frc4561","2018nccmp_qm20_blue","qm","2018nccmp"
"frc2059","frc2655","frc2682","2018nccmp_qm21_red","qm","2018nccmp"
"frc3459","frc5160","frc5190","2018nccmp_qm21_blue","qm","2018nccmp"
"frc6500","frc4828","frc435","2018nccmp_qm22_red","qm","2018nccmp"
"frc6565","frc6003","frc6502","2018nccmp_qm22_blue","qm","2018nccmp"
"frc5518","frc6932","frc3459","2018nccmp_qm23_red","qm","2018nccmp"
"frc900","frc3229","frc2642","2018nccmp_qm23_blue","qm","2018nccmp"
"frc4561","frc6729","frc5190","2018nccmp_qm24_red","qm","2018nccmp"
"frc5160","frc2059","frc6888","2018nccmp_qm24_blue","qm","2018nccmp"
"frc2655","frc6502","frc4290","2018nccmp_qm25_red","qm","2018nccmp"
"frc5511","frc6908","frc587","2018nccmp_qm25_blue","qm","2018nccmp"
"frc3196","frc6500","frc4935","2018nccmp_qm26_red","qm","2018nccmp"
"frc2682","frc3737","frc1533","2018nccmp_qm26_blue","qm","2018nccmp"
"frc6215","frc3506","frc6908","2018nccmp_qm27_red","qm","2018nccmp"
"frc4795","frc5544","frc4828","2018nccmp_qm27_blue","qm","2018nccmp"
"frc2059","frc435","frc5511","2018nccmp_qm28_red","qm","2018nccmp"
"frc587","frc5160","frc2682","2018nccmp_qm28_blue","qm","2018nccmp"
"frc6215","frc6500","frc6003","2018nccmp_qm29_red","qm","2018nccmp"
"frc2642","frc2655","frc3506","2018nccmp_qm29_blue","qm","2018nccmp"
"frc6003","frc6908","frc4290","2018nccmp_qm3_red","qm","2018nccmp"
"frc3196","frc2059","frc5511","2018nccmp_qm3_blue","qm","2018nccmp"
"frc4290","frc900","frc6729","2018nccmp_qm30_red","qm","2018nccmp"
"frc6565","frc4795","frc3459","2018nccmp_qm30_blue","qm","2018nccmp"
"frc6502","frc4561","frc3737","2018nccmp_qm31_red","qm","2018nccmp"
"frc3229","frc6932","frc3196","2018nccmp_qm31_blue","qm","2018nccmp"
"frc6888","frc5518","frc4935","2018nccmp_qm32_red","qm","2018nccmp"
"frc5190","frc1533","frc5544","2018nccmp_qm32_blue","qm","2018nccmp"
"frc4561","frc587","frc2655","2018nccmp_qm33_red","qm","2018nccmp"
"frc6502","frc3459","frc6932","2018nccmp_qm33_blue","qm","2018nccmp"
"frc5518","frc6215","frc5544","2018nccmp_qm34_red","qm","2018nccmp"
"frc2642","frc6729","frc3229","2018nccmp_qm34_blue","qm","2018nccmp"
"frc435","frc6565","frc4795","2018nccmp_qm35_red","qm","2018nccmp"
"frc2682","frc6888","frc6908","2018nccmp_qm35_blue","qm","2018nccmp"
"frc1533","frc3196","frc6003","2018nccmp_qm36_red","qm","2018nccmp"
"frc4290","frc3506","frc4935","2018nccmp_qm36_blue","qm","2018nccmp"
"frc3737","frc900","frc2059","2018nccmp_qm37_red","qm","2018nccmp"
"frc6500","frc5511","frc5190","2018nccmp_qm37_blue","qm","2018nccmp"
"frc5160","frc1533","frc5518","2018nccmp_qm38_red","qm","2018nccmp"
"frc4828","frc6908","frc2655","2018nccmp_qm38_blue","qm","2018nccmp"
"frc5190","frc6888","frc435","2018nccmp_qm39_red","qm","2018nccmp"
"frc4935","frc6215","frc900","2018nccmp_qm39_blue","qm","2018nccmp"
"frc4935","frc5190","frc2642","2018nccmp_qm4_red","qm","2018nccmp"
"frc435","frc5544","frc3229","2018nccmp_qm4_blue","qm","2018nccmp"
"frc4795","frc3506","frc3196","2018nccmp_qm40_red","qm","2018nccmp"
"frc2682","frc5511","frc2642","2018nccmp_qm40_blue","qm","2018nccmp"
"frc4561","frc6729","frc4828","2018nccmp_qm41_red","qm","2018nccmp"
"frc6003","frc3737","frc3459","2018nccmp_qm41_blue","qm","2018nccmp"
"frc5160","frc6502","frc3229","2018nccmp_qm42_red","qm","2018nccmp"
"frc4290","frc6565","frc6500","2018nccmp_qm42_blue","qm","2018nccmp"
"frc6908","frc2059","frc587","2018nccmp_qm43_red","qm","2018nccmp"
"frc5544","frc2682","frc6932","2018nccmp_qm43_blue","qm","2018nccmp"
"frc5190","frc3229","frc6565","2018nccmp_qm44_red","qm","2018nccmp"
"frc1533","frc4290","frc4561","2018nccmp_qm44_blue","qm","2018nccmp"
"frc435","frc6932","frc4935","2018nccmp_qm45_red","qm","2018nccmp"
"frc6500","frc2655","frc5160","2018nccmp_qm45_blue","qm","2018nccmp"
"frc3196","frc6215","frc6888","2018nccmp_qm46_red","qm","2018nccmp"
"frc900","frc6003","frc5518","2018nccmp_qm46_blue","qm","2018nccmp"
"frc587","frc3506","frc4828","2018nccmp_qm47_red","qm","2018nccmp"
"frc3737","frc5511","frc4795","2018nccmp_qm47_blue","qm","2018nccmp"
"frc5544","frc2642","frc3459","2018nccmp_qm48_red","qm","2018nccmp"
"frc6502","frc2059","frc6729","2018nccmp_qm48_blue","qm","2018nccmp"
"frc6932","frc4828","frc5160","2018nccmp_qm49_red","qm","2018nccmp"
"frc4935","frc5518","frc4795","2018nccmp_qm49_blue","qm","2018nccmp"
"frc4828","frc2682","frc900","2018nccmp_qm5_red","qm","2018nccmp"
"frc6215","frc5160","frc4561","2018nccmp_qm5_blue","qm","2018nccmp"
"frc5511","frc4561","frc6888","2018nccmp_qm50_red","qm","2018nccmp"
"frc6500","frc6502","frc6908","2018nccmp_qm50_blue","qm","2018nccmp"
"frc6003","frc4290","frc2682","2018nccmp_qm51_red","qm","2018nccmp"
"frc3737","frc587","frc6215","2018nccmp_qm51_blue","qm","2018nccmp"
"frc3459","frc900","frc3196","2018nccmp_qm52_red","qm","2018nccmp"
"frc1533","frc2642","frc435","2018nccmp_qm52_blue","qm","2018nccmp"
"frc6729","frc5544","frc6565","2018nccmp_qm53_red","qm","2018nccmp"
"frc3506","frc5190","frc2059","2018nccmp_qm53_blue","qm","2018nccmp"
"frc2655","frc2682","frc4795","2018nccmp_qm54_red","qm","2018nccmp"
"frc3229","frc4828","frc5518","2018nccmp_qm54_blue","qm","2018nccmp"
"frc6888","frc6502","frc3506","2018nccmp_qm55_red","qm","2018nccmp"
"frc2059","frc6215","frc6932","2018nccmp_qm55_blue","qm","2018nccmp"
"frc5544","frc6500","frc3737","2018nccmp_qm56_red","qm","2018nccmp"
"frc2655","frc1533","frc900","2018nccmp_qm56_blue","qm","2018nccmp"
"frc3229","frc3459","frc5511","2018nccmp_qm57_red","qm","2018nccmp"
"frc5190","frc3196","frc6908","2018nccmp_qm57_blue","qm","2018nccmp"
"frc587","frc2642","frc4290","2018nccmp_qm58_red","qm","2018nccmp"
"frc4561","frc4935","frc6565","2018nccmp_qm58_blue","qm","2018nccmp"
"frc5160","frc435","frc6908","2018nccmp_qm59_red","qm","2018nccmp"
"frc6729","frc6003","frc2655","2018nccmp_qm59_blue","qm","2018nccmp"
"frc2655","frc5544","frc5511","2018nccmp_qm6_red","qm","2018nccmp"
"frc6888","frc4795","frc6500","2018nccmp_qm6_blue","qm","2018nccmp"
"frc2642","frc6565","frc6215","2018nccmp_qm60_red","qm","2018nccmp"
"frc4561","frc5518","frc2059","2018nccmp_qm60_blue","qm","2018nccmp"
"frc4290","frc5190","frc3737","2018nccmp_qm61_red","qm","2018nccmp"
"frc6729","frc435","frc3506","2018nccmp_qm61_blue","qm","2018nccmp"
"frc5511","frc6932","frc5160","2018nccmp_qm62_red","qm","2018nccmp"
"frc5544","frc4935","frc6003","2018nccmp_qm62_blue","qm","2018nccmp"
"frc4795","frc1533","frc900","2018nccmp_qm63_red","qm","2018nccmp"
"frc587","frc3196","frc6502","2018nccmp_qm63_blue","qm","2018nccmp"
"frc3229","frc6500","frc2682","2018nccmp_qm64_red","qm","2018nccmp"
"frc4828","frc3459","frc6888","2018nccmp_qm64_blue","qm","2018nccmp"
"frc3459","frc4935","frc2059","2018nccmp_qm7_red","qm","2018nccmp"
"frc6565","frc6908","frc5518","2018nccmp_qm7_blue","qm","2018nccmp"
"frc6932","frc4561","frc6003","2018nccmp_qm8_red","qm","2018nccmp"
"frc435","frc2655","frc3196","2018nccmp_qm8_blue","qm","2018nccmp"
"frc4828","frc4290","frc5190","2018nccmp_qm9_red","qm","2018nccmp"
"frc3506","frc6729","frc6500","2018nccmp_qm9_blue","qm","2018nccmp"
"frc5190","frc1533","frc3229","2018nccmp_sf1m1_red","sf","2018nccmp"
"frc2059","frc2655","frc6003","2018nccmp_sf1m1_blue","sf","2018nccmp"
"frc5190","frc1533","frc3229","2018nccmp_sf1m2_red","sf","2018nccmp"
"frc2059","frc2655","frc6003","2018nccmp_sf1m2_blue","sf","2018nccmp"
"frc4561","frc6502","frc587","2018nccmp_sf2m1_red","sf","2018nccmp"
"frc2642","frc3737","frc5160","2018nccmp_sf2m1_blue","sf","2018nccmp"
"frc4561","frc6502","frc587","2018nccmp_sf2m2_red","sf","2018nccmp"
"frc2642","frc3737","frc5160","2018nccmp_sf2m2_blue","sf","2018nccmp"
