"frc122","frc5724","frc2028","2018vapor_f1m1_red","f","2018vapor"
"frc5546","frc6334","frc977","2018vapor_f1m1_blue","f","2018vapor"
"frc122","frc5724","frc2028","2018vapor_f1m2_red","f","2018vapor"
"frc5546","frc6334","frc977","2018vapor_f1m2_blue","f","2018vapor"
"frc122","frc5724","frc2028","2018vapor_f1m3_red","f","2018vapor"
"frc5546","frc6334","frc977","2018vapor_f1m3_blue","f","2018vapor"
"frc2363","frc3072","frc5950","2018vapor_qf1m1_red","qf","2018vapor"
"frc2998","frc6189","frc6882","2018vapor_qf1m1_blue","qf","2018vapor"
"frc2363","frc3072","frc5950","2018vapor_qf1m2_red","qf","2018vapor"
"frc2998","frc6189","frc6882","2018vapor_qf1m2_blue","qf","2018vapor"
"frc122","frc5724","frc2028","2018vapor_qf2m1_red","qf","2018vapor"
"frc5804","frc6194","frc1080","2018vapor_qf2m1_blue","qf","2018vapor"
"frc122","frc5724","frc2028","2018vapor_qf2m2_red","qf","2018vapor"
"frc5804","frc6194","frc1080","2018vapor_qf2m2_blue","qf","2018vapor"
"frc122","frc5724","frc2028","2018vapor_qf2m3_red","qf","2018vapor"
"frc5804","frc6194","frc1080","2018vapor_qf2m3_blue","qf","2018vapor"
"frc5546","frc6334","frc977","2018vapor_qf3m1_red","qf","2018vapor"
"frc1522","frc2890","frc1137","2018vapor_qf3m1_blue","qf","2018vapor"
"frc5546","frc6334","frc977","2018vapor_qf3m2_red","qf","2018vapor"
"frc1522","frc2890","frc1137","2018vapor_qf3m2_blue","qf","2018vapor"
"frc422","frc1610","frc3359","2018vapor_qf4m1_red","qf","2018vapor"
"frc4638","frc3136","frc5957","2018vapor_qf4m1_blue","qf","2018vapor"
"frc422","frc1610","frc3359","2018vapor_qf4m2_red","qf","2018vapor"
"frc4638","frc3136","frc5957","2018vapor_qf4m2_blue","qf","2018vapor"
"frc2363","frc2998","frc1137","2018vapor_qm1_red","qm","2018vapor"
"frc5957","frc2890","frc617","2018vapor_qm1_blue","qm","2018vapor"
"frc2028","frc6189","frc5954","2018vapor_qm10_red","qm","2018vapor"
"frc1522","frc977","frc617","2018vapor_qm10_blue","qm","2018vapor"
"frc1446","frc1793","frc4286","2018vapor_qm11_red","qm","2018vapor"
"frc3359","frc3072","frc6882","2018vapor_qm11_blue","qm","2018vapor"
"frc422","frc122","frc5724","2018vapor_qm12_red","qm","2018vapor"
"frc6312","frc1137","frc5546","2018vapor_qm12_blue","qm","2018vapor"
"frc1080","frc6194","frc5957","2018vapor_qm13_red","qm","2018vapor"
"frc6021","frc5954","frc6334","2018vapor_qm13_blue","qm","2018vapor"
"frc617","frc3136","frc1908","2018vapor_qm14_red","qm","2018vapor"
"frc2998","frc6882","frc1793","2018vapor_qm14_blue","qm","2018vapor"
"frc3072","frc2363","frc3389","2018vapor_qm15_red","qm","2018vapor"
"frc1137","frc3359","frc977","2018vapor_qm15_blue","qm","2018vapor"
"frc5724","frc1446","frc5546","2018vapor_qm16_red","qm","2018vapor"
"frc5804","frc1080","frc5950","2018vapor_qm16_blue","qm","2018vapor"
"frc4638","frc1610","frc2028","2018vapor_qm17_red","qm","2018vapor"
"frc7330","frc6312","frc435","2018vapor_qm17_blue","qm","2018vapor"
"frc539","frc6021","frc2890","2018vapor_qm18_red","qm","2018vapor"
"frc1522","frc2068","frc122","2018vapor_qm18_blue","qm","2018vapor"
"frc977","frc6189","frc422","2018vapor_qm19_red","qm","2018vapor"
"frc4286","frc1908","frc6334","2018vapor_qm19_blue","qm","2018vapor"
"frc2028","frc6021","frc4286","2018vapor_qm2_red","qm","2018vapor"
"frc6194","frc3389","frc3136","2018vapor_qm2_blue","qm","2018vapor"
"frc6312","frc3136","frc4638","2018vapor_qm20_red","qm","2018vapor"
"frc3359","frc1793","frc6194","2018vapor_qm20_blue","qm","2018vapor"
"frc2998","frc435","frc5954","2018vapor_qm21_red","qm","2018vapor"
"frc5724","frc2028","frc3389","2018vapor_qm21_blue","qm","2018vapor"
"frc3072","frc2068","frc1610","2018vapor_qm22_red","qm","2018vapor"
"frc6021","frc5957","frc422","2018vapor_qm22_blue","qm","2018vapor"
"frc1137","frc5950","frc2890","2018vapor_qm23_red","qm","2018vapor"
"frc539","frc1080","frc6189","2018vapor_qm23_blue","qm","2018vapor"
"frc5546","frc1522","frc7330","2018vapor_qm24_red","qm","2018vapor"
"frc617","frc5804","frc4286","2018vapor_qm24_blue","qm","2018vapor"
"frc2363","frc6882","frc5724","2018vapor_qm25_red","qm","2018vapor"
"frc6312","frc1446","frc122","2018vapor_qm25_blue","qm","2018vapor"
"frc977","frc1610","frc6021","2018vapor_qm26_red","qm","2018vapor"
"frc2068","frc1137","frc539","2018vapor_qm26_blue","qm","2018vapor"
"frc1522","frc4638","frc5950","2018vapor_qm27_red","qm","2018vapor"
"frc3072","frc2890","frc2998","2018vapor_qm27_blue","qm","2018vapor"
"frc122","frc5954","frc7330","2018vapor_qm28_red","qm","2018vapor"
"frc6882","frc422","frc1446","2018vapor_qm28_blue","qm","2018vapor"
"frc1793","frc2028","frc1908","2018vapor_qm29_red","qm","2018vapor"
"frc5546","frc6334","frc1080","2018vapor_qm29_blue","qm","2018vapor"
"frc6312","frc3072","frc5950","2018vapor_qm3_red","qm","2018vapor"
"frc5804","frc1522","frc1908","2018vapor_qm3_blue","qm","2018vapor"
"frc6194","frc617","frc435","2018vapor_qm30_red","qm","2018vapor"
"frc5957","frc3359","frc5804","2018vapor_qm30_blue","qm","2018vapor"
"frc4286","frc3389","frc6189","2018vapor_qm31_red","qm","2018vapor"
"frc3136","frc2363","frc1610","2018vapor_qm31_blue","qm","2018vapor"
"frc1446","frc2998","frc5950","2018vapor_qm32_red","qm","2018vapor"
"frc5724","frc6312","frc977","2018vapor_qm32_blue","qm","2018vapor"
"frc422","frc3072","frc6194","2018vapor_qm33_red","qm","2018vapor"
"frc435","frc122","frc539","2018vapor_qm33_blue","qm","2018vapor"
"frc6021","frc1908","frc2068","2018vapor_qm34_red","qm","2018vapor"
"frc2363","frc2028","frc617","2018vapor_qm34_blue","qm","2018vapor"
"frc6334","frc5957","frc1137","2018vapor_qm35_red","qm","2018vapor"
"frc4286","frc7330","frc3136","2018vapor_qm35_blue","qm","2018vapor"
"frc5954","frc5804","frc1793","2018vapor_qm36_red","qm","2018vapor"
"frc2890","frc6189","frc5546","2018vapor_qm36_blue","qm","2018vapor"
"frc1080","frc4638","frc6882","2018vapor_qm37_red","qm","2018vapor"
"frc3389","frc3359","frc1522","2018vapor_qm37_blue","qm","2018vapor"
"frc7330","frc2998","frc6334","2018vapor_qm38_red","qm","2018vapor"
"frc539","frc2363","frc6312","2018vapor_qm38_blue","qm","2018vapor"
"frc1610","frc4286","frc122","2018vapor_qm39_red","qm","2018vapor"
"frc1908","frc5950","frc5954","2018vapor_qm39_blue","qm","2018vapor"
"frc6334","frc539","frc422","2018vapor_qm4_red","qm","2018vapor"
"frc4638","frc5724","frc3359","2018vapor_qm4_blue","qm","2018vapor"
"frc1446","frc617","frc3359","2018vapor_qm40_red","qm","2018vapor"
"frc3136","frc422","frc1080","2018vapor_qm40_blue","qm","2018vapor"
"frc5724","frc2890","frc6194","2018vapor_qm41_red","qm","2018vapor"
"frc5546","frc3389","frc6882","2018vapor_qm41_blue","qm","2018vapor"
"frc5804","frc435","frc977","2018vapor_qm42_red","qm","2018vapor"
"frc6021","frc1793","frc4638","2018vapor_qm42_blue","qm","2018vapor"
"frc2068","frc5957","frc2028","2018vapor_qm43_red","qm","2018vapor"
"frc3072","frc6189","frc1137","2018vapor_qm43_blue","qm","2018vapor"
"frc1522","frc1080","frc1446","2018vapor_qm44_red","qm","2018vapor"
"frc6194","frc7330","frc2363","2018vapor_qm44_blue","qm","2018vapor"
"frc977","frc5546","frc4286","2018vapor_qm45_red","qm","2018vapor"
"frc1610","frc617","frc539","2018vapor_qm45_blue","qm","2018vapor"
"frc5950","frc5724","frc5957","2018vapor_qm46_red","qm","2018vapor"
"frc1793","frc2068","frc2890","2018vapor_qm46_blue","qm","2018vapor"
"frc1908","frc3359","frc6312","2018vapor_qm47_red","qm","2018vapor"
"frc6189","frc5804","frc6021","2018vapor_qm47_blue","qm","2018vapor"
"frc2028","frc1522","frc2998","2018vapor_qm48_red","qm","2018vapor"
"frc1137","frc422","frc435","2018vapor_qm48_blue","qm","2018vapor"
"frc5954","frc3136","frc6882","2018vapor_qm49_red","qm","2018vapor"
"frc4638","frc6334","frc3072","2018vapor_qm49_blue","qm","2018vapor"
"frc5546","frc5954","frc1610","2018vapor_qm5_red","qm","2018vapor"
"frc6882","frc435","frc2068","2018vapor_qm5_blue","qm","2018vapor"
"frc122","frc6194","frc5804","2018vapor_qm50_red","qm","2018vapor"
"frc3389","frc1610","frc1793","2018vapor_qm50_blue","qm","2018vapor"
"frc2068","frc4286","frc6312","2018vapor_qm51_red","qm","2018vapor"
"frc2890","frc1446","frc2028","2018vapor_qm51_blue","qm","2018vapor"
"frc1137","frc5724","frc3136","2018vapor_qm52_red","qm","2018vapor"
"frc1908","frc4638","frc7330","2018vapor_qm52_blue","qm","2018vapor"
"frc6334","frc122","frc3359","2018vapor_qm53_red","qm","2018vapor"
"frc5957","frc977","frc2998","2018vapor_qm53_blue","qm","2018vapor"
"frc617","frc3389","frc422","2018vapor_qm54_red","qm","2018vapor"
"frc5950","frc6882","frc6189","2018vapor_qm54_blue","qm","2018vapor"
"frc435","frc5546","frc3072","2018vapor_qm55_red","qm","2018vapor"
"frc1080","frc6021","frc2363","2018vapor_qm55_blue","qm","2018vapor"
"frc539","frc1522","frc1793","2018vapor_qm56_red","qm","2018vapor"
"frc5954","frc1446","frc1137","2018vapor_qm56_blue","qm","2018vapor"
"frc3389","frc6334","frc6312","2018vapor_qm57_red","qm","2018vapor"
"frc617","frc5950","frc2068","2018vapor_qm57_blue","qm","2018vapor"
"frc6882","frc6021","frc6194","2018vapor_qm58_red","qm","2018vapor"
"frc6189","frc2998","frc5724","2018vapor_qm58_blue","qm","2018vapor"
"frc422","frc2363","frc5804","2018vapor_qm59_red","qm","2018vapor"
"frc3136","frc977","frc3072","2018vapor_qm59_blue","qm","2018vapor"
"frc7330","frc1080","frc977","2018vapor_qm6_red","qm","2018vapor"
"frc122","frc1793","frc6189","2018vapor_qm6_blue","qm","2018vapor"
"frc1080","frc1908","frc122","2018vapor_qm60_red","qm","2018vapor"
"frc435","frc4286","frc4638","2018vapor_qm60_blue","qm","2018vapor"
"frc5954","frc5957","frc1522","2018vapor_qm61_red","qm","2018vapor"
"frc2890","frc1610","frc3359","2018vapor_qm61_blue","qm","2018vapor"
"frc7330","frc539","frc3072","2018vapor_qm62_red","qm","2018vapor"
"frc2028","frc5546","frc3136","2018vapor_qm62_blue","qm","2018vapor"
"frc3389","frc1137","frc6021","2018vapor_qm63_red","qm","2018vapor"
"frc435","frc6334","frc1446","2018vapor_qm63_blue","qm","2018vapor"
"frc1793","frc5724","frc1080","2018vapor_qm64_red","qm","2018vapor"
"frc1610","frc422","frc1522","2018vapor_qm64_blue","qm","2018vapor"
"frc3359","frc5546","frc2363","2018vapor_qm65_red","qm","2018vapor"
"frc2028","frc5950","frc7330","2018vapor_qm65_blue","qm","2018vapor"
"frc6189","frc6312","frc617","2018vapor_qm66_red","qm","2018vapor"
"frc4638","frc122","frc5957","2018vapor_qm66_blue","qm","2018vapor"
"frc6882","frc2890","frc1908","2018vapor_qm67_red","qm","2018vapor"
"frc6194","frc977","frc539","2018vapor_qm67_blue","qm","2018vapor"
"frc2998","frc2068","frc5804","2018vapor_qm68_red","qm","2018vapor"
"frc4286","frc5954","frc1080","2018vapor_qm68_blue","qm","2018vapor"
"frc6334","frc617","frc1793","2018vapor_qm69_red","qm","2018vapor"
"frc5724","frc3072","frc1522","2018vapor_qm69_blue","qm","2018vapor"
"frc1446","frc4638","frc3389","2018vapor_qm7_red","qm","2018vapor"
"frc1908","frc2363","frc5957","2018vapor_qm7_blue","qm","2018vapor"
"frc3359","frc7330","frc6021","2018vapor_qm70_red","qm","2018vapor"
"frc977","frc1908","frc3389","2018vapor_qm70_blue","qm","2018vapor"
"frc1610","frc5804","frc6882","2018vapor_qm71_red","qm","2018vapor"
"frc122","frc1137","frc2028","2018vapor_qm71_blue","qm","2018vapor"
"frc5957","frc3136","frc435","2018vapor_qm72_red","qm","2018vapor"
"frc5950","frc539","frc5546","2018vapor_qm72_blue","qm","2018vapor"
"frc2890","frc4286","frc2363","2018vapor_qm73_red","qm","2018vapor"
"frc422","frc6312","frc5954","2018vapor_qm73_blue","qm","2018vapor"
"frc6189","frc2068","frc1446","2018vapor_qm74_red","qm","2018vapor"
"frc2998","frc6194","frc4638","2018vapor_qm74_blue","qm","2018vapor"
"frc5950","frc435","frc1610","2018vapor_qm8_red","qm","2018vapor"
"frc2068","frc6194","frc6334","2018vapor_qm8_blue","qm","2018vapor"
"frc3136","frc539","frc2998","2018vapor_qm9_red","qm","2018vapor"
"frc5804","frc7330","frc2890","2018vapor_qm9_blue","qm","2018vapor"
"frc2363","frc3072","frc5950","2018vapor_sf1m1_red","sf","2018vapor"
"frc122","frc5724","frc2028","2018vapor_sf1m1_blue","sf","2018vapor"
"frc2363","frc3072","frc5950","2018vapor_sf1m2_red","sf","2018vapor"
"frc122","frc5724","frc2028","2018vapor_sf1m2_blue","sf","2018vapor"
"frc2363","frc3072","frc5950","2018vapor_sf1m3_red","sf","2018vapor"
"frc122","frc5724","frc2028","2018vapor_sf1m3_blue","sf","2018vapor"
"frc5546","frc6334","frc977","2018vapor_sf2m1_red","sf","2018vapor"
"frc422","frc1610","frc3359","2018vapor_sf2m1_blue","sf","2018vapor"
"frc5546","frc6334","frc977","2018vapor_sf2m2_red","sf","2018vapor"
"frc422","frc1610","frc3359","2018vapor_sf2m2_blue","sf","2018vapor"
