0,0,"None","None","None","None","None","None","None","None",0,false,false,false,"HabLevel1","None","HabLevel1",0,0,6,false,"CrossedHabLineInTeleop","None","CrossedHabLineInTeleop",0,"None","None","None","None","None","None","None","None","Cargo","Cargo","Cargo","Cargo","Cargo","Cargo","HabLevel1","HabLevel1","HabLevel1",0,0,0,6,"None","None","None","None",6,"2019scmb_qm1_red","qm","2019scmb"
0,6,"PanelAndCargo","PanelAndCargo","PanelAndCargo","PanelAndCargo","PanelAndCargo","Panel","Panel","Panel",15,false,false,false,"HabLevel1","None","None",0,0,3,false,"CrossedHabLineInSandstorm","None","CrossedHabLineInSandstorm",6,"Panel","None","None","None","None","None","None","None","Panel","Panel","Panel","Panel","Panel","Panel","HabLevel1","None","HabLevel1",2,6,0,24,"None","None","None","None",30,"2019scmb_qm1_blue","qm","2019scmb"
0,3,"Panel","None","None","Panel","None","None","None","Panel",0,false,false,false,"HabLevel1","None","None",0,3,3,false,"CrossedHabLineInSandstorm","None","None",8,"None","Panel","None","None","None","Panel","None","None","Panel","Cargo","Cargo","Cargo","Cargo","Panel","HabLevel1","None","HabLevel2",0,3,0,11,"None","None","Panel","None",17,"2019scmb_qm10_red","qm","2019scmb"
0,6,"PanelAndCargo","PanelAndCargo","PanelAndCargo","None","None","Panel","Panel","Panel",9,false,false,false,"HabLevel1","HabLevel2","None",1,0,9,false,"CrossedHabLineInSandstorm","CrossedHabLineInTeleop","None",0,"None","None","None","None","None","None","None","None","Panel","Panel","Panel","Panel","Panel","Panel","HabLevel2","HabLevel2","None",2,6,0,18,"None","None","None","None",24,"2019scmb_qm10_blue","qm","2019scmb"
0,9,"PanelAndCargo","None","None","None","None","None","None","PanelAndCargo",6,false,false,false,"HabLevel1","HabLevel3","None",0,3,15,true,"CrossedHabLineInSandstorm","CrossedHabLineInSandstorm","None",0,"None","None","None","None","None","None","None","None","Panel","Cargo","Cargo","Cargo","Cargo","Panel","HabLevel2","HabLevel1","None",3,9,0,21,"None","None","None","None",33,"2019scmb_qm11_red","qm","2019scmb"
0,9,"Panel","Panel","Panel","None","None","PanelAndCargo","Panel","Panel",3,false,false,false,"HabLevel1","HabLevel3","HabLevel1",1,0,18,true,"CrossedHabLineInSandstorm","CrossedHabLineInSandstorm","CrossedHabLineInSandstorm",2,"Panel","None","None","None","None","None","None","None","Panel","Panel","Panel","Panel","Panel","Panel","HabLevel1","HabLevel1","HabLevel1",1,9,0,23,"None","None","None","None",32,"2019scmb_qm11_blue","qm","2019scmb"
0,9,"PanelAndCargo","PanelAndCargo","None","PanelAndCargo","PanelAndCargo","Panel","Panel","Panel",12,false,false,false,"HabLevel3","HabLevel1","None",0,0,15,true,"CrossedHabLineInSandstorm","CrossedHabLineInSandstorm","CrossedHabLineInSandstorm",8,"None","None","None","None","None","Panel","None","None","Panel","Panel","Cargo","Cargo","Panel","Panel","HabLevel1","HabLevel1","HabLevel1",3,9,0,35,"None","None","None","None",44,"2019scmb_qm12_red","qm","2019scmb"
0,6,"Panel","Panel","Panel","None","PanelAndCargo","Panel","Panel","Panel",3,false,false,false,"HabLevel2","None","HabLevel2",0,0,12,false,"CrossedHabLineInSandstorm","None","CrossedHabLineInSandstorm",10,"Panel","None","Panel","None","Panel","None","Panel","None","Panel","Panel","Panel","Panel","Panel","Panel","HabLevel1","None","HabLevel1",0,6,0,25,"None","None","None","None",31,"2019scmb_qm12_blue","qm","2019scmb"
0,9,"PanelAndCargo","PanelAndCargo","PanelAndCargo","None","None","PanelAndCargo","PanelAndCargo","PanelAndCargo",21,false,false,false,"HabLevel1","HabLevel1","HabLevel1",1,0,9,false,"CrossedHabLineInSandstorm","CrossedHabLineInSandstorm","CrossedHabLineInSandstorm",8,"None","Panel","None","None","None","Panel","None","None","Panel","Panel","Panel","Panel","Panel","Panel","HabLevel1","HabLevel1","HabLevel1",0,9,0,38,"None","Panel","None","PanelAndCargo",47,"2019scmb_qm13_red","qm","2019scmb"
0,15,"PanelAndCargo","PanelAndCargo","PanelAndCargo","None","PanelAndCargo","Panel","Panel","Panel",21,false,false,false,"HabLevel3","None","HabLevel1",0,3,15,true,"CrossedHabLineInSandstorm","CrossedHabLineInSandstorm","CrossedHabLineInSandstorm",16,"PanelAndCargo","None","PanelAndCargo","None","PanelAndCargo","None","Panel","None","Panel","Panel","Cargo","Panel","Panel","Panel","HabLevel2","HabLevel2","HabLevel1",3,15,0,52,"Panel","None","Panel","None",70,"2019scmb_qm13_blue","qm","2019scmb"
0,9,"PanelAndCargo","PanelAndCargo","PanelAndCargo","PanelAndCargo","None","PanelAndCargo","Panel","Panel",18,false,false,false,"HabLevel1","HabLevel1","None",1,0,6,false,"CrossedHabLineInSandstorm","CrossedHabLineInTeleop","CrossedHabLineInSandstorm",8,"None","None","None","None","None","Panel","None","None","Panel","Panel","Panel","Panel","Panel","Panel","HabLevel2","HabLevel1","HabLevel1",2,9,0,32,"None","Panel","None","PanelAndCargo",41,"2019scmb_qm14_red","qm","2019scmb"
0,3,"Panel","None","None","None","None","None","None","Panel",0,false,false,false,"HabLevel1","None","HabLevel1",0,3,6,false,"CrossedHabLineInTeleop","CrossedHabLineInTeleop","CrossedHabLineInSandstorm",2,"None","None","None","Panel","None","None","None","None","Panel","Cargo","Cargo","Cargo","Cargo","Panel","HabLevel1","HabLevel1","HabLevel1",0,3,0,8,"None","None","None","None",14,"2019scmb_qm14_blue","qm","2019scmb"
0,9,"Panel","PanelAndCargo","PanelAndCargo","Panel","PanelAndCargo","Panel","Panel","Panel",15,false,false,false,"HabLevel1","HabLevel1","HabLevel3",0,0,18,true,"CrossedHabLineInSandstorm","CrossedHabLineInSandstorm","CrossedHabLineInSandstorm",8,"None","None","None","None","PanelAndCargo","None","PanelAndCargo","None","Panel","Panel","Panel","Panel","Panel","Panel","HabLevel1","HabLevel1","HabLevel1",3,9,0,41,"None","None","None","None",50,"2019scmb_qm15_red","qm","2019scmb"
0,6,"None","PanelAndCargo","None","Panel","None","PanelAndCargo","PanelAndCargo","PanelAndCargo",12,false,false,false,"HabLevel1","None","HabLevel1",0,0,6,false,"CrossedHabLineInTeleop","CrossedHabLineInSandstorm","CrossedHabLineInSandstorm",6,"Panel","None","None","Panel","None","None","None","None","Cargo","Panel","Cargo","Panel","Panel","Panel","HabLevel1","HabLevel1","HabLevel1",0,6,0,24,"None","None","None","None",30,"2019scmb_qm15_blue","qm","2019scmb"
0,6,"None","None","None","Panel","Panel","None","None","None",0,false,false,false,"HabLevel1","None","HabLevel1",0,0,6,false,"CrossedHabLineInSandstorm","None","CrossedHabLineInTeleop",4,"None","None","None","None","None","None","None","None","Cargo","Cargo","Cargo","Cargo","Cargo","Cargo","HabLevel2","HabLevel1","HabLevel1",2,6,0,10,"None","None","None","None",16,"2019scmb_qm16_red","qm","2019scmb"
0,0,"PanelAndCargo","PanelAndCargo","PanelAndCargo","None","None","PanelAndCargo","Panel","Panel",12,false,false,false,"None","None","HabLevel1",0,0,3,false,"None","CrossedHabLineInTeleop","CrossedHabLineInTeleop",0,"None","None","None","None","None","None","None","None","Panel","Panel","Panel","Panel","Panel","Panel","None","HabLevel1","HabLevel1",0,0,0,15,"None","None","None","None",15,"2019scmb_qm16_blue","qm","2019scmb"
0,9,"None","None","None","Panel","None","None","None","None",0,false,false,false,"HabLevel3","HabLevel2","HabLevel1",0,0,21,true,"CrossedHabLineInSandstorm","CrossedHabLineInSandstorm","CrossedHabLineInTeleop",4,"None","Panel","None","None","None","None","None","None","Cargo","Cargo","Cargo","Cargo","Cargo","Cargo","HabLevel1","HabLevel2","HabLevel1",1,9,0,25,"None","None","None","None",34,"2019scmb_qm17_red","qm","2019scmb"
0,15,"PanelAndCargo","Panel","PanelAndCargo","Panel","PanelAndCargo","PanelAndCargo","PanelAndCargo","None",15,false,false,false,"HabLevel1","HabLevel3","HabLevel1",0,0,18,true,"CrossedHabLineInSandstorm","CrossedHabLineInSandstorm","CrossedHabLineInSandstorm",8,"None","None","None","None","None","None","None","None","Panel","Panel","Panel","Cargo","Cargo","Cargo","HabLevel2","HabLevel2","HabLevel1",3,15,0,41,"None","None","None","None",56,"2019scmb_qm17_blue","qm","2019scmb"
0,9,"None","Panel","Panel","Panel","Panel","Panel","Panel","None",0,false,false,false,"None","HabLevel1","None",0,0,3,false,"CrossedHabLineInSandstorm","CrossedHabLineInSandstorm","CrossedHabLineInSandstorm",12,"Panel","None","Panel","None","None","None","Panel","None","Cargo","Panel","Panel","Panel","Panel","Cargo","HabLevel1","HabLevel1","HabLevel1",0,9,0,15,"None","None","Panel","None",24,"2019scmb_qm18_red","qm","2019scmb"
0,6,"PanelAndCargo","Panel","Panel","None","PanelAndCargo","PanelAndCargo","PanelAndCargo","PanelAndCargo",15,false,false,false,"HabLevel1","HabLevel1","None",0,0,6,false,"CrossedHabLineInSandstorm","CrossedHabLineInSandstorm","None",8,"Panel","None","None","None","Panel","None","None","None","Panel","Panel","Panel","Panel","Panel","Panel","HabLevel1","HabLevel1","HabLevel1",2,6,0,29,"Panel","None","None","None",35,"2019scmb_qm18_blue","qm","2019scmb"
0,12,"Panel","PanelAndCargo","Panel","PanelAndCargo","PanelAndCargo","PanelAndCargo","PanelAndCargo","PanelAndCargo",21,false,false,false,"HabLevel3","HabLevel1","HabLevel1",0,0,18,true,"CrossedHabLineInSandstorm","CrossedHabLineInSandstorm","CrossedHabLineInSandstorm",16,"None","Panel","None","PanelAndCargo","None","Panel","None","Panel","Panel","Panel","Panel","Panel","Panel","Panel","HabLevel1","HabLevel1","HabLevel2",3,12,0,55,"None","Panel","None","Panel",67,"2019scmb_qm19_red","qm","2019scmb"
0,12,"Panel","Panel","PanelAndCargo","None","None","Panel","Panel","Panel",3,false,false,false,"HabLevel2","None","HabLevel1",0,0,9,false,"CrossedHabLineInSandstorm","CrossedHabLineInSandstorm","CrossedHabLineInSandstorm",8,"Panel","None","Panel","None","None","None","Panel","None","Panel","Panel","Panel","Panel","Panel","Panel","HabLevel1","HabLevel2","HabLevel1",0,12,0,20,"None","None","Panel","None",32,"2019scmb_qm19_blue","qm","2019scmb"
0,12,"PanelAndCargo","Panel","Panel","None","Panel","PanelAndCargo","PanelAndCargo","None",21,false,false,false,"HabLevel1","None","HabLevel1",0,0,6,false,"CrossedHabLineInSandstorm","CrossedHabLineInSandstorm","CrossedHabLineInSandstorm",16,"None","PanelAndCargo","None","PanelAndCargo","None","PanelAndCargo","None","PanelAndCargo","Panel","Panel","Panel","Cargo","Cargo","Cargo","HabLevel1","HabLevel1","HabLevel2",2,12,0,43,"None","Panel","None","None",55,"2019scmb_qm2_red","qm","2019scmb"
0,3,"None","None","None","Panel","PanelAndCargo","None","None","None",3,false,false,false,"None","None","HabLevel1",0,0,3,false,"CrossedHabLineInTeleop","None","CrossedHabLineInSandstorm",4,"None","None","None","None","None","None","None","None","Cargo","Cargo","Cargo","Cargo","Cargo","Cargo","HabLevel1","None","HabLevel1",0,3,0,10,"None","None","None","None",13,"2019scmb_qm2_blue","qm","2019scmb"
0,12,"Panel","Panel","Panel","PanelAndCargo","None","Panel","Panel","Panel",9,false,false,false,"HabLevel2","HabLevel2","HabLevel1",1,10,15,true,"CrossedHabLineInSandstorm","CrossedHabLineInSandstorm","CrossedHabLineInSandstorm",10,"Panel","None","None","None","PanelAndCargo","None","PanelAndCargo","None","Panel","Panel","Panel","Panel","Panel","Panel","HabLevel2","HabLevel1","HabLevel1",3,12,0,34,"None","None","Panel","None",56,"2019scmb_qm20_red","qm","2019scmb"
0,12,"None","Panel","PanelAndCargo","None","None","PanelAndCargo","PanelAndCargo","None",12,false,false,false,"HabLevel1","HabLevel2","None",0,3,9,false,"CrossedHabLineInSandstorm","CrossedHabLineInSandstorm","CrossedHabLineInSandstorm",6,"Panel","None","PanelAndCargo","None","None","None","Panel","None","Cargo","Panel","Panel","Panel","Panel","Cargo","HabLevel1","HabLevel2","HabLevel1",0,12,1,27,"None","None","None","None",42,"2019scmb_qm20_blue","qm","2019scmb"
0,3,"PanelAndCargo","PanelAndCargo","PanelAndCargo","None","None","Panel","Panel","Panel",9,false,false,false,"HabLevel3","None","None",0,0,12,false,"CrossedHabLineInSandstorm","CrossedHabLineInTeleop","None",0,"None","None","None","None","None","None","None","None","Panel","Panel","Panel","Panel","Panel","Panel","HabLevel1","HabLevel1","HabLevel2",0,3,0,21,"None","None","None","None",24,"2019scmb_qm21_red","qm","2019scmb"
0,3,"Panel","Panel","PanelAndCargo","None","None","None","None","None",15,false,false,false,"HabLevel1","HabLevel1","None",0,0,6,false,"CrossedHabLineInSandstorm","CrossedHabLineInTeleop","CrossedHabLineInTeleop",8,"PanelAndCargo","None","PanelAndCargo","None","PanelAndCargo","None","PanelAndCargo","None","Panel","Panel","Panel","Cargo","Cargo","Cargo","HabLevel1","HabLevel1","HabLevel1",2,3,0,29,"None","None","None","None",32,"2019scmb_qm21_blue","qm","2019scmb"
0,6,"None","Panel","Panel","PanelAndCargo","PanelAndCargo","None","PanelAndCargo","PanelAndCargo",12,false,false,false,"None","HabLevel1","HabLevel1",1,10,6,false,"CrossedHabLineInTeleop","CrossedHabLineInTeleop","CrossedHabLineInSandstorm",8,"None","None","None","None","None","None","None","None","Cargo","Cargo","Cargo","Cargo","Panel","Panel","HabLevel1","HabLevel1","HabLevel2",2,6,0,26,"None","None","None","None",42,"2019scmb_qm22_red","qm","2019scmb"
0,6,"Panel","PanelAndCargo","PanelAndCargo","Panel","PanelAndCargo","None","None","None",9,false,false,false,"HabLevel1","HabLevel1","HabLevel1",0,3,9,false,"CrossedHabLineInTeleop","CrossedHabLineInSandstorm","CrossedHabLineInSandstorm",4,"None","None","None","None","None","None","None","None","Panel","Panel","Panel","Cargo","Cargo","Cargo","HabLevel2","HabLevel1","HabLevel1",0,6,1,22,"None","None","None","None",31,"2019scmb_qm22_blue","qm","2019scmb"
0,6,"Panel","Panel","None","None","PanelAndCargo","None","PanelAndCargo","Panel",6,false,false,false,"None","HabLevel2","HabLevel1",1,0,9,false,"CrossedHabLineInSandstorm","CrossedHabLineInTeleop","CrossedHabLineInSandstorm",4,"None","None","Panel","None","None","None","None","None","Panel","Panel","Cargo","Cargo","Panel","Panel","HabLevel1","HabLevel2","HabLevel1",0,6,0,19,"None","None","None","None",25,"2019scmb_qm23_red","qm","2019scmb"
0,12,"Panel","Panel","Panel","Panel","PanelAndCargo","None","Panel","Panel",6,false,false,false,"None","HabLevel1","None",0,3,3,false,"CrossedHabLineInSandstorm","CrossedHabLineInSandstorm","CrossedHabLineInTeleop",12,"Panel","None","None","PanelAndCargo","None","None","None","None","Panel","Panel","Panel","Cargo","Cargo","Cargo","HabLevel2","HabLevel2","HabLevel1",2,12,0,21,"None","None","None","None",36,"2019scmb_qm23_blue","qm","2019scmb"
0,12,"Panel","Panel","Panel","None","PanelAndCargo","Panel","Panel","Panel",12,false,false,false,"None","HabLevel1","HabLevel3",0,0,15,true,"CrossedHabLineInSandstorm","CrossedHabLineInSandstorm","CrossedHabLineInSandstorm",10,"PanelAndCargo","None","PanelAndCargo","None","Panel","None","PanelAndCargo","None","Panel","Panel","Panel","Panel","Panel","Panel","HabLevel1","HabLevel1","HabLevel2",3,12,0,37,"None","None","None","None",49,"2019scmb_qm24_red","qm","2019scmb"
0,12,"Panel","Panel","PanelAndCargo","PanelAndCargo","PanelAndCargo","Panel","Panel","Panel",9,false,false,false,"HabLevel1","None","HabLevel1",0,0,6,false,"CrossedHabLineInSandstorm","CrossedHabLineInSandstorm","CrossedHabLineInSandstorm",8,"Panel","None","Panel","None","None","None","None","None","Panel","Panel","Panel","Panel","Panel","Panel","HabLevel2","HabLevel1","HabLevel1",0,12,0,23,"None","None","None","None",35,"2019scmb_qm24_blue","qm","2019scmb"
0,9,"PanelAndCargo","PanelAndCargo","None","Panel","Panel","None","PanelAndCargo","PanelAndCargo",18,false,false,false,"HabLevel1","HabLevel1","HabLevel2",0,0,12,false,"CrossedHabLineInSandstorm","CrossedHabLineInSandstorm","CrossedHabLineInSandstorm",12,"PanelAndCargo","None","PanelAndCargo","None","Panel","None","Panel","None","Panel","Panel","Cargo","Cargo","Panel","Panel","HabLevel1","HabLevel1","HabLevel1",0,9,0,42,"None","None","None","None",51,"2019scmb_qm25_red","qm","2019scmb"
0,12,"PanelAndCargo","PanelAndCargo","PanelAndCargo","PanelAndCargo","PanelAndCargo","Panel","Panel","Panel",15,false,false,false,"HabLevel1","HabLevel3","HabLevel1",0,0,18,true,"CrossedHabLineInSandstorm","CrossedHabLineInSandstorm","CrossedHabLineInSandstorm",10,"None","None","None","Panel","Panel","None","Panel","None","Panel","Panel","Panel","Panel","Panel","Panel","HabLevel1","HabLevel1","HabLevel2",3,12,0,43,"None","None","None","None",55,"2019scmb_qm25_blue","qm","2019scmb"
0,9,"Panel","Panel","PanelAndCargo","PanelAndCargo","PanelAndCargo","PanelAndCargo","Panel","PanelAndCargo",15,false,false,false,"HabLevel1","None","HabLevel1",0,0,6,false,"CrossedHabLineInSandstorm","CrossedHabLineInSandstorm","CrossedHabLineInSandstorm",4,"None","None","None","None","None","None","None","None","Panel","Panel","Panel","Panel","Panel","Panel","HabLevel1","HabLevel1","HabLevel1",2,9,0,25,"None","None","None","None",34,"2019scmb_qm26_red","qm","2019scmb"
0,6,"Panel","Panel","Panel","None","None","None","None","None",0,false,false,false,"HabLevel1","None","None",0,0,3,false,"CrossedHabLineInSandstorm","None","None",4,"None","None","None","None","None","None","None","None","Panel","Panel","Panel","Panel","Panel","Panel","HabLevel2","None","None",0,6,0,7,"Panel","None","Panel","None",13,"2019scmb_qm26_blue","qm","2019scmb"
0,9,"Panel","Panel","Panel","PanelAndCargo","PanelAndCargo","None","None","None",9,false,false,false,"HabLevel1","HabLevel1","HabLevel1",0,0,9,false,"CrossedHabLineInSandstorm","CrossedHabLineInSandstorm","CrossedHabLineInSandstorm",12,"None","None","Panel","None","None","None","Panel","None","Panel","Panel","Panel","Cargo","Cargo","Cargo","HabLevel1","HabLevel1","HabLevel1",2,9,0,30,"Panel","None","PanelAndCargo","None",39,"2019scmb_qm27_red","qm","2019scmb"
0,3,"Panel","Panel","Panel","None","PanelAndCargo","PanelAndCargo","PanelAndCargo","PanelAndCargo",12,false,false,false,"None","HabLevel1","HabLevel2",0,0,9,false,"None","CrossedHabLineInSandstorm","CrossedHabLineInTeleop",2,"None","None","None","None","None","None","None","None","Panel","Panel","Panel","Panel","Panel","Panel","HabLevel2","HabLevel1","HabLevel2",0,3,0,23,"None","None","None","None",26,"2019scmb_qm27_blue","qm","2019scmb"
0,6,"None","PanelAndCargo","Panel","None","None","PanelAndCargo","Panel","None",6,false,false,false,"HabLevel1","None","HabLevel1",0,0,6,false,"CrossedHabLineInSandstorm","CrossedHabLineInTeleop","CrossedHabLineInSandstorm",2,"None","None","None","None","None","None","None","None","Cargo","Panel","Panel","Panel","Panel","Cargo","HabLevel1","HabLevel1","HabLevel1",2,6,0,14,"Panel","None","None","None",20,"2019scmb_qm28_red","qm","2019scmb"
0,6,"Panel","Panel","Panel","None","None","Panel","Panel","Panel",3,false,false,false,"HabLevel1","None","HabLevel1",0,0,6,false,"CrossedHabLineInSandstorm","None","CrossedHabLineInSandstorm",4,"None","None","None","None","None","PanelAndCargo","None","Panel","Panel","Panel","Panel","Panel","Panel","Panel","HabLevel1","HabLevel1","HabLevel1",0,6,0,13,"None","None","None","None",19,"2019scmb_qm28_blue","qm","2019scmb"
0,12,"PanelAndCargo","PanelAndCargo","PanelAndCargo","None","None","Panel","Panel","PanelAndCargo",18,false,false,false,"HabLevel1","HabLevel3","HabLevel1",0,0,18,true,"CrossedHabLineInSandstorm","CrossedHabLineInSandstorm","CrossedHabLineInSandstorm",6,"None","None","Panel","None","PanelAndCargo","None","None","None","Panel","Panel","Panel","Panel","Panel","Panel","HabLevel2","HabLevel1","HabLevel1",3,12,0,42,"None","None","PanelAndCargo","None",54,"2019scmb_qm29_red","qm","2019scmb"
0,9,"PanelAndCargo","PanelAndCargo","PanelAndCargo","Panel","None","PanelAndCargo","PanelAndCargo","PanelAndCargo",18,false,false,false,"None","HabLevel1","HabLevel1",0,0,6,false,"CrossedHabLineInSandstorm","CrossedHabLineInTeleop","CrossedHabLineInSandstorm",4,"Panel","None","None","None","None","None","None","None","Panel","Panel","Panel","Panel","Panel","Panel","HabLevel1","HabLevel1","HabLevel2",0,9,0,28,"None","None","None","None",37,"2019scmb_qm29_blue","qm","2019scmb"
0,6,"Panel","None","None","None","Panel","None","None","Panel",0,false,false,false,"None","None","HabLevel1",0,0,3,false,"CrossedHabLineInSandstorm","CrossedHabLineInTeleop","CrossedHabLineInSandstorm",2,"None","None","None","None","None","None","None","None","Panel","Cargo","Cargo","Cargo","Cargo","Panel","HabLevel1","HabLevel1","HabLevel1",0,6,0,5,"None","None","None","None",11,"2019scmb_qm3_red","qm","2019scmb"
0,6,"Panel","None","Panel","None","PanelAndCargo","PanelAndCargo","None","Panel",6,false,false,false,"None","None","HabLevel1",0,0,3,false,"None","CrossedHabLineInSandstorm","CrossedHabLineInSandstorm",10,"None","Panel","None","Panel","None","None","None","Panel","Panel","Cargo","Panel","Panel","Cargo","Panel","None","HabLevel1","HabLevel1",2,6,0,19,"None","None","None","Panel",25,"2019scmb_qm3_blue","qm","2019scmb"
0,6,"Panel","None","None","None","None","None","None","Panel",0,false,false,false,"HabLevel1","None","HabLevel1",6,10,6,false,"CrossedHabLineInSandstorm","None","CrossedHabLineInTeleop",0,"None","None","None","None","None","None","None","None","Panel","Cargo","Cargo","Cargo","Cargo","Panel","HabLevel2","None","HabLevel1",0,6,0,6,"None","None","None","None",22,"2019scmb_qm30_red","qm","2019scmb"
0,9,"Panel","Panel","Panel","None","None","PanelAndCargo","PanelAndCargo","Panel",15,false,false,false,"HabLevel3","None","HabLevel1",0,18,15,true,"CrossedHabLineInSandstorm","CrossedHabLineInSandstorm","CrossedHabLineInSandstorm",12,"None","PanelAndCargo","None","PanelAndCargo","None","PanelAndCargo","None","Panel","Panel","Panel","Panel","Panel","Panel","Panel","HabLevel1","HabLevel1","HabLevel1",3,9,1,42,"None","Panel","None","Panel",69,"2019scmb_qm30_blue","qm","2019scmb"
0,12,"PanelAndCargo","PanelAndCargo","PanelAndCargo","PanelAndCargo","PanelAndCargo","PanelAndCargo","Panel","Panel",18,false,false,false,"HabLevel1","HabLevel1","HabLevel1",0,0,9,false,"CrossedHabLineInSandstorm","CrossedHabLineInSandstorm","CrossedHabLineInSandstorm",6,"None","Panel","None","None","None","None","None","None","Panel","Panel","Panel","Panel","Panel","Panel","HabLevel1","HabLevel1","HabLevel2",2,12,0,33,"None","None","None","None",45,"2019scmb_qm31_red","qm","2019scmb"
0,6,"Panel","Panel","Panel","None","PanelAndCargo","PanelAndCargo","Panel","Panel",6,false,false,false,"HabLevel1","HabLevel1","HabLevel1",0,0,9,false,"CrossedHabLineInSandstorm","CrossedHabLineInTeleop","CrossedHabLineInTeleop",6,"Panel","None","Panel","None","None","None","None","None","Panel","Panel","Panel","Panel","Panel","Panel","HabLevel2","HabLevel1","HabLevel2",0,6,0,21,"None","None","None","None",27,"2019scmb_qm31_blue","qm","2019scmb"
0,6,"Panel","Panel","None","PanelAndCargo","None","None","Panel","Panel",9,false,false,false,"HabLevel2","None","HabLevel1",1,3,9,false,"CrossedHabLineInSandstorm","CrossedHabLineInSandstorm","CrossedHabLineInTeleop",6,"None","PanelAndCargo","None","PanelAndCargo","None","None","None","None","Panel","Panel","Cargo","Cargo","Panel","Panel","HabLevel1","HabLevel1","HabLevel1",2,6,0,24,"None","None","None","None",33,"2019scmb_qm32_red","qm","2019scmb"
0,3,"None","None","None","None","Panel","None","None","None",0,false,false,false,"None","HabLevel1","None",1,3,3,false,"None","CrossedHabLineInSandstorm","CrossedHabLineInTeleop",2,"None","None","None","None","None","None","None","None","Cargo","Cargo","Cargo","Cargo","Cargo","Cargo","HabLevel1","HabLevel1","HabLevel1",0,3,0,5,"None","None","None","None",11,"2019scmb_qm32_blue","qm","2019scmb"
0,15,"PanelAndCargo","PanelAndCargo","None","None","PanelAndCargo","PanelAndCargo","PanelAndCargo","PanelAndCargo",18,false,false,false,"None","HabLevel1","HabLevel2",0,0,9,false,"CrossedHabLineInSandstorm","CrossedHabLineInSandstorm","CrossedHabLineInSandstorm",4,"None","None","None","None","None","None","None","None","Panel","Panel","Cargo","Cargo","Panel","Panel","HabLevel1","HabLevel2","HabLevel2",2,15,0,31,"None","None","None","None",46,"2019scmb_qm33_red","qm","2019scmb"
0,9,"Panel","Panel","PanelAndCargo","None","PanelAndCargo","Panel","Panel","Panel",6,false,false,false,"None","HabLevel1","None",0,0,3,false,"CrossedHabLineInSandstorm","CrossedHabLineInSandstorm","CrossedHabLineInSandstorm",4,"None","None","None","None","None","None","None","Panel","Panel","Panel","Panel","Panel","Panel","Panel","HabLevel1","HabLevel1","HabLevel1",0,9,0,13,"None","None","None","None",22,"2019scmb_qm33_blue","qm","2019scmb"
0,6,"Panel","Panel","Panel","None","PanelAndCargo","PanelAndCargo","PanelAndCargo","PanelAndCargo",12,false,false,false,"HabLevel1","None","HabLevel1",1,0,6,false,"CrossedHabLineInSandstorm","CrossedHabLineInTeleop","CrossedHabLineInSandstorm",2,"None","None","None","None","None","None","None","None","Panel","Panel","Panel","Panel","Panel","Panel","HabLevel1","HabLevel1","HabLevel1",0,6,0,20,"None","None","None","None",26,"2019scmb_qm34_red","qm","2019scmb"
0,12,"Panel","Panel","Panel","PanelAndCargo","PanelAndCargo","Panel","Panel","Panel",12,false,false,false,"HabLevel3","HabLevel1","HabLevel3",0,3,27,true,"CrossedHabLineInSandstorm","CrossedHabLineInSandstorm","CrossedHabLineInSandstorm",12,"None","PanelAndCargo","None","PanelAndCargo","None","Panel","None","Panel","Panel","Panel","Panel","Panel","Panel","Panel","HabLevel2","HabLevel1","HabLevel1",3,12,0,51,"None","None","None","None",66,"2019scmb_qm34_blue","qm","2019scmb"
0,12,"Panel","Panel","PanelAndCargo","None","None","Panel","Panel","Panel",3,false,false,false,"None","None","HabLevel1",1,0,3,false,"CrossedHabLineInSandstorm","CrossedHabLineInSandstorm","CrossedHabLineInSandstorm",4,"Panel","None","Panel","None","None","None","None","None","Panel","Panel","Panel","Panel","Panel","Panel","HabLevel2","HabLevel1","HabLevel1",0,12,0,10,"None","None","None","None",22,"2019scmb_qm35_red","qm","2019scmb"
0,9,"Panel","PanelAndCargo","PanelAndCargo","PanelAndCargo","PanelAndCargo","PanelAndCargo","PanelAndCargo","PanelAndCargo",21,false,false,false,"None","HabLevel1","HabLevel1",0,3,6,false,"CrossedHabLineInSandstorm","CrossedHabLineInSandstorm","CrossedHabLineInSandstorm",8,"Panel","None","Panel","None","None","None","None","None","Panel","Panel","Panel","Panel","Panel","Panel","HabLevel1","HabLevel1","HabLevel1",2,9,0,35,"None","None","None","None",47,"2019scmb_qm35_blue","qm","2019scmb"
0,15,"PanelAndCargo","PanelAndCargo","PanelAndCargo","PanelAndCargo","PanelAndCargo","None","None","PanelAndCargo",18,false,false,false,"HabLevel1","HabLevel1","HabLevel1",1,3,9,false,"CrossedHabLineInSandstorm","CrossedHabLineInSandstorm","CrossedHabLineInSandstorm",4,"None","None","None","None","None","None","None","None","Panel","Panel","Panel","Cargo","Cargo","Panel","HabLevel1","HabLevel2","HabLevel2",2,15,0,31,"None","None","None","None",49,"2019scmb_qm36_red","qm","2019scmb"
0,9,"Panel","Panel","Panel","None","None","Panel","Panel","Panel",0,false,false,false,"None","None","HabLevel2",1,3,6,false,"CrossedHabLineInSandstorm","CrossedHabLineInSandstorm","CrossedHabLineInTeleop",2,"Panel","None","None","None","None","None","None","None","Panel","Panel","Panel","Panel","Panel","Panel","HabLevel1","HabLevel2","HabLevel2",0,9,0,8,"None","None","None","None",20,"2019scmb_qm36_blue","qm","2019scmb"
0,6,"PanelAndCargo","None","PanelAndCargo","Panel","None","PanelAndCargo","None","PanelAndCargo",15,false,false,false,"HabLevel1","HabLevel1","None",0,0,6,false,"CrossedHabLineInSandstorm","CrossedHabLineInSandstorm","CrossedHabLineInTeleop",8,"None","PanelAndCargo","None","None","None","None","None","None","Panel","Cargo","Panel","Cargo","Cargo","Cargo","HabLevel1","HabLevel1","HabLevel1",2,6,0,29,"None","None","None","None",35,"2019scmb_qm37_red","qm","2019scmb"
0,9,"Panel","PanelAndCargo","PanelAndCargo","None","None","PanelAndCargo","PanelAndCargo","PanelAndCargo",15,false,false,false,"None","HabLevel1","None",0,0,3,false,"CrossedHabLineInSandstorm","CrossedHabLineInSandstorm","CrossedHabLineInSandstorm",2,"None","None","None","None","None","None","None","Panel","Panel","Panel","Panel","Panel","Panel","Panel","HabLevel1","HabLevel1","HabLevel1",0,9,0,20,"None","None","None","None",29,"2019scmb_qm37_blue","qm","2019scmb"
0,12,"PanelAndCargo","PanelAndCargo","PanelAndCargo","PanelAndCargo","PanelAndCargo","PanelAndCargo","PanelAndCargo","PanelAndCargo",24,false,false,false,"HabLevel3","HabLevel1","None",1,3,15,true,"CrossedHabLineInSandstorm","CrossedHabLineInSandstorm","CrossedHabLineInSandstorm",8,"None","Panel","None","Panel","None","None","None","None","Panel","Panel","Panel","Panel","Panel","Panel","HabLevel1","HabLevel1","HabLevel2",3,12,1,47,"None","None","None","None",62,"2019scmb_qm38_red","qm","2019scmb"
0,15,"Panel","PanelAndCargo","Panel","Panel","PanelAndCargo","Panel","Panel","Panel",6,false,false,false,"None","HabLevel1","HabLevel2",1,13,9,false,"CrossedHabLineInSandstorm","CrossedHabLineInSandstorm","CrossedHabLineInSandstorm",6,"None","None","None","Panel","None","None","None","None","Panel","Panel","Panel","Panel","Panel","Panel","HabLevel1","HabLevel2","HabLevel2",0,15,0,21,"None","None","None","None",49,"2019scmb_qm38_blue","qm","2019scmb"
0,9,"Panel","Panel","Panel","Panel","PanelAndCargo","PanelAndCargo","PanelAndCargo","PanelAndCargo",12,false,false,false,"HabLevel1","HabLevel1","HabLevel3",0,3,18,true,"CrossedHabLineInSandstorm","CrossedHabLineInTeleop","CrossedHabLineInSandstorm",6,"None","Panel","None","None","None","None","None","None","Panel","Panel","Panel","Panel","Panel","Panel","HabLevel2","HabLevel2","HabLevel1",3,9,0,36,"None","None","None","None",48,"2019scmb_qm39_red","qm","2019scmb"
0,9,"PanelAndCargo","PanelAndCargo","PanelAndCargo","None","None","PanelAndCargo","PanelAndCargo","Panel",15,false,false,false,"HabLevel1","HabLevel1","None",1,0,6,false,"CrossedHabLineInSandstorm","CrossedHabLineInSandstorm","CrossedHabLineInSandstorm",0,"None","None","None","None","None","None","None","None","Panel","Panel","Panel","Panel","Panel","Panel","HabLevel1","HabLevel1","HabLevel1",0,9,0,21,"None","None","None","None",30,"2019scmb_qm39_blue","qm","2019scmb"
0,15,"Panel","Panel","Panel","None","PanelAndCargo","Panel","Panel","Panel",15,false,false,false,"HabLevel3","HabLevel1","HabLevel1",0,0,18,true,"CrossedHabLineInSandstorm","CrossedHabLineInSandstorm","CrossedHabLineInSandstorm",12,"None","PanelAndCargo","None","PanelAndCargo","None","PanelAndCargo","None","None","Panel","Panel","Panel","Panel","Panel","Panel","HabLevel2","HabLevel1","HabLevel2",3,15,0,45,"None","PanelAndCargo","None","Panel",60,"2019scmb_qm4_red","qm","2019scmb"
0,12,"Panel","PanelAndCargo","PanelAndCargo","None","Panel","None","Panel","Panel",6,false,false,false,"HabLevel1","HabLevel1","HabLevel1",0,0,9,false,"CrossedHabLineInSandstorm","CrossedHabLineInSandstorm","CrossedHabLineInSandstorm",6,"None","None","None","None","None","None","None","None","Panel","Panel","Panel","Cargo","Cargo","Cargo","HabLevel1","HabLevel1","HabLevel2",0,12,0,21,"None","None","None","None",33,"2019scmb_qm4_blue","qm","2019scmb"
0,6,"Panel","Panel","Panel","None","None","PanelAndCargo","PanelAndCargo","Panel",6,false,false,false,"HabLevel1","HabLevel1","HabLevel1",0,0,9,false,"CrossedHabLineInSandstorm","CrossedHabLineInSandstorm","CrossedHabLineInTeleop",4,"None","Panel","None","None","None","Panel","None","None","Panel","Panel","Panel","Panel","Panel","Panel","HabLevel1","HabLevel1","HabLevel1",0,6,0,19,"None","None","None","None",25,"2019scmb_qm40_red","qm","2019scmb"
0,15,"None","None","None","PanelAndCargo","None","PanelAndCargo","None","Panel",6,false,false,false,"HabLevel1","HabLevel1","HabLevel1",0,0,9,false,"CrossedHabLineInSandstorm","CrossedHabLineInSandstorm","CrossedHabLineInSandstorm",4,"None","None","None","None","None","None","None","None","Cargo","Cargo","Cargo","Cargo","Cargo","Panel","HabLevel2","HabLevel1","HabLevel2",2,15,0,19,"None","None","None","None",34,"2019scmb_qm40_blue","qm","2019scmb"
0,0,"None","None","None","None","None","None","None","None",0,false,false,false,"HabLevel1","HabLevel3","HabLevel2",0,0,21,true,"CrossedHabLineInTeleop","CrossedHabLineInTeleop","CrossedHabLineInTeleop",2,"None","None","Panel","None","None","None","None","None","Cargo","Cargo","Cargo","Cargo","Cargo","Cargo","HabLevel1","HabLevel1","HabLevel2",1,0,0,23,"None","None","None","None",23,"2019scmb_qm41_red","qm","2019scmb"
0,12,"Panel","Panel","Panel","None","None","None","None","Panel",15,false,false,false,"None","None","HabLevel1",0,0,3,false,"CrossedHabLineInSandstorm","CrossedHabLineInSandstorm","CrossedHabLineInSandstorm",14,"PanelAndCargo","None","PanelAndCargo","Panel","PanelAndCargo","None","Panel","None","Panel","Panel","Panel","Cargo","Cargo","Panel","HabLevel2","HabLevel1","HabLevel1",2,12,0,32,"PanelAndCargo","None","PanelAndCargo","None",44,"2019scmb_qm41_blue","qm","2019scmb"
0,6,"PanelAndCargo","PanelAndCargo","PanelAndCargo","Panel","PanelAndCargo","PanelAndCargo","PanelAndCargo","Panel",18,false,false,false,"HabLevel2","HabLevel1","HabLevel1",0,0,12,false,"CrossedHabLineInSandstorm","CrossedHabLineInSandstorm","CrossedHabLineInTeleop",8,"None","None","Panel","None","None","Panel","None","None","Panel","Panel","Panel","Panel","Panel","Panel","HabLevel1","HabLevel1","HabLevel1",0,6,0,38,"None","None","None","None",44,"2019scmb_qm42_red","qm","2019scmb"
0,12,"None","Panel","PanelAndCargo","None","PanelAndCargo","PanelAndCargo","PanelAndCargo","None",18,false,false,false,"HabLevel1","HabLevel1","HabLevel3",0,0,18,true,"CrossedHabLineInSandstorm","CrossedHabLineInSandstorm","CrossedHabLineInSandstorm",8,"None","Panel","None","PanelAndCargo","None","None","None","PanelAndCargo","Cargo","Panel","Panel","Panel","Panel","Cargo","HabLevel2","HabLevel1","HabLevel1",3,12,0,44,"None","None","None","None",56,"2019scmb_qm42_blue","qm","2019scmb"
0,9,"PanelAndCargo","PanelAndCargo","PanelAndCargo","None","None","PanelAndCargo","PanelAndCargo","PanelAndCargo",18,false,false,false,"HabLevel1","HabLevel3","HabLevel1",0,0,18,true,"CrossedHabLineInSandstorm","CrossedHabLineInSandstorm","CrossedHabLineInSandstorm",2,"None","None","None","Panel","None","None","None","None","Panel","Panel","Panel","Panel","Panel","Panel","HabLevel1","HabLevel1","HabLevel1",3,9,0,38,"None","None","None","None",47,"2019scmb_qm43_red","qm","2019scmb"
0,6,"Panel","PanelAndCargo","PanelAndCargo","None","None","Panel","Panel","Panel",6,false,false,false,"HabLevel3","HabLevel1","HabLevel1",0,0,18,true,"CrossedHabLineInSandstorm","CrossedHabLineInTeleop","CrossedHabLineInSandstorm",2,"Panel","None","None","None","None","None","None","None","Panel","Panel","Panel","Panel","Panel","Panel","HabLevel1","HabLevel1","HabLevel1",1,6,0,26,"None","None","None","None",32,"2019scmb_qm43_blue","qm","2019scmb"
0,15,"None","PanelAndCargo","PanelAndCargo","PanelAndCargo","PanelAndCargo","PanelAndCargo","PanelAndCargo","Panel",18,false,false,false,"HabLevel1","HabLevel1","HabLevel1",1,0,9,false,"CrossedHabLineInSandstorm","CrossedHabLineInSandstorm","CrossedHabLineInSandstorm",12,"None","Panel","Panel","None","None","None","None","None","Cargo","Panel","Panel","Panel","Panel","Cargo","HabLevel2","HabLevel1","HabLevel2",2,15,0,39,"None","None","Panel","None",54,"2019scmb_qm44_red","qm","2019scmb"
0,9,"PanelAndCargo","PanelAndCargo","PanelAndCargo","PanelAndCargo","PanelAndCargo","Panel","None","None",15,false,false,false,"HabLevel1","HabLevel1","None",0,3,6,false,"CrossedHabLineInSandstorm","CrossedHabLineInSandstorm","CrossedHabLineInSandstorm",10,"Panel","None","None","Panel","None","None","None","None","Panel","Panel","Panel","Cargo","Cargo","Cargo","HabLevel1","HabLevel1","HabLevel1",0,9,0,31,"None","None","None","None",43,"2019scmb_qm44_blue","qm","2019scmb"
0,3,"None","Panel","None","None","None","Panel","Panel","None",0,false,false,false,"None","HabLevel1","HabLevel1",0,0,6,false,"CrossedHabLineInTeleop","CrossedHabLineInTeleop","CrossedHabLineInSandstorm",2,"None","None","None","None","None","None","None","None","Cargo","Panel","Cargo","Cargo","Panel","Cargo","HabLevel1","HabLevel2","HabLevel1",0,3,0,8,"None","None","None","None",11,"2019scmb_qm45_red","qm","2019scmb"
0,15,"PanelAndCargo","PanelAndCargo","PanelAndCargo","PanelAndCargo","PanelAndCargo","PanelAndCargo","PanelAndCargo","PanelAndCargo",24,false,false,false,"HabLevel2","HabLevel1","HabLevel1",0,0,12,false,"CrossedHabLineInSandstorm","CrossedHabLineInSandstorm","CrossedHabLineInSandstorm",4,"None","None","None","None","None","None","None","None","Panel","Panel","Panel","Panel","Panel","Panel","HabLevel1","HabLevel2","HabLevel2",2,15,0,40,"None","None","None","None",55,"2019scmb_qm45_blue","qm","2019scmb"
0,15,"PanelAndCargo","PanelAndCargo","PanelAndCargo","None","PanelAndCargo","PanelAndCargo","PanelAndCargo","Panel",18,false,false,false,"HabLevel1","HabLevel1","None",0,0,6,false,"CrossedHabLineInSandstorm","CrossedHabLineInSandstorm","CrossedHabLineInSandstorm",2,"None","None","None","None","None","None","None","None","Panel","Panel","Panel","Panel","Panel","Panel","HabLevel2","HabLevel1","HabLevel2",0,15,1,26,"None","None","None","None",41,"2019scmb_qm46_red","qm","2019scmb"
0,15,"PanelAndCargo","PanelAndCargo","PanelAndCargo","None","PanelAndCargo","PanelAndCargo","Panel","Panel",15,false,false,false,"HabLevel1","HabLevel1","HabLevel3",0,10,18,true,"CrossedHabLineInSandstorm","CrossedHabLineInSandstorm","CrossedHabLineInSandstorm",2,"None","None","None","None","None","None","None","None","Panel","Panel","Panel","Panel","Panel","Panel","HabLevel2","HabLevel2","HabLevel1",3,15,0,35,"None","None","None","None",60,"2019scmb_qm46_blue","qm","2019scmb"
0,9,"None","None","Panel","Panel","None","None","None","None",0,false,false,false,"HabLevel1","None","HabLevel1",0,0,6,false,"CrossedHabLineInSandstorm","None","CrossedHabLineInSandstorm",4,"None","None","None","None","None","None","None","None","Cargo","Cargo","Cargo","Cargo","Cargo","Cargo","HabLevel1","HabLevel2","HabLevel2",0,9,0,10,"None","None","None","None",19,"2019scmb_qm47_red","qm","2019scmb"
0,12,"Panel","Panel","PanelAndCargo","PanelAndCargo","PanelAndCargo","None","PanelAndCargo","Panel",18,false,false,false,"HabLevel1","HabLevel1","HabLevel3",0,0,18,true,"CrossedHabLineInSandstorm","CrossedHabLineInSandstorm","CrossedHabLineInSandstorm",8,"None","None","None","None","None","PanelAndCargo","None","PanelAndCargo","Panel","Panel","Panel","Cargo","Panel","Panel","HabLevel1","HabLevel2","HabLevel1",3,12,0,44,"None","None","None","None",56,"2019scmb_qm47_blue","qm","2019scmb"
0,15,"PanelAndCargo","PanelAndCargo","PanelAndCargo","PanelAndCargo","PanelAndCargo","Panel","Panel","Panel",18,false,false,false,"None","HabLevel1","None",0,3,3,false,"CrossedHabLineInSandstorm","CrossedHabLineInSandstorm","CrossedHabLineInSandstorm",10,"Panel","Panel","PanelAndCargo","None","None","None","None","None","Panel","Panel","Panel","Panel","Panel","Panel","HabLevel2","HabLevel1","HabLevel2",2,15,0,31,"None","None","None","None",49,"2019scmb_qm48_red","qm","2019scmb"
0,12,"PanelAndCargo","PanelAndCargo","PanelAndCargo","None","None","PanelAndCargo","Panel","Panel",12,false,false,false,"HabLevel1","HabLevel1","HabLevel1",1,0,9,false,"CrossedHabLineInSandstorm","CrossedHabLineInSandstorm","CrossedHabLineInSandstorm",0,"None","None","None","None","None","None","None","None","Panel","Panel","Panel","Panel","Panel","Panel","HabLevel2","HabLevel1","HabLevel1",0,12,0,21,"None","None","None","None",33,"2019scmb_qm48_blue","qm","2019scmb"
0,9,"Panel","Panel","Panel","None","None","Panel","Panel","Panel",3,false,false,false,"HabLevel1","HabLevel1","HabLevel3",0,10,18,true,"CrossedHabLineInSandstorm","CrossedHabLineInSandstorm","CrossedHabLineInSandstorm",8,"PanelAndCargo","None","Panel","None","None","None","Panel","None","Panel","Cargo","Panel","Panel","Panel","Panel","HabLevel1","HabLevel1","HabLevel1",3,9,0,29,"None","None","None","None",48,"2019scmb_qm49_red","qm","2019scmb"
0,9,"Panel","PanelAndCargo","PanelAndCargo","PanelAndCargo","PanelAndCargo","PanelAndCargo","Panel","Panel",15,false,false,false,"None","HabLevel1","HabLevel1",0,0,6,false,"CrossedHabLineInTeleop","CrossedHabLineInSandstorm","CrossedHabLineInSandstorm",12,"Panel","Panel","Panel","Panel","None","None","None","None","Panel","Panel","Panel","Panel","Panel","Panel","HabLevel1","HabLevel2","HabLevel1",0,9,1,33,"None","None","None","None",42,"2019scmb_qm49_blue","qm","2019scmb"
0,9,"None","None","None","PanelAndCargo","Panel","None","None","None",3,false,false,false,"HabLevel1","HabLevel1","HabLevel1",0,3,9,false,"CrossedHabLineInSandstorm","CrossedHabLineInTeleop","CrossedHabLineInSandstorm",6,"None","None","None","None","None","None","None","None","Cargo","Cargo","Cargo","Cargo","Cargo","Cargo","HabLevel1","HabLevel1","HabLevel2",2,9,0,18,"None","Panel","None","None",30,"2019scmb_qm5_red","qm","2019scmb"
0,6,"None","None","None","PanelAndCargo","Panel","None","None","None",3,false,false,false,"HabLevel1","None","None",1,0,3,false,"CrossedHabLineInSandstorm","CrossedHabLineInSandstorm","None",4,"None","None","None","None","None","None","None","None","Cargo","Cargo","Cargo","Cargo","Cargo","Cargo","HabLevel1","HabLevel1","HabLevel1",0,6,0,10,"None","None","None","None",16,"2019scmb_qm5_blue","qm","2019scmb"
0,6,"Panel","Panel","Panel","Panel","None","Panel","Panel","Panel",0,false,false,false,"HabLevel1","HabLevel1","None",0,0,6,false,"CrossedHabLineInSandstorm","CrossedHabLineInSandstorm","CrossedHabLineInTeleop",2,"None","None","None","None","None","None","None","None","Panel","Panel","Panel","Panel","Panel","Panel","HabLevel1","HabLevel1","HabLevel1",0,6,0,8,"None","None","None","None",14,"2019scmb_qm50_red","qm","2019scmb"
0,9,"PanelAndCargo","PanelAndCargo","PanelAndCargo","PanelAndCargo","PanelAndCargo","PanelAndCargo","PanelAndCargo","PanelAndCargo",24,false,false,false,"HabLevel1","HabLevel1","HabLevel3",0,0,18,true,"CrossedHabLineInSandstorm","CrossedHabLineInSandstorm","CrossedHabLineInSandstorm",4,"None","None","None","None","None","None","None","None","Panel","Panel","Panel","Panel","Panel","Panel","HabLevel1","HabLevel1","HabLevel1",3,9,0,46,"None","None","None","None",55,"2019scmb_qm50_blue","qm","2019scmb"
0,12,"None","Panel","None","PanelAndCargo","None","Panel","Panel","None",9,false,false,false,"HabLevel1","None","None",1,0,3,false,"CrossedHabLineInSandstorm","CrossedHabLineInSandstorm","CrossedHabLineInSandstorm",10,"None","PanelAndCargo","None","PanelAndCargo","None","Panel","None","None","Cargo","Panel","Panel","Panel","Panel","Cargo","HabLevel1","HabLevel2","HabLevel1",0,12,0,22,"None","Panel","None","None",34,"2019scmb_qm51_red","qm","2019scmb"
0,12,"PanelAndCargo","PanelAndCargo","PanelAndCargo","PanelAndCargo","None","PanelAndCargo","Panel","Panel",24,false,false,false,"HabLevel1","HabLevel1","HabLevel3",0,3,18,true,"CrossedHabLineInSandstorm","CrossedHabLineInSandstorm","CrossedHabLineInSandstorm",8,"None","PanelAndCargo","None","PanelAndCargo","PanelAndCargo","None","None","None","Panel","Panel","Panel","Panel","Panel","Panel","HabLevel1","HabLevel2","HabLevel1",3,12,0,50,"None","None","None","None",65,"2019scmb_qm51_blue","qm","2019scmb"
0,9,"None","Panel","PanelAndCargo","Panel","PanelAndCargo","Panel","PanelAndCargo","None",15,false,false,false,"HabLevel1","HabLevel1","HabLevel3",0,10,18,true,"CrossedHabLineInTeleop","CrossedHabLineInSandstorm","CrossedHabLineInSandstorm",12,"PanelAndCargo","None","PanelAndCargo","None","None","None","None","None","Cargo","Panel","Panel","Panel","Panel","Cargo","HabLevel1","HabLevel1","HabLevel2",3,9,0,45,"Panel","None","Panel","None",64,"2019scmb_qm52_red","qm","2019scmb"
0,6,"Panel","Panel","Panel","Panel","None","PanelAndCargo","None","None",3,false,false,false,"HabLevel1","HabLevel1","HabLevel2",0,0,12,false,"CrossedHabLineInTeleop","CrossedHabLineInTeleop","CrossedHabLineInSandstorm",2,"None","None","None","None","None","None","None","None","Panel","Panel","Panel","Panel","Cargo","Cargo","HabLevel2","HabLevel1","HabLevel2",0,6,1,17,"None","None","None","None",23,"2019scmb_qm52_blue","qm","2019scmb"
0,9,"Panel","Panel","PanelAndCargo","None","PanelAndCargo","PanelAndCargo","PanelAndCargo","PanelAndCargo",18,false,false,false,"None","None","None",0,0,0,false,"CrossedHabLineInSandstorm","CrossedHabLineInSandstorm","CrossedHabLineInSandstorm",10,"None","Panel","None","None","None","PanelAndCargo","None","Panel","Panel","Panel","Panel","Panel","Panel","Panel","HabLevel1","HabLevel1","HabLevel1",2,9,0,28,"None","Panel","None","None",37,"2019scmb_qm53_red","qm","2019scmb"
0,9,"None","Panel","Panel","None","None","Panel","Panel","Panel",0,false,false,false,"HabLevel1","HabLevel1","HabLevel1",0,0,9,false,"CrossedHabLineInSandstorm","CrossedHabLineInSandstorm","CrossedHabLineInSandstorm",4,"None","None","Panel","Panel","None","None","None","None","Cargo","Panel","Panel","Panel","Panel","Panel","HabLevel1","HabLevel1","HabLevel1",0,9,0,13,"None","None","None","None",22,"2019scmb_qm53_blue","qm","2019scmb"
0,9,"PanelAndCargo","PanelAndCargo","PanelAndCargo","Panel","Panel","Panel","PanelAndCargo","Panel",18,false,false,false,"None","None","HabLevel1",0,0,3,false,"CrossedHabLineInSandstorm","CrossedHabLineInSandstorm","CrossedHabLineInTeleop",14,"None","PanelAndCargo","Panel","PanelAndCargo","None","Panel","None","Panel","Panel","Panel","Panel","Panel","Panel","Panel","HabLevel1","HabLevel2","HabLevel2",2,9,0,35,"None","None","None","None",44,"2019scmb_qm54_red","qm","2019scmb"
0,9,"Panel","None","PanelAndCargo","None","None","Panel","None","Panel",3,false,false,false,"HabLevel1","None","HabLevel1",0,0,6,false,"CrossedHabLineInTeleop","CrossedHabLineInSandstorm","CrossedHabLineInSandstorm",4,"None","None","None","None","None","None","None","Panel","Panel","Cargo","Panel","Panel","Cargo","Panel","HabLevel1","HabLevel2","HabLevel1",0,9,0,13,"None","None","None","Panel",22,"2019scmb_qm54_blue","qm","2019scmb"
0,9,"Panel","Panel","Panel","None","None","PanelAndCargo","PanelAndCargo","PanelAndCargo",9,false,false,false,"HabLevel1","HabLevel1","HabLevel3",0,0,18,true,"CrossedHabLineInSandstorm","CrossedHabLineInSandstorm","CrossedHabLineInSandstorm",4,"None","Panel","None","Panel","None","None","None","None","Panel","Panel","Panel","Panel","Panel","Panel","HabLevel1","HabLevel1","HabLevel1",1,9,0,31,"None","None","None","None",40,"2019scmb_qm55_red","qm","2019scmb"
0,9,"Panel","PanelAndCargo","None","PanelAndCargo","PanelAndCargo","PanelAndCargo","PanelAndCargo","PanelAndCargo",18,false,false,false,"HabLevel1","HabLevel1","HabLevel1",0,0,9,false,"CrossedHabLineInSandstorm","CrossedHabLineInSandstorm","CrossedHabLineInSandstorm",10,"None","Panel","None","Panel","None","None","None","None","Panel","Panel","Cargo","Cargo","Panel","Panel","HabLevel1","HabLevel1","HabLevel1",2,9,0,37,"None","None","None","None",46,"2019scmb_qm55_blue","qm","2019scmb"
0,12,"PanelAndCargo","PanelAndCargo","PanelAndCargo","PanelAndCargo","None","PanelAndCargo","PanelAndCargo","Panel",24,false,false,false,"HabLevel1","HabLevel1","HabLevel1",0,0,9,false,"CrossedHabLineInSandstorm","CrossedHabLineInSandstorm","CrossedHabLineInSandstorm",8,"PanelAndCargo","Panel","PanelAndCargo","None","None","None","None","None","Panel","Panel","Panel","Panel","Panel","Panel","HabLevel1","HabLevel2","HabLevel1",2,12,0,41,"None","None","None","None",53,"2019scmb_qm56_red","qm","2019scmb"
0,12,"PanelAndCargo","PanelAndCargo","PanelAndCargo","None","Panel","PanelAndCargo","PanelAndCargo","PanelAndCargo",18,false,false,false,"HabLevel1","None","HabLevel2",0,0,9,false,"CrossedHabLineInSandstorm","None","CrossedHabLineInSandstorm",2,"None","None","None","None","None","None","None","None","Panel","Panel","Panel","Panel","Panel","Panel","HabLevel2","None","HabLevel2",0,12,0,29,"None","None","None","None",41,"2019scmb_qm56_blue","qm","2019scmb"
0,12,"Panel","Panel","Panel","None","None","PanelAndCargo","PanelAndCargo","PanelAndCargo",18,false,false,false,"None","HabLevel3","HabLevel1",0,0,15,true,"CrossedHabLineInSandstorm","CrossedHabLineInSandstorm","CrossedHabLineInSandstorm",8,"PanelAndCargo","Panel","PanelAndCargo","PanelAndCargo","None","None","None","None","Panel","Panel","Panel","Panel","Panel","Panel","HabLevel1","HabLevel1","HabLevel2",1,12,0,41,"None","None","None","None",53,"2019scmb_qm57_red","qm","2019scmb"
0,9,"PanelAndCargo","PanelAndCargo","PanelAndCargo","None","Panel","PanelAndCargo","PanelAndCargo","PanelAndCargo",18,false,false,false,"HabLevel3","HabLevel3","HabLevel2",0,0,30,true,"CrossedHabLineInSandstorm","CrossedHabLineInSandstorm","CrossedHabLineInSandstorm",2,"None","None","None","None","None","None","None","None","Panel","Panel","Panel","Panel","Panel","Panel","HabLevel1","HabLevel1","HabLevel1",3,9,0,50,"None","None","None","None",59,"2019scmb_qm57_blue","qm","2019scmb"
0,15,"PanelAndCargo","PanelAndCargo","PanelAndCargo","None","PanelAndCargo","PanelAndCargo","PanelAndCargo","PanelAndCargo",21,false,false,false,"HabLevel2","HabLevel1","HabLevel1",0,12,12,false,"CrossedHabLineInSandstorm","CrossedHabLineInSandstorm","CrossedHabLineInSandstorm",2,"None","None","None","None","None","None","None","None","Panel","Panel","Panel","Panel","Panel","Panel","HabLevel2","HabLevel1","HabLevel2",2,15,0,35,"None","None","None","None",62,"2019scmb_qm58_red","qm","2019scmb"
0,9,"PanelAndCargo","PanelAndCargo","PanelAndCargo","PanelAndCargo","None","PanelAndCargo","Panel","Panel",15,false,false,false,"HabLevel1","HabLevel1","HabLevel3",4,0,18,true,"CrossedHabLineInSandstorm","CrossedHabLineInSandstorm","CrossedHabLineInSandstorm",4,"None","Panel","None","None","None","None","None","None","Panel","Panel","Panel","Panel","Panel","Panel","HabLevel1","HabLevel1","HabLevel1",1,9,0,37,"None","None","None","None",46,"2019scmb_qm58_blue","qm","2019scmb"
0,12,"PanelAndCargo","Panel","PanelAndCargo","PanelAndCargo","PanelAndCargo","PanelAndCargo","PanelAndCargo","Panel",18,false,false,false,"HabLevel1","HabLevel2","HabLevel1",0,3,12,false,"CrossedHabLineInSandstorm","CrossedHabLineInSandstorm","CrossedHabLineInSandstorm",12,"None","Panel","Panel","Panel","None","Panel","None","None","Panel","Panel","Panel","Panel","Panel","Panel","HabLevel1","HabLevel2","HabLevel1",2,12,0,42,"None","None","None","None",57,"2019scmb_qm59_red","qm","2019scmb"
0,9,"PanelAndCargo","PanelAndCargo","PanelAndCargo","Panel","Panel","PanelAndCargo","PanelAndCargo","Panel",15,false,false,false,"HabLevel1","HabLevel1","HabLevel1",1,0,9,false,"CrossedHabLineInTeleop","CrossedHabLineInSandstorm","CrossedHabLineInSandstorm",4,"None","None","None","None","None","None","None","None","Panel","Panel","Panel","Panel","Panel","Panel","HabLevel1","HabLevel1","HabLevel2",0,9,0,28,"None","None","None","None",37,"2019scmb_qm59_blue","qm","2019scmb"
0,3,"None","None","None","None","None","Panel","Panel","None",0,false,false,false,"HabLevel1","HabLevel1","HabLevel1",0,10,6,false,"CrossedHabLineInTeleop","None","CrossedHabLineInSandstorm",4,"None","None","None","None","None","None","None","None","Cargo","Cargo","Cargo","Cargo","Cargo","Cargo","HabLevel1","HabLevel1","HabLevel1",2,3,0,10,"None","None","None","None",23,"2019scmb_qm6_red","qm","2019scmb"
0,3,"None","None","Panel","None","None","Panel","None","None",6,false,false,false,"None","None","HabLevel1",0,0,3,false,"None","None","CrossedHabLineInSandstorm",4,"None","None","None","None","None","None","None","None","Cargo","Cargo","Panel","Panel","Cargo","Cargo","HabLevel1","None","HabLevel1",0,3,1,13,"PanelAndCargo","None","PanelAndCargo","None",16,"2019scmb_qm6_blue","qm","2019scmb"
0,9,"Panel","Panel","Panel","None","None","PanelAndCargo","PanelAndCargo","Panel",12,false,false,false,"HabLevel3","HabLevel1","HabLevel1",0,0,18,true,"CrossedHabLineInSandstorm","CrossedHabLineInSandstorm","CrossedHabLineInSandstorm",6,"None","Panel","None","None","None","PanelAndCargo","None","PanelAndCargo","Panel","Panel","Panel","Panel","Panel","Panel","HabLevel1","HabLevel1","HabLevel1",1,9,0,36,"None","None","None","None",45,"2019scmb_qm60_red","qm","2019scmb"
0,9,"Panel","PanelAndCargo","PanelAndCargo","Panel","Panel","PanelAndCargo","PanelAndCargo","Panel",12,false,false,false,"HabLevel3","HabLevel1","HabLevel1",0,0,18,true,"CrossedHabLineInSandstorm","CrossedHabLineInTeleop","CrossedHabLineInSandstorm",12,"None","None","None","Panel","Panel","None","None","Panel","Panel","Panel","Panel","Panel","Panel","Panel","HabLevel1","HabLevel1","HabLevel2",3,9,0,42,"Panel","None","None","None",51,"2019scmb_qm60_blue","qm","2019scmb"
0,15,"PanelAndCargo","PanelAndCargo","PanelAndCargo","PanelAndCargo","None","Panel","Panel","None",12,false,false,false,"HabLevel1","HabLevel2","HabLevel1",7,0,12,false,"CrossedHabLineInSandstorm","CrossedHabLineInSandstorm","CrossedHabLineInSandstorm",8,"None","None","None","None","None","None","None","None","Panel","Panel","Cargo","Cargo","Cargo","Cargo","HabLevel2","HabLevel2","HabLevel1",0,15,0,32,"None","None","None","None",47,"2019scmb_qm61_red","qm","2019scmb"
0,9,"Panel","Panel","Panel","PanelAndCargo","None","None","Panel","None",9,false,false,false,"None","HabLevel1","HabLevel3",0,21,15,true,"CrossedHabLineInSandstorm","CrossedHabLineInSandstorm","CrossedHabLineInSandstorm",14,"None","PanelAndCargo","None","Panel","None","PanelAndCargo","None","Panel","Panel","Panel","Panel","Cargo","Cargo","Cargo","HabLevel1","HabLevel1","HabLevel1",3,9,0,38,"None","None","None","Panel",68,"2019scmb_qm61_blue","qm","2019scmb"
0,12,"Panel","Panel","None","None","Panel","PanelAndCargo","Panel","Panel",6,false,false,false,"HabLevel3","HabLevel1","HabLevel1",0,0,18,true,"CrossedHabLineInSandstorm","CrossedHabLineInSandstorm","CrossedHabLineInSandstorm",12,"Panel","PanelAndCargo","Panel","Panel","None","None","None","None","Panel","Panel","Cargo","Cargo","Panel","Panel","HabLevel1","HabLevel2","HabLevel1",3,12,0,36,"None","None","None","None",48,"2019scmb_qm62_red","qm","2019scmb"
0,9,"Panel","None","Panel","PanelAndCargo","Panel","Panel","Panel","Panel",3,false,false,false,"HabLevel1","None","HabLevel3",0,0,15,true,"CrossedHabLineInTeleop","CrossedHabLineInSandstorm","CrossedHabLineInSandstorm",8,"None","None","None","Panel","None","None","None","Panel","Panel","Cargo","Panel","Panel","Panel","Panel","HabLevel1","HabLevel1","HabLevel2",1,9,0,26,"None","None","None","None",35,"2019scmb_qm62_blue","qm","2019scmb"
0,9,"Panel","Panel","Panel","None","None","Panel","Panel","Panel",0,false,false,false,"None","HabLevel2","HabLevel1",0,0,9,false,"CrossedHabLineInTeleop","CrossedHabLineInSandstorm","CrossedHabLineInSandstorm",8,"None","None","Panel","None","None","None","None","None","Panel","Panel","Panel","Cargo","Cargo","Cargo","HabLevel2","HabLevel1","HabLevel2",0,9,0,17,"None","None","None","None",26,"2019scmb_qm63_red","qm","2019scmb"
0,12,"PanelAndCargo","PanelAndCargo","PanelAndCargo","PanelAndCargo","PanelAndCargo","Panel","Panel","Panel",15,false,false,false,"HabLevel2","HabLevel1","None",0,0,9,false,"CrossedHabLineInSandstorm","CrossedHabLineInSandstorm","CrossedHabLineInSandstorm",4,"None","None","None","None","None","None","None","None","Panel","Panel","Panel","Panel","Panel","Panel","HabLevel2","HabLevel1","HabLevel1",2,12,0,28,"None","None","None","None",40,"2019scmb_qm63_blue","qm","2019scmb"
0,6,"Panel","Panel","PanelAndCargo","PanelAndCargo","None","PanelAndCargo","PanelAndCargo","PanelAndCargo",15,false,false,false,"None","None","None",0,0,0,false,"CrossedHabLineInTeleop","CrossedHabLineInSandstorm","CrossedHabLineInTeleop",4,"None","None","Panel","None","None","None","None","None","Panel","Panel","Panel","Panel","Panel","Panel","HabLevel2","HabLevel2","HabLevel1",0,6,0,19,"None","None","None","None",25,"2019scmb_qm64_red","qm","2019scmb"
0,15,"PanelAndCargo","PanelAndCargo","PanelAndCargo","None","None","PanelAndCargo","Panel","Panel",12,false,false,false,"None","HabLevel1","None",0,0,3,false,"CrossedHabLineInSandstorm","CrossedHabLineInSandstorm","CrossedHabLineInSandstorm",0,"None","None","None","None","None","None","None","None","Panel","Panel","Panel","Panel","Panel","Panel","HabLevel2","HabLevel1","HabLevel2",2,15,0,15,"None","None","None","None",30,"2019scmb_qm64_blue","qm","2019scmb"
0,9,"Panel","PanelAndCargo","PanelAndCargo","PanelAndCargo","None","PanelAndCargo","PanelAndCargo","PanelAndCargo",18,false,false,false,"HabLevel1","HabLevel1","None",0,0,6,false,"CrossedHabLineInSandstorm","CrossedHabLineInSandstorm","CrossedHabLineInSandstorm",2,"None","None","None","None","None","None","None","None","Panel","Panel","Panel","Panel","Panel","Panel","HabLevel1","HabLevel1","HabLevel1",0,9,1,26,"None","None","None","None",35,"2019scmb_qm65_red","qm","2019scmb"
0,9,"PanelAndCargo","PanelAndCargo","PanelAndCargo","None","PanelAndCargo","PanelAndCargo","PanelAndCargo","PanelAndCargo",21,false,false,false,"HabLevel1","HabLevel3","HabLevel1",0,10,18,true,"CrossedHabLineInSandstorm","CrossedHabLineInSandstorm","CrossedHabLineInSandstorm",2,"None","None","None","None","None","None","None","None","Panel","Panel","Panel","Panel","Panel","Panel","HabLevel1","HabLevel1","HabLevel1",3,9,0,41,"None","None","None","None",60,"2019scmb_qm65_blue","qm","2019scmb"
0,9,"PanelAndCargo","Panel","PanelAndCargo","None","None","Panel","Panel","Panel",6,false,false,false,"HabLevel1","None","HabLevel1",0,3,6,false,"CrossedHabLineInSandstorm","CrossedHabLineInSandstorm","CrossedHabLineInSandstorm",0,"None","None","None","None","None","None","None","None","Panel","Panel","Panel","Panel","Panel","Panel","HabLevel1","HabLevel1","HabLevel1",0,9,0,12,"None","None","None","None",24,"2019scmb_qm66_red","qm","2019scmb"
0,15,"None","None","None","Panel","Panel","None","None","None",0,false,false,false,"HabLevel1","HabLevel1","HabLevel1",1,0,9,false,"CrossedHabLineInSandstorm","CrossedHabLineInSandstorm","CrossedHabLineInSandstorm",4,"None","None","None","None","None","None","None","None","Panel","Panel","Panel","Cargo","Cargo","Cargo","HabLevel2","HabLevel2","HabLevel1",2,15,0,13,"None","None","None","None",28,"2019scmb_qm66_blue","qm","2019scmb"
0,9,"Panel","Panel","PanelAndCargo","PanelAndCargo","PanelAndCargo","Panel","PanelAndCargo","PanelAndCargo",21,false,false,false,"HabLevel3","HabLevel1","None",0,18,15,true,"CrossedHabLineInSandstorm","CrossedHabLineInSandstorm","CrossedHabLineInSandstorm",14,"None","Panel","None","Panel","None","PanelAndCargo","None","PanelAndCargo","Panel","Panel","Panel","Panel","Panel","Panel","HabLevel1","HabLevel1","HabLevel1",3,9,0,50,"None","Panel","None","None",77,"2019scmb_qm67_red","qm","2019scmb"
0,6,"Panel","Panel","Panel","PanelAndCargo","PanelAndCargo","Panel","Panel","Panel",15,false,false,false,"HabLevel1","HabLevel3","HabLevel1",6,0,18,true,"CrossedHabLineInTeleop","CrossedHabLineInSandstorm","CrossedHabLineInSandstorm",12,"PanelAndCargo","None","PanelAndCargo","None","None","None","None","None","Panel","Panel","Panel","Panel","Panel","Panel","HabLevel1","HabLevel1","HabLevel1",1,6,0,45,"PanelAndCargo","None","Panel","None",51,"2019scmb_qm67_blue","qm","2019scmb"
0,9,"PanelAndCargo","Panel","Panel","PanelAndCargo","None","Panel","PanelAndCargo","Panel",12,false,false,false,"None","None","None",0,0,0,false,"CrossedHabLineInSandstorm","CrossedHabLineInSandstorm","CrossedHabLineInSandstorm",6,"None","PanelAndCargo","None","Panel","None","None","None","None","Panel","Panel","Panel","Panel","Panel","Panel","HabLevel1","HabLevel1","HabLevel1",0,9,0,18,"None","None","None","None",27,"2019scmb_qm68_red","qm","2019scmb"
0,9,"None","None","None","PanelAndCargo","Panel","PanelAndCargo","Panel","Panel",6,false,false,false,"HabLevel1","HabLevel1","None",0,0,6,false,"CrossedHabLineInSandstorm","CrossedHabLineInSandstorm","CrossedHabLineInSandstorm",8,"Panel","None","None","Panel","None","None","None","None","Cargo","Cargo","Cargo","Panel","Panel","Panel","HabLevel1","HabLevel1","HabLevel1",2,9,0,20,"None","None","None","None",29,"2019scmb_qm68_blue","qm","2019scmb"
0,12,"PanelAndCargo","PanelAndCargo","PanelAndCargo","None","None","Panel","Panel","Panel",15,false,false,false,"HabLevel3","HabLevel1","HabLevel1",0,0,18,true,"CrossedHabLineInSandstorm","CrossedHabLineInSandstorm","CrossedHabLineInSandstorm",4,"None","PanelAndCargo","None","PanelAndCargo","None","None","None","None","Panel","Panel","Panel","Panel","Panel","Panel","HabLevel1","HabLevel1","HabLevel2",1,12,1,37,"None","None","None","None",49,"2019scmb_qm69_red","qm","2019scmb"
0,9,"PanelAndCargo","PanelAndCargo","PanelAndCargo","Panel","PanelAndCargo","Panel","Panel","Panel",12,false,false,false,"HabLevel2","HabLevel3","HabLevel2",0,10,24,true,"CrossedHabLineInTeleop","CrossedHabLineInSandstorm","CrossedHabLineInSandstorm",10,"Panel","None","None","Panel","None","None","None","Panel","Panel","Panel","Panel","Panel","Panel","Panel","HabLevel1","HabLevel1","HabLevel2",3,9,0,46,"None","None","None","None",65,"2019scmb_qm69_blue","qm","2019scmb"
0,3,"Panel","None","None","None","None","None","None","Panel",9,false,false,false,"HabLevel1","HabLevel1","HabLevel1",1,0,9,false,"CrossedHabLineInSandstorm","CrossedHabLineInTeleop","CrossedHabLineInTeleop",8,"PanelAndCargo","None","PanelAndCargo","None","PanelAndCargo","None","Panel","None","Panel","Cargo","Cargo","Cargo","Cargo","Panel","HabLevel1","HabLevel1","HabLevel1",1,3,0,26,"None","None","None","None",29,"2019scmb_qm7_red","qm","2019scmb"
0,3,"None","None","Panel","None","PanelAndCargo","Panel","None","None",9,false,false,false,"None","HabLevel1","HabLevel1",0,3,6,false,"CrossedHabLineInTeleop","CrossedHabLineInTeleop","CrossedHabLineInSandstorm",8,"None","PanelAndCargo","None","PanelAndCargo","None","None","None","Panel","Cargo","Cargo","Panel","Panel","Cargo","Cargo","HabLevel2","HabLevel2","HabLevel1",1,3,0,23,"None","None","None","None",29,"2019scmb_qm7_blue","qm","2019scmb"
0,9,"PanelAndCargo","PanelAndCargo","PanelAndCargo","None","None","Panel","Panel","Panel",9,false,false,false,"HabLevel2","HabLevel2","None",2,10,12,false,"CrossedHabLineInSandstorm","CrossedHabLineInSandstorm","None",0,"None","None","None","None","None","None","None","None","Panel","Panel","Panel","Panel","Panel","Panel","HabLevel1","HabLevel2","None",0,9,0,21,"None","None","None","None",40,"2019scmb_qm70_red","qm","2019scmb"
0,15,"PanelAndCargo","PanelAndCargo","PanelAndCargo","None","None","PanelAndCargo","PanelAndCargo","PanelAndCargo",24,false,false,false,"HabLevel1","HabLevel1","HabLevel1",0,6,9,false,"CrossedHabLineInSandstorm","CrossedHabLineInSandstorm","CrossedHabLineInSandstorm",8,"None","PanelAndCargo","None","PanelAndCargo","Panel","None","None","None","Panel","Panel","Panel","Panel","Panel","Panel","HabLevel2","HabLevel1","HabLevel2",2,15,1,41,"Panel","None","None","None",62,"2019scmb_qm70_blue","qm","2019scmb"
0,3,"None","None","None","None","None","None","None","None",0,false,false,false,"None","None","HabLevel1",0,0,3,false,"CrossedHabLineInSandstorm","CrossedHabLineInTeleop","CrossedHabLineInTeleop",10,"None","None","Panel","None","Panel","None","Panel","None","Cargo","Cargo","Cargo","Cargo","Cargo","Cargo","HabLevel1","HabLevel1","HabLevel1",0,3,0,13,"Panel","None","Panel","None",16,"2019scmb_qm8_red","qm","2019scmb"
0,12,"Panel","Panel","PanelAndCargo","Panel","PanelAndCargo","Panel","None","None",6,false,false,false,"HabLevel1","None","None",0,0,3,false,"CrossedHabLineInSandstorm","CrossedHabLineInSandstorm","CrossedHabLineInSandstorm",12,"None","Panel","None","None","None","Panel","None","Panel","Panel","Panel","Panel","Cargo","Cargo","Cargo","HabLevel1","HabLevel2","HabLevel1",2,12,0,21,"None","None","None","None",33,"2019scmb_qm8_blue","qm","2019scmb"
0,3,"None","None","Panel","None","None","None","None","None",0,false,false,false,"HabLevel1","None","None",0,0,3,false,"CrossedHabLineInTeleop","None","CrossedHabLineInSandstorm",2,"None","None","None","None","None","None","None","None","Cargo","Cargo","Cargo","Cargo","Cargo","Cargo","HabLevel1","HabLevel1","HabLevel1",0,3,0,5,"None","None","None","None",8,"2019scmb_qm9_red","qm","2019scmb"
0,6,"Panel","Panel","PanelAndCargo","None","None","PanelAndCargo","PanelAndCargo","PanelAndCargo",18,false,false,false,"HabLevel1","HabLevel1","HabLevel1",0,0,9,false,"CrossedHabLineInSandstorm","CrossedHabLineInSandstorm","CrossedHabLineInTeleop",8,"Panel","PanelAndCargo","None","PanelAndCargo","None","Panel","None","None","Panel","Panel","Panel","Panel","Panel","Panel","HabLevel1","HabLevel1","HabLevel1",2,6,0,35,"None","None","None","None",41,"2019scmb_qm9_blue","qm","2019scmb"
