"frc3620","frc1756","frc4237","2018arc_f1m1_red","f","2018arc"
"frc4541","frc868","frc4003","2018arc_f1m1_blue","f","2018arc"
"frc3620","frc1756","frc4237","2018arc_f1m2_red","f","2018arc"
"frc4541","frc868","frc4003","2018arc_f1m2_blue","f","2018arc"
"frc5436","frc1114","frc67","2018arc_qf1m1_red","qf","2018arc"
"frc1559","frc4786","frc1259","2018arc_qf1m1_blue","qf","2018arc"
"frc4557","frc1114","frc67","2018arc_qf1m2_red","qf","2018arc"
"frc1559","frc4786","frc1259","2018arc_qf1m2_blue","qf","2018arc"
"frc4557","frc1114","frc67","2018arc_qf1m3_red","qf","2018arc"
"frc1559","frc4786","frc1259","2018arc_qf1m3_blue","qf","2018arc"
"frc3620","frc1756","frc4237","2018arc_qf2m1_red","qf","2018arc"
"frc1923","frc3656","frc6328","2018arc_qf2m1_blue","qf","2018arc"
"frc3620","frc1756","frc4237","2018arc_qf2m2_red","qf","2018arc"
"frc1923","frc3656","frc303","2018arc_qf2m2_blue","qf","2018arc"
"frc2016","frc694","frc1325","2018arc_qf3m1_red","qf","2018arc"
"frc4392","frc2075","frc3928","2018arc_qf3m1_blue","qf","2018arc"
"frc1325","frc694","frc870","2018arc_qf3m2_red","qf","2018arc"
"frc4392","frc2075","frc3928","2018arc_qf3m2_blue","qf","2018arc"
"frc4541","frc868","frc4003","2018arc_qf4m1_red","qf","2018arc"
"frc4776","frc2200","frc1218","2018arc_qf4m1_blue","qf","2018arc"
"frc4541","frc868","frc4003","2018arc_qf4m2_red","qf","2018arc"
"frc4776","frc2200","frc1218","2018arc_qf4m2_blue","qf","2018arc"
"frc4541","frc868","frc4003","2018arc_qf4m3_red","qf","2018arc"
"frc4776","frc2200","frc1218","2018arc_qf4m3_blue","qf","2018arc"
"frc7160","frc3381","frc3656","2018arc_qm1_red","qm","2018arc"
"frc3928","frc1756","frc6875","2018arc_qm1_blue","qm","2018arc"
"frc1259","frc3620","frc2202","2018arc_qm10_red","qm","2018arc"
"frc6968","frc1262","frc5413","2018arc_qm10_blue","qm","2018arc"
"frc3620","frc6237","frc5422","2018arc_qm100_red","qm","2018arc"
"frc1493","frc1325","frc1923","2018arc_qm100_blue","qm","2018arc"
"frc58","frc3767","frc4786","2018arc_qm101_red","qm","2018arc"
"frc4521","frc447","frc2081","2018arc_qm101_blue","qm","2018arc"
"frc555","frc4011","frc2075","2018arc_qm102_red","qm","2018arc"
"frc6328","frc870","frc5407","2018arc_qm102_blue","qm","2018arc"
"frc4392","frc2228","frc7329","2018arc_qm103_red","qm","2018arc"
"frc5413","frc694","frc2549","2018arc_qm103_blue","qm","2018arc"
"frc5216","frc1322","frc4096","2018arc_qm104_red","qm","2018arc"
"frc4541","frc2177","frc612","2018arc_qm104_blue","qm","2018arc"
"frc6237","frc1493","frc4557","2018arc_qm105_red","qm","2018arc"
"frc2202","frc6329","frc3381","2018arc_qm105_blue","qm","2018arc"
"frc5913","frc1559","frc894","2018arc_qm106_red","qm","2018arc"
"frc1756","frc3656","frc5436","2018arc_qm106_blue","qm","2018arc"
"frc2620","frc870","frc2081","2018arc_qm107_red","qm","2018arc"
"frc2220","frc1114","frc2377","2018arc_qm107_blue","qm","2018arc"
"frc2830","frc5531","frc1259","2018arc_qm108_red","qm","2018arc"
"frc447","frc4003","frc2075","2018arc_qm108_blue","qm","2018arc"
"frc6875","frc4011","frc868","2018arc_qm109_red","qm","2018arc"
"frc4786","frc1262","frc6860","2018arc_qm109_blue","qm","2018arc"
"frc4237","frc7329","frc1322","2018arc_qm11_red","qm","2018arc"
"frc2620","frc4011","frc894","2018arc_qm11_blue","qm","2018arc"
"frc58","frc555","frc4909","2018arc_qm110_red","qm","2018arc"
"frc3620","frc4237","frc3928","2018arc_qm110_blue","qm","2018arc"
"frc5724","frc303","frc5407","2018arc_qm111_red","qm","2018arc"
"frc6968","frc5422","frc7160","2018arc_qm111_blue","qm","2018arc"
"frc6328","frc1218","frc3767","2018arc_qm112_red","qm","2018arc"
"frc2200","frc6121","frc4776","2018arc_qm112_blue","qm","2018arc"
"frc5674","frc3618","frc1923","2018arc_qm113_red","qm","2018arc"
"frc2016","frc4521","frc67","2018arc_qm113_blue","qm","2018arc"
"frc1660","frc2620","frc1114","2018arc_qm114_red","qm","2018arc"
"frc1325","frc5913","frc868","2018arc_qm114_blue","qm","2018arc"
"frc555","frc6875","frc4521","2018arc_qm12_red","qm","2018arc"
"frc868","frc1218","frc2177","2018arc_qm12_blue","qm","2018arc"
"frc5216","frc303","frc1756","2018arc_qm13_red","qm","2018arc"
"frc6121","frc5674","frc58","2018arc_qm13_blue","qm","2018arc"
"frc7160","frc6237","frc3618","2018arc_qm14_red","qm","2018arc"
"frc5913","frc1114","frc612","2018arc_qm14_blue","qm","2018arc"
"frc3928","frc2830","frc447","2018arc_qm15_red","qm","2018arc"
"frc1559","frc1660","frc2202","2018arc_qm15_blue","qm","2018arc"
"frc6860","frc2377","frc4541","2018arc_qm16_red","qm","2018arc"
"frc1325","frc1259","frc2200","2018arc_qm16_blue","qm","2018arc"
"frc4237","frc5724","frc5436","2018arc_qm17_red","qm","2018arc"
"frc2081","frc2075","frc2177","2018arc_qm17_blue","qm","2018arc"
"frc5407","frc3620","frc894","2018arc_qm18_red","qm","2018arc"
"frc5531","frc2620","frc4392","2018arc_qm18_blue","qm","2018arc"
"frc4786","frc3656","frc2016","2018arc_qm19_red","qm","2018arc"
"frc870","frc4909","frc2228","2018arc_qm19_blue","qm","2018arc"
"frc5436","frc4096","frc2016","2018arc_qm2_red","qm","2018arc"
"frc4776","frc447","frc6237","2018arc_qm2_blue","qm","2018arc"
"frc694","frc1923","frc555","2018arc_qm20_red","qm","2018arc"
"frc6968","frc3767","frc1493","2018arc_qm20_blue","qm","2018arc"
"frc4557","frc4776","frc4003","2018arc_qm21_red","qm","2018arc"
"frc5422","frc1262","frc7329","2018arc_qm21_blue","qm","2018arc"
"frc5413","frc1322","frc6329","2018arc_qm22_red","qm","2018arc"
"frc2220","frc67","frc6328","2018arc_qm22_blue","qm","2018arc"
"frc5674","frc4096","frc4011","2018arc_qm23_red","qm","2018arc"
"frc3381","frc2549","frc1259","2018arc_qm23_blue","qm","2018arc"
"frc4521","frc2620","frc2228","2018arc_qm24_red","qm","2018arc"
"frc303","frc5436","frc5913","2018arc_qm24_blue","qm","2018arc"
"frc1114","frc4392","frc4237","2018arc_qm25_red","qm","2018arc"
"frc868","frc6121","frc447","2018arc_qm25_blue","qm","2018arc"
"frc1218","frc7329","frc2016","2018arc_qm26_red","qm","2018arc"
"frc2075","frc1756","frc3620","2018arc_qm26_blue","qm","2018arc"
"frc3767","frc1559","frc1262","2018arc_qm27_red","qm","2018arc"
"frc5531","frc67","frc870","2018arc_qm27_blue","qm","2018arc"
"frc1322","frc612","frc5422","2018arc_qm28_red","qm","2018arc"
"frc694","frc2081","frc6875","2018arc_qm28_blue","qm","2018arc"
"frc4003","frc2202","frc2377","2018arc_qm29_red","qm","2018arc"
"frc58","frc5724","frc4096","2018arc_qm29_blue","qm","2018arc"
"frc2081","frc58","frc5422","2018arc_qm3_red","qm","2018arc"
"frc2830","frc67","frc868","2018arc_qm3_blue","qm","2018arc"
"frc1493","frc3928","frc3618","2018arc_qm30_red","qm","2018arc"
"frc4786","frc6328","frc4776","2018arc_qm30_blue","qm","2018arc"
"frc4557","frc4541","frc5216","2018arc_qm31_red","qm","2018arc"
"frc6860","frc7160","frc2830","2018arc_qm31_blue","qm","2018arc"
"frc4011","frc6968","frc3656","2018arc_qm32_red","qm","2018arc"
"frc6329","frc2220","frc1325","2018arc_qm32_blue","qm","2018arc"
"frc2549","frc1660","frc4909","2018arc_qm33_red","qm","2018arc"
"frc6237","frc894","frc555","2018arc_qm33_blue","qm","2018arc"
"frc2177","frc3381","frc2200","2018arc_qm34_red","qm","2018arc"
"frc5413","frc5407","frc1923","2018arc_qm34_blue","qm","2018arc"
"frc5724","frc2620","frc3767","2018arc_qm35_red","qm","2018arc"
"frc5674","frc612","frc4786","2018arc_qm35_blue","qm","2018arc"
"frc67","frc4541","frc694","2018arc_qm36_red","qm","2018arc"
"frc3620","frc6875","frc447","2018arc_qm36_blue","qm","2018arc"
"frc870","frc3656","frc1493","2018arc_qm37_red","qm","2018arc"
"frc7329","frc868","frc7160","2018arc_qm37_blue","qm","2018arc"
"frc2228","frc6328","frc1114","2018arc_qm38_red","qm","2018arc"
"frc4237","frc4557","frc1259","2018arc_qm38_blue","qm","2018arc"
"frc1262","frc2549","frc6329","2018arc_qm39_red","qm","2018arc"
"frc5436","frc58","frc3928","2018arc_qm39_blue","qm","2018arc"
"frc5724","frc6328","frc1325","2018arc_qm4_red","qm","2018arc"
"frc5531","frc5216","frc2228","2018arc_qm4_blue","qm","2018arc"
"frc2377","frc2177","frc4909","2018arc_qm40_red","qm","2018arc"
"frc3381","frc5422","frc5913","2018arc_qm40_blue","qm","2018arc"
"frc2200","frc6237","frc2220","2018arc_qm41_red","qm","2018arc"
"frc894","frc2830","frc6121","2018arc_qm41_blue","qm","2018arc"
"frc4521","frc1325","frc4776","2018arc_qm42_red","qm","2018arc"
"frc1322","frc555","frc1756","2018arc_qm42_blue","qm","2018arc"
"frc4011","frc5531","frc303","2018arc_qm43_red","qm","2018arc"
"frc2081","frc5413","frc1218","2018arc_qm43_blue","qm","2018arc"
"frc1559","frc2075","frc6968","2018arc_qm44_red","qm","2018arc"
"frc3618","frc4392","frc4096","2018arc_qm44_blue","qm","2018arc"
"frc5407","frc2016","frc1660","2018arc_qm45_red","qm","2018arc"
"frc6860","frc5216","frc2202","2018arc_qm45_blue","qm","2018arc"
"frc1923","frc6329","frc2228","2018arc_qm46_red","qm","2018arc"
"frc4003","frc868","frc894","2018arc_qm46_blue","qm","2018arc"
"frc2177","frc1756","frc4776","2018arc_qm47_red","qm","2018arc"
"frc2377","frc3620","frc67","2018arc_qm47_blue","qm","2018arc"
"frc5422","frc6875","frc4237","2018arc_qm48_red","qm","2018arc"
"frc5413","frc870","frc3767","2018arc_qm48_blue","qm","2018arc"
"frc1325","frc1559","frc2081","2018arc_qm49_red","qm","2018arc"
"frc7160","frc2549","frc4521","2018arc_qm49_blue","qm","2018arc"
"frc4909","frc6860","frc303","2018arc_qm5_red","qm","2018arc"
"frc1923","frc4392","frc1559","2018arc_qm5_blue","qm","2018arc"
"frc4541","frc1259","frc58","2018arc_qm50_red","qm","2018arc"
"frc3618","frc2220","frc5407","2018arc_qm50_blue","qm","2018arc"
"frc1923","frc6121","frc3928","2018arc_qm51_red","qm","2018arc"
"frc4096","frc5531","frc4557","2018arc_qm51_blue","qm","2018arc"
"frc4392","frc1493","frc5436","2018arc_qm52_red","qm","2018arc"
"frc1322","frc1660","frc1218","2018arc_qm52_blue","qm","2018arc"
"frc694","frc6237","frc1262","2018arc_qm53_red","qm","2018arc"
"frc3656","frc303","frc2620","2018arc_qm53_blue","qm","2018arc"
"frc5913","frc555","frc6328","2018arc_qm54_red","qm","2018arc"
"frc2016","frc2830","frc5724","2018arc_qm54_blue","qm","2018arc"
"frc4003","frc2200","frc612","2018arc_qm55_red","qm","2018arc"
"frc4909","frc2202","frc4011","2018arc_qm55_blue","qm","2018arc"
"frc6968","frc5216","frc7329","2018arc_qm56_red","qm","2018arc"
"frc1114","frc4786","frc3381","2018arc_qm56_blue","qm","2018arc"
"frc447","frc6860","frc5413","2018arc_qm57_red","qm","2018arc"
"frc2075","frc5674","frc1322","2018arc_qm57_blue","qm","2018arc"
"frc868","frc5407","frc694","2018arc_qm58_red","qm","2018arc"
"frc6121","frc4557","frc1559","2018arc_qm58_blue","qm","2018arc"
"frc67","frc5724","frc1756","2018arc_qm59_red","qm","2018arc"
"frc2549","frc870","frc4392","2018arc_qm59_blue","qm","2018arc"
"frc5407","frc1218","frc6121","2018arc_qm6_red","qm","2018arc"
"frc4786","frc2377","frc2549","2018arc_qm6_blue","qm","2018arc"
"frc2228","frc4011","frc2377","2018arc_qm60_red","qm","2018arc"
"frc3767","frc3928","frc6237","2018arc_qm60_blue","qm","2018arc"
"frc2202","frc6968","frc2620","2018arc_qm61_red","qm","2018arc"
"frc4776","frc4909","frc4541","2018arc_qm61_blue","qm","2018arc"
"frc1262","frc7160","frc5531","2018arc_qm62_red","qm","2018arc"
"frc2016","frc2200","frc4237","2018arc_qm62_blue","qm","2018arc"
"frc2075","frc894","frc1259","2018arc_qm63_red","qm","2018arc"
"frc5216","frc4521","frc5422","2018arc_qm63_blue","qm","2018arc"
"frc3381","frc5436","frc2220","2018arc_qm64_red","qm","2018arc"
"frc6860","frc555","frc4003","2018arc_qm64_blue","qm","2018arc"
"frc447","frc6329","frc2177","2018arc_qm65_red","qm","2018arc"
"frc3618","frc1325","frc7329","2018arc_qm65_blue","qm","2018arc"
"frc6328","frc2081","frc3620","2018arc_qm66_red","qm","2018arc"
"frc5674","frc3656","frc1660","2018arc_qm66_blue","qm","2018arc"
"frc5913","frc4786","frc1218","2018arc_qm67_red","qm","2018arc"
"frc58","frc1923","frc612","2018arc_qm67_blue","qm","2018arc"
"frc4096","frc2830","frc1493","2018arc_qm68_red","qm","2018arc"
"frc6875","frc303","frc1114","2018arc_qm68_blue","qm","2018arc"
"frc1259","frc4909","frc6121","2018arc_qm69_red","qm","2018arc"
"frc5436","frc7160","frc67","2018arc_qm69_blue","qm","2018arc"
"frc2220","frc612","frc4557","2018arc_qm7_red","qm","2018arc"
"frc2200","frc1493","frc4521","2018arc_qm7_blue","qm","2018arc"
"frc868","frc4521","frc870","2018arc_qm70_red","qm","2018arc"
"frc6237","frc6968","frc5531","2018arc_qm70_blue","qm","2018arc"
"frc3620","frc694","frc5216","2018arc_qm71_red","qm","2018arc"
"frc6329","frc2200","frc2377","2018arc_qm71_blue","qm","2018arc"
"frc555","frc4786","frc1325","2018arc_qm72_red","qm","2018arc"
"frc2202","frc2075","frc4392","2018arc_qm72_blue","qm","2018arc"
"frc894","frc5413","frc303","2018arc_qm73_red","qm","2018arc"
"frc4003","frc3767","frc4541","2018arc_qm73_blue","qm","2018arc"
"frc5407","frc4776","frc3656","2018arc_qm74_red","qm","2018arc"
"frc612","frc4237","frc2830","2018arc_qm74_blue","qm","2018arc"
"frc447","frc2549","frc6328","2018arc_qm75_red","qm","2018arc"
"frc6875","frc1923","frc2620","2018arc_qm75_blue","qm","2018arc"
"frc4557","frc5422","frc1660","2018arc_qm76_red","qm","2018arc"
"frc4011","frc1756","frc3618","2018arc_qm76_blue","qm","2018arc"
"frc2177","frc2228","frc5674","2018arc_qm77_red","qm","2018arc"
"frc1493","frc2220","frc1262","2018arc_qm77_blue","qm","2018arc"
"frc1559","frc3381","frc58","2018arc_qm78_red","qm","2018arc"
"frc2016","frc1322","frc1114","2018arc_qm78_blue","qm","2018arc"
"frc7329","frc3928","frc4096","2018arc_qm79_red","qm","2018arc"
"frc2081","frc6860","frc5913","2018arc_qm79_blue","qm","2018arc"
"frc870","frc4003","frc5674","2018arc_qm8_red","qm","2018arc"
"frc3618","frc5913","frc694","2018arc_qm8_blue","qm","2018arc"
"frc1218","frc1923","frc67","2018arc_qm80_red","qm","2018arc"
"frc3656","frc5724","frc5216","2018arc_qm80_blue","qm","2018arc"
"frc2202","frc868","frc5436","2018arc_qm81_red","qm","2018arc"
"frc3767","frc3618","frc3620","2018arc_qm81_blue","qm","2018arc"
"frc4541","frc4237","frc6237","2018arc_qm82_red","qm","2018arc"
"frc1756","frc4003","frc4786","2018arc_qm82_blue","qm","2018arc"
"frc1660","frc2200","frc6875","2018arc_qm83_red","qm","2018arc"
"frc2228","frc58","frc6968","2018arc_qm83_blue","qm","2018arc"
"frc4096","frc7160","frc6329","2018arc_qm84_red","qm","2018arc"
"frc5422","frc2620","frc555","2018arc_qm84_blue","qm","2018arc"
"frc6121","frc2016","frc4392","2018arc_qm85_red","qm","2018arc"
"frc1259","frc2177","frc4011","2018arc_qm85_blue","qm","2018arc"
"frc2830","frc2377","frc1322","2018arc_qm86_red","qm","2018arc"
"frc7329","frc5531","frc5674","2018arc_qm86_blue","qm","2018arc"
"frc612","frc3381","frc6860","2018arc_qm87_red","qm","2018arc"
"frc1262","frc894","frc6328","2018arc_qm87_blue","qm","2018arc"
"frc1114","frc5413","frc4521","2018arc_qm88_red","qm","2018arc"
"frc694","frc3928","frc5724","2018arc_qm88_blue","qm","2018arc"
"frc2549","frc5913","frc2075","2018arc_qm89_red","qm","2018arc"
"frc303","frc4776","frc2220","2018arc_qm89_blue","qm","2018arc"
"frc3767","frc1114","frc2075","2018arc_qm9_red","qm","2018arc"
"frc1660","frc4541","frc6329","2018arc_qm9_blue","qm","2018arc"
"frc1325","frc447","frc870","2018arc_qm90_red","qm","2018arc"
"frc1218","frc4909","frc4557","2018arc_qm90_blue","qm","2018arc"
"frc1493","frc2081","frc4003","2018arc_qm91_red","qm","2018arc"
"frc1559","frc5407","frc5216","2018arc_qm91_blue","qm","2018arc"
"frc2620","frc3618","frc2830","2018arc_qm92_red","qm","2018arc"
"frc6121","frc2228","frc3381","2018arc_qm92_blue","qm","2018arc"
"frc612","frc5436","frc6968","2018arc_qm93_red","qm","2018arc"
"frc2377","frc2016","frc5413","2018arc_qm93_blue","qm","2018arc"
"frc1114","frc2177","frc5531","2018arc_qm94_red","qm","2018arc"
"frc3656","frc6860","frc2549","2018arc_qm94_blue","qm","2018arc"
"frc1262","frc4557","frc5913","2018arc_qm95_red","qm","2018arc"
"frc4392","frc4541","frc1322","2018arc_qm95_blue","qm","2018arc"
"frc67","frc7329","frc2200","2018arc_qm96_red","qm","2018arc"
"frc303","frc4237","frc1660","2018arc_qm96_blue","qm","2018arc"
"frc1756","frc694","frc2220","2018arc_qm97_red","qm","2018arc"
"frc4909","frc4096","frc868","2018arc_qm97_blue","qm","2018arc"
"frc4776","frc6875","frc1559","2018arc_qm98_red","qm","2018arc"
"frc6329","frc1259","frc5724","2018arc_qm98_blue","qm","2018arc"
"frc3928","frc2202","frc7160","2018arc_qm99_red","qm","2018arc"
"frc894","frc5674","frc1218","2018arc_qm99_blue","qm","2018arc"
"frc4557","frc1114","frc67","2018arc_sf1m1_red","sf","2018arc"
"frc3620","frc1756","frc4237","2018arc_sf1m1_blue","sf","2018arc"
"frc4557","frc1114","frc67","2018arc_sf1m2_red","sf","2018arc"
"frc3620","frc1756","frc4237","2018arc_sf1m2_blue","sf","2018arc"
"frc1325","frc694","frc2016","2018arc_sf2m1_red","sf","2018arc"
"frc4541","frc868","frc4003","2018arc_sf2m1_blue","sf","2018arc"
"frc1325","frc694","frc2016","2018arc_sf2m2_red","sf","2018arc"
"frc4541","frc868","frc4003","2018arc_sf2m2_blue","sf","2018arc"
"frc1640","frc422","frc5254","2018cars_f1m1_red","f","2018cars"
"frc217","frc4967","frc3357","2018cars_f1m1_blue","f","2018cars"
"frc1640","frc422","frc5254","2018cars_f1m2_red","f","2018cars"
"frc217","frc4967","frc3357","2018cars_f1m2_blue","f","2018cars"
"frc25","frc225","frc3015","2018cars_qf1m1_red","qf","2018cars"
"frc4004","frc384","frc4476","2018cars_qf1m1_blue","qf","2018cars"
"frc25","frc225","frc3015","2018cars_qf1m2_red","qf","2018cars"
"frc4004","frc4476","frc384","2018cars_qf1m2_blue","qf","2018cars"
"frc3990","frc2502","frc4253","2018cars_qf2m1_red","qf","2018cars"
"frc71","frc1640","frc5254","2018cars_qf2m1_blue","qf","2018cars"
"frc1736","frc3990","frc4253","2018cars_qf2m2_red","qf","2018cars"
"frc71","frc1640","frc5254","2018cars_qf2m2_blue","qf","2018cars"
"frc1736","frc3990","frc4253","2018cars_qf2m3_red","qf","2018cars"
"frc71","frc1640","frc5254","2018cars_qf2m3_blue","qf","2018cars"
"frc217","frc4967","frc3357","2018cars_qf3m1_red","qf","2018cars"
"frc1918","frc2338","frc862","2018cars_qf3m1_blue","qf","2018cars"
"frc217","frc4967","frc3357","2018cars_qf3m2_red","qf","2018cars"
"frc1918","frc2338","frc862","2018cars_qf3m2_blue","qf","2018cars"
"frc217","frc4967","frc3357","2018cars_qf3m3_red","qf","2018cars"
"frc1918","frc2338","frc862","2018cars_qf3m3_blue","qf","2018cars"
"frc3940","frc5050","frc133","2018cars_qf4m1_red","qf","2018cars"
"frc1885","frc1731","frc2771","2018cars_qf4m1_blue","qf","2018cars"
"frc3940","frc5050","frc133","2018cars_qf4m2_red","qf","2018cars"
"frc1885","frc1731","frc2771","2018cars_qf4m2_blue","qf","2018cars"
"frc4230","frc2832","frc2604","2018cars_qm1_red","qm","2018cars"
"frc217","frc2234","frc4253","2018cars_qm1_blue","qm","2018cars"
"frc5404","frc272","frc3940","2018cars_qm10_red","qm","2018cars"
"frc4476","frc1640","frc7028","2018cars_qm10_blue","qm","2018cars"
"frc1100","frc3604","frc4130","2018cars_qm100_red","qm","2018cars"
"frc3624","frc225","frc2137","2018cars_qm100_blue","qm","2018cars"
"frc5123","frc467","frc1885","2018cars_qm101_red","qm","2018cars"
"frc190","frc3276","frc6880","2018cars_qm101_blue","qm","2018cars"
"frc6334","frc3044","frc1918","2018cars_qm102_red","qm","2018cars"
"frc3936","frc2234","frc191","2018cars_qm102_blue","qm","2018cars"
"frc2604","frc5484","frc2987","2018cars_qm103_red","qm","2018cars"
"frc71","frc2537","frc1731","2018cars_qm103_blue","qm","2018cars"
"frc5846","frc5050","frc4967","2018cars_qm104_red","qm","2018cars"
"frc3940","frc3359","frc2771","2018cars_qm104_blue","qm","2018cars"
"frc3015","frc225","frc1736","2018cars_qm105_red","qm","2018cars"
"frc5016","frc2502","frc6909","2018cars_qm105_blue","qm","2018cars"
"frc4476","frc25","frc3990","2018cars_qm106_red","qm","2018cars"
"frc190","frc4145","frc4361","2018cars_qm106_blue","qm","2018cars"
"frc272","frc1100","frc2586","2018cars_qm107_red","qm","2018cars"
"frc7225","frc6548","frc217","2018cars_qm107_blue","qm","2018cars"
"frc2846","frc7028","frc1918","2018cars_qm108_red","qm","2018cars"
"frc4004","frc5546","frc5123","2018cars_qm108_blue","qm","2018cars"
"frc4253","frc2225","frc3936","2018cars_qm109_red","qm","2018cars"
"frc1816","frc3357","frc467","2018cars_qm109_blue","qm","2018cars"
"frc4361","frc384","frc2586","2018cars_qm11_red","qm","2018cars"
"frc1100","frc5254","frc1816","2018cars_qm11_blue","qm","2018cars"
"frc2137","frc5505","frc4230","2018cars_qm110_red","qm","2018cars"
"frc3044","frc2338","frc384","2018cars_qm110_blue","qm","2018cars"
"frc1885","frc3624","frc88","2018cars_qm111_red","qm","2018cars"
"frc1507","frc2234","frc5254","2018cars_qm111_blue","qm","2018cars"
"frc133","frc5404","frc862","2018cars_qm112_red","qm","2018cars"
"frc3604","frc191","frc6880","2018cars_qm112_blue","qm","2018cars"
"frc3276","frc6334","frc103","2018cars_qm113_red","qm","2018cars"
"frc422","frc2832","frc6806","2018cars_qm113_blue","qm","2018cars"
"frc4253","frc1640","frc5546","2018cars_qm114_red","qm","2018cars"
"frc4130","frc3990","frc5484","2018cars_qm114_blue","qm","2018cars"
"frc88","frc25","frc71","2018cars_qm12_red","qm","2018cars"
"frc5505","frc4253","frc422","2018cars_qm12_blue","qm","2018cars"
"frc1731","frc3936","frc2987","2018cars_qm13_red","qm","2018cars"
"frc3604","frc1736","frc2137","2018cars_qm13_blue","qm","2018cars"
"frc1507","frc217","frc3990","2018cars_qm14_red","qm","2018cars"
"frc2338","frc6880","frc4130","2018cars_qm14_blue","qm","2018cars"
"frc6806","frc6548","frc862","2018cars_qm15_red","qm","2018cars"
"frc7028","frc4230","frc3359","2018cars_qm15_blue","qm","2018cars"
"frc3940","frc2502","frc2604","2018cars_qm16_red","qm","2018cars"
"frc5546","frc3624","frc6334","2018cars_qm16_blue","qm","2018cars"
"frc3357","frc5123","frc2234","2018cars_qm17_red","qm","2018cars"
"frc7225","frc2771","frc4361","2018cars_qm17_blue","qm","2018cars"
"frc2537","frc5050","frc6909","2018cars_qm18_red","qm","2018cars"
"frc1816","frc272","frc190","2018cars_qm18_blue","qm","2018cars"
"frc5254","frc1918","frc2225","2018cars_qm19_red","qm","2018cars"
"frc3276","frc5505","frc225","2018cars_qm19_blue","qm","2018cars"
"frc2338","frc422","frc2537","2018cars_qm2_red","qm","2018cars"
"frc1736","frc4967","frc2846","2018cars_qm2_blue","qm","2018cars"
"frc4004","frc384","frc5016","2018cars_qm20_red","qm","2018cars"
"frc5484","frc191","frc3044","2018cars_qm20_blue","qm","2018cars"
"frc3015","frc2846","frc467","2018cars_qm21_red","qm","2018cars"
"frc4476","frc1100","frc2832","2018cars_qm21_blue","qm","2018cars"
"frc133","frc2586","frc4145","2018cars_qm22_red","qm","2018cars"
"frc88","frc103","frc1640","2018cars_qm22_blue","qm","2018cars"
"frc2502","frc5404","frc5846","2018cars_qm23_red","qm","2018cars"
"frc4967","frc1885","frc3357","2018cars_qm23_blue","qm","2018cars"
"frc4253","frc7225","frc3624","2018cars_qm24_red","qm","2018cars"
"frc1736","frc1918","frc3990","2018cars_qm24_blue","qm","2018cars"
"frc3044","frc6909","frc5546","2018cars_qm25_red","qm","2018cars"
"frc5484","frc25","frc6548","2018cars_qm25_blue","qm","2018cars"
"frc1816","frc422","frc2771","2018cars_qm26_red","qm","2018cars"
"frc467","frc2604","frc191","2018cars_qm26_blue","qm","2018cars"
"frc2586","frc5123","frc3359","2018cars_qm27_red","qm","2018cars"
"frc4476","frc4230","frc4130","2018cars_qm27_blue","qm","2018cars"
"frc4004","frc71","frc1100","2018cars_qm28_red","qm","2018cars"
"frc5846","frc3276","frc2338","2018cars_qm28_blue","qm","2018cars"
"frc2846","frc6806","frc5404","2018cars_qm29_red","qm","2018cars"
"frc4145","frc5254","frc217","2018cars_qm29_blue","qm","2018cars"
"frc3990","frc3936","frc3624","2018cars_qm3_red","qm","2018cars"
"frc25","frc3359","frc3276","2018cars_qm3_blue","qm","2018cars"
"frc1731","frc1885","frc2137","2018cars_qm30_red","qm","2018cars"
"frc862","frc103","frc272","2018cars_qm30_blue","qm","2018cars"
"frc225","frc384","frc3936","2018cars_qm31_red","qm","2018cars"
"frc7028","frc2537","frc88","2018cars_qm31_blue","qm","2018cars"
"frc5505","frc190","frc4967","2018cars_qm32_red","qm","2018cars"
"frc2832","frc5016","frc133","2018cars_qm32_blue","qm","2018cars"
"frc2234","frc6880","frc2225","2018cars_qm33_red","qm","2018cars"
"frc3940","frc2987","frc3015","2018cars_qm33_blue","qm","2018cars"
"frc1640","frc4361","frc1507","2018cars_qm34_red","qm","2018cars"
"frc6334","frc3604","frc5050","2018cars_qm34_blue","qm","2018cars"
"frc862","frc2771","frc4145","2018cars_qm35_red","qm","2018cars"
"frc3624","frc217","frc6909","2018cars_qm35_blue","qm","2018cars"
"frc4230","frc3357","frc2537","2018cars_qm36_red","qm","2018cars"
"frc2137","frc4476","frc5546","2018cars_qm36_blue","qm","2018cars"
"frc1918","frc25","frc1885","2018cars_qm37_red","qm","2018cars"
"frc2604","frc1100","frc133","2018cars_qm37_blue","qm","2018cars"
"frc5016","frc2234","frc1731","2018cars_qm38_red","qm","2018cars"
"frc5404","frc467","frc2586","2018cars_qm38_blue","qm","2018cars"
"frc4967","frc5254","frc7028","2018cars_qm39_red","qm","2018cars"
"frc6880","frc6334","frc4253","2018cars_qm39_blue","qm","2018cars"
"frc2502","frc4130","frc133","2018cars_qm4_red","qm","2018cars"
"frc2987","frc2771","frc3044","2018cars_qm4_blue","qm","2018cars"
"frc1736","frc3276","frc4004","2018cars_qm40_red","qm","2018cars"
"frc3015","frc272","frc3604","2018cars_qm40_blue","qm","2018cars"
"frc5484","frc1816","frc3940","2018cars_qm41_red","qm","2018cars"
"frc2338","frc88","frc5123","2018cars_qm41_blue","qm","2018cars"
"frc5846","frc6548","frc384","2018cars_qm42_red","qm","2018cars"
"frc2832","frc3936","frc1640","2018cars_qm42_blue","qm","2018cars"
"frc1507","frc2846","frc5505","2018cars_qm43_red","qm","2018cars"
"frc3990","frc103","frc2987","2018cars_qm43_blue","qm","2018cars"
"frc71","frc4361","frc4130","2018cars_qm44_red","qm","2018cars"
"frc191","frc2225","frc6806","2018cars_qm44_blue","qm","2018cars"
"frc3359","frc422","frc190","2018cars_qm45_red","qm","2018cars"
"frc225","frc7225","frc2502","2018cars_qm45_blue","qm","2018cars"
"frc5050","frc1736","frc4476","2018cars_qm46_red","qm","2018cars"
"frc3044","frc88","frc2604","2018cars_qm46_blue","qm","2018cars"
"frc6880","frc4145","frc1100","2018cars_qm47_red","qm","2018cars"
"frc2771","frc5484","frc4230","2018cars_qm47_blue","qm","2018cars"
"frc2832","frc3015","frc1885","2018cars_qm48_red","qm","2018cars"
"frc5546","frc2586","frc1731","2018cars_qm48_blue","qm","2018cars"
"frc6548","frc5505","frc3624","2018cars_qm49_red","qm","2018cars"
"frc2537","frc5404","frc6334","2018cars_qm49_blue","qm","2018cars"
"frc5123","frc3604","frc6548","2018cars_qm5_red","qm","2018cars"
"frc1885","frc4145","frc5016","2018cars_qm5_blue","qm","2018cars"
"frc191","frc7225","frc5846","2018cars_qm50_red","qm","2018cars"
"frc1507","frc7028","frc25","2018cars_qm50_blue","qm","2018cars"
"frc6909","frc2846","frc3276","2018cars_qm51_red","qm","2018cars"
"frc4253","frc4361","frc2502","2018cars_qm51_blue","qm","2018cars"
"frc2987","frc2338","frc467","2018cars_qm52_red","qm","2018cars"
"frc225","frc862","frc5050","2018cars_qm52_blue","qm","2018cars"
"frc5016","frc2137","frc3359","2018cars_qm53_red","qm","2018cars"
"frc2234","frc1816","frc71","2018cars_qm53_blue","qm","2018cars"
"frc190","frc4130","frc4004","2018cars_qm54_red","qm","2018cars"
"frc103","frc3936","frc5254","2018cars_qm54_blue","qm","2018cars"
"frc3357","frc217","frc3604","2018cars_qm55_red","qm","2018cars"
"frc1918","frc3940","frc422","2018cars_qm55_blue","qm","2018cars"
"frc384","frc2225","frc272","2018cars_qm56_red","qm","2018cars"
"frc3990","frc133","frc5123","2018cars_qm56_blue","qm","2018cars"
"frc1640","frc3044","frc225","2018cars_qm57_red","qm","2018cars"
"frc6806","frc4967","frc2604","2018cars_qm57_blue","qm","2018cars"
"frc2771","frc191","frc6334","2018cars_qm58_red","qm","2018cars"
"frc1885","frc2987","frc4476","2018cars_qm58_blue","qm","2018cars"
"frc2832","frc5546","frc1816","2018cars_qm59_red","qm","2018cars"
"frc5404","frc1507","frc1736","2018cars_qm59_blue","qm","2018cars"
"frc6880","frc4004","frc7225","2018cars_qm6_red","qm","2018cars"
"frc2225","frc1731","frc5050","2018cars_qm6_blue","qm","2018cars"
"frc422","frc5050","frc3276","2018cars_qm60_red","qm","2018cars"
"frc4130","frc6548","frc2234","2018cars_qm60_blue","qm","2018cars"
"frc3359","frc4253","frc1918","2018cars_qm61_red","qm","2018cars"
"frc4145","frc2338","frc272","2018cars_qm61_blue","qm","2018cars"
"frc103","frc6880","frc25","2018cars_qm62_red","qm","2018cars"
"frc2502","frc3357","frc384","2018cars_qm62_blue","qm","2018cars"
"frc3936","frc4967","frc1100","2018cars_qm63_red","qm","2018cars"
"frc5123","frc862","frc5505","2018cars_qm63_blue","qm","2018cars"
"frc7028","frc3044","frc3604","2018cars_qm64_red","qm","2018cars"
"frc217","frc190","frc71","2018cars_qm64_blue","qm","2018cars"
"frc2586","frc6909","frc5484","2018cars_qm65_red","qm","2018cars"
"frc2225","frc5846","frc2846","2018cars_qm65_blue","qm","2018cars"
"frc2537","frc467","frc3940","2018cars_qm66_red","qm","2018cars"
"frc7225","frc3990","frc5254","2018cars_qm66_blue","qm","2018cars"
"frc1731","frc88","frc4361","2018cars_qm67_red","qm","2018cars"
"frc4230","frc5016","frc1640","2018cars_qm67_blue","qm","2018cars"
"frc6806","frc133","frc3624","2018cars_qm68_red","qm","2018cars"
"frc3015","frc2137","frc4004","2018cars_qm68_blue","qm","2018cars"
"frc272","frc2604","frc2234","2018cars_qm69_red","qm","2018cars"
"frc5505","frc4145","frc2502","2018cars_qm69_blue","qm","2018cars"
"frc71","frc1507","frc2137","2018cars_qm7_red","qm","2018cars"
"frc467","frc1918","frc6909","2018cars_qm7_blue","qm","2018cars"
"frc2225","frc2338","frc2832","2018cars_qm70_red","qm","2018cars"
"frc25","frc3604","frc2771","2018cars_qm70_blue","qm","2018cars"
"frc3357","frc71","frc3990","2018cars_qm71_red","qm","2018cars"
"frc6548","frc2586","frc1736","2018cars_qm71_blue","qm","2018cars"
"frc5016","frc3276","frc4476","2018cars_qm72_red","qm","2018cars"
"frc384","frc862","frc1507","2018cars_qm72_blue","qm","2018cars"
"frc5254","frc5846","frc3044","2018cars_qm73_red","qm","2018cars"
"frc2987","frc5123","frc422","2018cars_qm73_blue","qm","2018cars"
"frc5484","frc4361","frc467","2018cars_qm74_red","qm","2018cars"
"frc103","frc3624","frc7028","2018cars_qm74_blue","qm","2018cars"
"frc217","frc2537","frc1640","2018cars_qm75_red","qm","2018cars"
"frc4004","frc1885","frc3359","2018cars_qm75_blue","qm","2018cars"
"frc133","frc6334","frc225","2018cars_qm76_red","qm","2018cars"
"frc2846","frc4230","frc1816","2018cars_qm76_blue","qm","2018cars"
"frc7225","frc6806","frc5546","2018cars_qm77_red","qm","2018cars"
"frc6909","frc6880","frc3936","2018cars_qm77_blue","qm","2018cars"
"frc191","frc3940","frc1100","2018cars_qm78_red","qm","2018cars"
"frc1731","frc190","frc4253","2018cars_qm78_blue","qm","2018cars"
"frc4967","frc3015","frc5404","2018cars_qm79_red","qm","2018cars"
"frc1918","frc4130","frc88","2018cars_qm79_blue","qm","2018cars"
"frc862","frc3357","frc5484","2018cars_qm8_red","qm","2018cars"
"frc6334","frc6806","frc190","2018cars_qm8_blue","qm","2018cars"
"frc5050","frc2502","frc7028","2018cars_qm80_red","qm","2018cars"
"frc2137","frc3990","frc2832","2018cars_qm80_blue","qm","2018cars"
"frc217","frc1736","frc6334","2018cars_qm81_red","qm","2018cars"
"frc467","frc5846","frc25","2018cars_qm81_blue","qm","2018cars"
"frc272","frc1507","frc4230","2018cars_qm82_red","qm","2018cars"
"frc3936","frc5484","frc422","2018cars_qm82_blue","qm","2018cars"
"frc5254","frc1731","frc2338","2018cars_qm83_red","qm","2018cars"
"frc6909","frc133","frc3357","2018cars_qm83_blue","qm","2018cars"
"frc3359","frc2604","frc103","2018cars_qm84_red","qm","2018cars"
"frc1100","frc5016","frc2225","2018cars_qm84_blue","qm","2018cars"
"frc3624","frc2771","frc6880","2018cars_qm85_red","qm","2018cars"
"frc1640","frc71","frc2846","2018cars_qm85_blue","qm","2018cars"
"frc190","frc5546","frc6548","2018cars_qm86_red","qm","2018cars"
"frc88","frc2987","frc384","2018cars_qm86_blue","qm","2018cars"
"frc4130","frc1816","frc5505","2018cars_qm87_red","qm","2018cars"
"frc1885","frc3940","frc7225","2018cars_qm87_blue","qm","2018cars"
"frc4253","frc225","frc5123","2018cars_qm88_red","qm","2018cars"
"frc5050","frc4004","frc5404","2018cars_qm88_blue","qm","2018cars"
"frc4145","frc2137","frc191","2018cars_qm89_red","qm","2018cars"
"frc3276","frc2586","frc4967","2018cars_qm89_blue","qm","2018cars"
"frc103","frc191","frc225","2018cars_qm9_red","qm","2018cars"
"frc5546","frc3015","frc5846","2018cars_qm9_blue","qm","2018cars"
"frc1918","frc862","frc3015","2018cars_qm90_red","qm","2018cars"
"frc4361","frc3044","frc2537","2018cars_qm90_blue","qm","2018cars"
"frc3604","frc6806","frc3990","2018cars_qm91_red","qm","2018cars"
"frc2234","frc4476","frc5846","2018cars_qm91_blue","qm","2018cars"
"frc88","frc3359","frc272","2018cars_qm92_red","qm","2018cars"
"frc2846","frc2832","frc3357","2018cars_qm92_blue","qm","2018cars"
"frc2604","frc1736","frc7225","2018cars_qm93_red","qm","2018cars"
"frc384","frc5404","frc5484","2018cars_qm93_blue","qm","2018cars"
"frc2225","frc7028","frc4145","2018cars_qm94_red","qm","2018cars"
"frc422","frc1731","frc1507","2018cars_qm94_blue","qm","2018cars"
"frc1816","frc1640","frc3015","2018cars_qm95_red","qm","2018cars"
"frc25","frc5254","frc862","2018cars_qm95_blue","qm","2018cars"
"frc4230","frc6909","frc2987","2018cars_qm96_red","qm","2018cars"
"frc3940","frc4004","frc4967","2018cars_qm96_blue","qm","2018cars"
"frc2502","frc4476","frc103","2018cars_qm97_red","qm","2018cars"
"frc6548","frc71","frc2338","2018cars_qm97_blue","qm","2018cars"
"frc2771","frc4253","frc6806","2018cars_qm98_red","qm","2018cars"
"frc2586","frc2537","frc5016","2018cars_qm98_blue","qm","2018cars"
"frc4361","frc5050","frc217","2018cars_qm99_red","qm","2018cars"
"frc5505","frc133","frc5546","2018cars_qm99_blue","qm","2018cars"
"frc25","frc225","frc3015","2018cars_sf1m1_red","sf","2018cars"
"frc71","frc1640","frc5254","2018cars_sf1m1_blue","sf","2018cars"
"frc25","frc225","frc3015","2018cars_sf1m2_red","sf","2018cars"
"frc71","frc1640","frc5254","2018cars_sf1m2_blue","sf","2018cars"
"frc25","frc225","frc3015","2018cars_sf1m3_red","sf","2018cars"
"frc1640","frc422","frc5254","2018cars_sf1m3_blue","sf","2018cars"
"frc217","frc4967","frc3357","2018cars_sf2m1_red","sf","2018cars"
"frc3940","frc5050","frc133","2018cars_sf2m1_blue","sf","2018cars"
"frc217","frc4967","frc3357","2018cars_sf2m2_red","sf","2018cars"
"frc3604","frc5050","frc133","2018cars_sf2m2_blue","sf","2018cars"
"frc333","frc3707","frc195","2018cur_f1m1_red","f","2018cur"
"frc2826","frc3538","frc1747","2018cur_f1m1_blue","f","2018cur"
"frc333","frc3707","frc195","2018cur_f1m2_red","f","2018cur"
"frc2826","frc3538","frc1747","2018cur_f1m2_blue","f","2018cur"
"frc333","frc3707","frc195","2018cur_f1m3_red","f","2018cur"
"frc2826","frc3538","frc1747","2018cur_f1m3_blue","f","2018cur"
"frc333","frc3707","frc195","2018cur_qf1m1_red","qf","2018cur"
"frc1684","frc302","frc3314","2018cur_qf1m1_blue","qf","2018cur"
"frc333","frc3707","frc195","2018cur_qf1m2_red","qf","2018cur"
"frc1684","frc302","frc3314","2018cur_qf1m2_blue","qf","2018cur"
"frc379","frc2054","frc2052","2018cur_qf2m1_red","qf","2018cur"
"frc503","frc2175","frc5813","2018cur_qf2m1_blue","qf","2018cur"
"frc379","frc2054","frc2052","2018cur_qf2m2_red","qf","2018cur"
"frc316","frc503","frc5813","2018cur_qf2m2_blue","qf","2018cur"
"frc2826","frc3538","frc1747","2018cur_qf3m1_red","qf","2018cur"
"frc5460","frc4405","frc1718","2018cur_qf3m1_blue","qf","2018cur"
"frc4607","frc3538","frc1747","2018cur_qf3m2_red","qf","2018cur"
"frc5460","frc4405","frc1718","2018cur_qf3m2_blue","qf","2018cur"
"frc230","frc3452","frc5687","2018cur_qf4m1_red","qf","2018cur"
"frc1023","frc910","frc20","2018cur_qf4m1_blue","qf","2018cur"
"frc230","frc3452","frc5687","2018cur_qf4m2_red","qf","2018cur"
"frc1023","frc910","frc20","2018cur_qf4m2_blue","qf","2018cur"
"frc230","frc4814","frc3452","2018cur_qf4m3_red","qf","2018cur"
"frc1023","frc910","frc20","2018cur_qf4m3_blue","qf","2018cur"
"frc3324","frc1741","frc4976","2018cur_qm1_red","qm","2018cur"
"frc7250","frc2265","frc4655","2018cur_qm1_blue","qm","2018cur"
"frc45","frc5687","frc4405","2018cur_qm10_red","qm","2018cur"
"frc2067","frc1718","frc5712","2018cur_qm10_blue","qm","2018cur"
"frc3538","frc195","frc4814","2018cur_qm100_red","qm","2018cur"
"frc5687","frc2054","frc4384","2018cur_qm100_blue","qm","2018cur"
"frc2265","frc6175","frc5553","2018cur_qm101_red","qm","2018cur"
"frc7198","frc5603","frc6933","2018cur_qm101_blue","qm","2018cur"
"frc4405","frc4607","frc167","2018cur_qm102_red","qm","2018cur"
"frc6401","frc558","frc7250","2018cur_qm102_blue","qm","2018cur"
"frc3324","frc4903","frc5813","2018cur_qm103_red","qm","2018cur"
"frc5712","frc263","frc7103","2018cur_qm103_blue","qm","2018cur"
"frc4655","frc3244","frc236","2018cur_qm104_red","qm","2018cur"
"frc3707","frc5205","frc1718","2018cur_qm104_blue","qm","2018cur"
"frc5804","frc2601","frc3314","2018cur_qm105_red","qm","2018cur"
"frc70","frc5687","frc20","2018cur_qm105_blue","qm","2018cur"
"frc5460","frc3452","frc5822","2018cur_qm106_red","qm","2018cur"
"frc1741","frc302","frc2265","2018cur_qm106_blue","qm","2018cur"
"frc2067","frc230","frc3538","2018cur_qm107_red","qm","2018cur"
"frc4976","frc5907","frc1555","2018cur_qm107_blue","qm","2018cur"
"frc126","frc6032","frc503","2018cur_qm108_red","qm","2018cur"
"frc2638","frc1747","frc4814","2018cur_qm108_blue","qm","2018cur"
"frc4099","frc2175","frc1599","2018cur_qm109_red","qm","2018cur"
"frc7021","frc7198","frc316","2018cur_qm109_blue","qm","2018cur"
"frc2638","frc1599","frc5460","2018cur_qm11_red","qm","2018cur"
"frc6401","frc3244","frc2052","2018cur_qm11_blue","qm","2018cur"
"frc333","frc379","frc45","2018cur_qm110_red","qm","2018cur"
"frc1025","frc910","frc4342","2018cur_qm110_blue","qm","2018cur"
"frc2826","frc1023","frc195","2018cur_qm111_red","qm","2018cur"
"frc1684","frc6175","frc3082","2018cur_qm111_blue","qm","2018cur"
"frc2052","frc2054","frc3324","2018cur_qm112_red","qm","2018cur"
"frc4384","frc1071","frc230","2018cur_qm112_blue","qm","2018cur"
"frc1741","frc1025","frc4099","2018cur_qm12_red","qm","2018cur"
"frc4903","frc2826","frc3707","2018cur_qm12_blue","qm","2018cur"
"frc2265","frc1023","frc910","2018cur_qm13_red","qm","2018cur"
"frc316","frc230","frc4814","2018cur_qm13_blue","qm","2018cur"
"frc3452","frc5553","frc20","2018cur_qm14_red","qm","2018cur"
"frc5205","frc3324","frc6032","2018cur_qm14_blue","qm","2018cur"
"frc1684","frc236","frc503","2018cur_qm15_red","qm","2018cur"
"frc302","frc5804","frc2054","2018cur_qm15_blue","qm","2018cur"
"frc45","frc5603","frc126","2018cur_qm16_red","qm","2018cur"
"frc5907","frc2175","frc4655","2018cur_qm16_blue","qm","2018cur"
"frc1599","frc4607","frc5712","2018cur_qm17_red","qm","2018cur"
"frc3314","frc2067","frc195","2018cur_qm17_blue","qm","2018cur"
"frc5822","frc263","frc4976","2018cur_qm18_red","qm","2018cur"
"frc70","frc1718","frc167","2018cur_qm18_blue","qm","2018cur"
"frc7021","frc333","frc6401","2018cur_qm19_red","qm","2018cur"
"frc5813","frc1747","frc5687","2018cur_qm19_blue","qm","2018cur"
"frc2175","frc4342","frc7198","2018cur_qm2_red","qm","2018cur"
"frc6933","frc5822","frc2054","2018cur_qm2_blue","qm","2018cur"
"frc1555","frc2601","frc379","2018cur_qm20_red","qm","2018cur"
"frc4384","frc7198","frc2826","2018cur_qm20_blue","qm","2018cur"
"frc4342","frc4405","frc7250","2018cur_qm21_red","qm","2018cur"
"frc7103","frc5460","frc2052","2018cur_qm21_blue","qm","2018cur"
"frc3538","frc2638","frc3244","2018cur_qm22_red","qm","2018cur"
"frc558","frc6933","frc6175","2018cur_qm22_blue","qm","2018cur"
"frc1071","frc5603","frc316","2018cur_qm23_red","qm","2018cur"
"frc5712","frc3082","frc5205","2018cur_qm23_blue","qm","2018cur"
"frc1718","frc3324","frc1747","2018cur_qm24_red","qm","2018cur"
"frc230","frc5804","frc1599","2018cur_qm24_blue","qm","2018cur"
"frc2067","frc6401","frc126","2018cur_qm25_red","qm","2018cur"
"frc2054","frc5553","frc1023","2018cur_qm25_blue","qm","2018cur"
"frc236","frc2175","frc1555","2018cur_qm26_red","qm","2018cur"
"frc4607","frc4099","frc5460","2018cur_qm26_blue","qm","2018cur"
"frc7198","frc3314","frc558","2018cur_qm27_red","qm","2018cur"
"frc5813","frc45","frc1741","2018cur_qm27_blue","qm","2018cur"
"frc2826","frc70","frc6933","2018cur_qm28_red","qm","2018cur"
"frc6032","frc4405","frc1071","2018cur_qm28_blue","qm","2018cur"
"frc2052","frc6175","frc5687","2018cur_qm29_red","qm","2018cur"
"frc167","frc503","frc910","2018cur_qm29_blue","qm","2018cur"
"frc2601","frc7103","frc3452","2018cur_qm3_red","qm","2018cur"
"frc1023","frc4814","frc1025","2018cur_qm3_blue","qm","2018cur"
"frc3082","frc4342","frc2601","2018cur_qm30_red","qm","2018cur"
"frc263","frc2265","frc3538","2018cur_qm30_blue","qm","2018cur"
"frc7250","frc4814","frc5822","2018cur_qm31_red","qm","2018cur"
"frc20","frc333","frc3244","2018cur_qm31_blue","qm","2018cur"
"frc4976","frc4655","frc4903","2018cur_qm32_red","qm","2018cur"
"frc3452","frc1684","frc4384","2018cur_qm32_blue","qm","2018cur"
"frc379","frc2638","frc302","2018cur_qm33_red","qm","2018cur"
"frc7103","frc3707","frc195","2018cur_qm33_blue","qm","2018cur"
"frc7021","frc5804","frc6933","2018cur_qm34_red","qm","2018cur"
"frc5907","frc2052","frc1025","2018cur_qm34_blue","qm","2018cur"
"frc6032","frc5712","frc167","2018cur_qm35_red","qm","2018cur"
"frc5460","frc7198","frc230","2018cur_qm35_blue","qm","2018cur"
"frc263","frc2601","frc2826","2018cur_qm36_red","qm","2018cur"
"frc236","frc126","frc1599","2018cur_qm36_blue","qm","2018cur"
"frc4814","frc4099","frc4655","2018cur_qm37_red","qm","2018cur"
"frc558","frc5822","frc2067","2018cur_qm37_blue","qm","2018cur"
"frc70","frc5205","frc45","2018cur_qm38_red","qm","2018cur"
"frc7250","frc1555","frc2638","2018cur_qm38_blue","qm","2018cur"
"frc5907","frc3244","frc2265","2018cur_qm39_red","qm","2018cur"
"frc4405","frc195","frc379","2018cur_qm39_blue","qm","2018cur"
"frc263","frc558","frc302","2018cur_qm4_red","qm","2018cur"
"frc5603","frc3314","frc7021","2018cur_qm4_blue","qm","2018cur"
"frc1023","frc20","frc4607","2018cur_qm40_red","qm","2018cur"
"frc3707","frc3538","frc5813","2018cur_qm40_blue","qm","2018cur"
"frc503","frc1071","frc7021","2018cur_qm41_red","qm","2018cur"
"frc1741","frc910","frc3452","2018cur_qm41_blue","qm","2018cur"
"frc1025","frc4903","frc2175","2018cur_qm42_red","qm","2018cur"
"frc5687","frc5553","frc302","2018cur_qm42_blue","qm","2018cur"
"frc5603","frc3324","frc4384","2018cur_qm43_red","qm","2018cur"
"frc1718","frc4342","frc6401","2018cur_qm43_blue","qm","2018cur"
"frc3314","frc3082","frc2054","2018cur_qm44_red","qm","2018cur"
"frc6175","frc4976","frc333","2018cur_qm44_blue","qm","2018cur"
"frc7103","frc6933","frc316","2018cur_qm45_red","qm","2018cur"
"frc2601","frc1747","frc1684","2018cur_qm45_blue","qm","2018cur"
"frc2265","frc7021","frc3707","2018cur_qm46_red","qm","2018cur"
"frc45","frc1555","frc167","2018cur_qm46_blue","qm","2018cur"
"frc2067","frc1025","frc263","2018cur_qm47_red","qm","2018cur"
"frc3244","frc6032","frc2175","2018cur_qm47_blue","qm","2018cur"
"frc5822","frc4384","frc1023","2018cur_qm48_red","qm","2018cur"
"frc5687","frc236","frc5712","2018cur_qm48_blue","qm","2018cur"
"frc3082","frc1599","frc5907","2018cur_qm49_red","qm","2018cur"
"frc20","frc1741","frc558","2018cur_qm49_blue","qm","2018cur"
"frc4384","frc379","frc4607","2018cur_qm5_red","qm","2018cur"
"frc5205","frc4099","frc1684","2018cur_qm5_blue","qm","2018cur"
"frc316","frc7250","frc126","2018cur_qm50_red","qm","2018cur"
"frc5804","frc195","frc4903","2018cur_qm50_blue","qm","2018cur"
"frc1718","frc6175","frc1071","2018cur_qm51_red","qm","2018cur"
"frc4814","frc5460","frc379","2018cur_qm51_blue","qm","2018cur"
"frc2826","frc2054","frc333","2018cur_qm52_red","qm","2018cur"
"frc5603","frc3452","frc70","2018cur_qm52_blue","qm","2018cur"
"frc302","frc2052","frc4342","2018cur_qm53_red","qm","2018cur"
"frc4607","frc4655","frc1747","2018cur_qm53_blue","qm","2018cur"
"frc3324","frc7103","frc4099","2018cur_qm54_red","qm","2018cur"
"frc3538","frc3314","frc503","2018cur_qm54_blue","qm","2018cur"
"frc1684","frc230","frc5553","2018cur_qm55_red","qm","2018cur"
"frc4405","frc2638","frc5813","2018cur_qm55_blue","qm","2018cur"
"frc910","frc6401","frc5205","2018cur_qm56_red","qm","2018cur"
"frc7198","frc4976","frc3707","2018cur_qm56_blue","qm","2018cur"
"frc1071","frc558","frc3244","2018cur_qm57_red","qm","2018cur"
"frc1023","frc4903","frc2601","2018cur_qm57_blue","qm","2018cur"
"frc316","frc263","frc6175","2018cur_qm58_red","qm","2018cur"
"frc5822","frc4607","frc45","2018cur_qm58_blue","qm","2018cur"
"frc2054","frc5712","frc5907","2018cur_qm59_red","qm","2018cur"
"frc1747","frc6032","frc2265","2018cur_qm59_blue","qm","2018cur"
"frc503","frc316","frc5907","2018cur_qm6_red","qm","2018cur"
"frc5553","frc3707","frc70","2018cur_qm6_blue","qm","2018cur"
"frc195","frc5813","frc230","2018cur_qm60_red","qm","2018cur"
"frc1025","frc503","frc5603","2018cur_qm60_blue","qm","2018cur"
"frc3538","frc70","frc2052","2018cur_qm61_red","qm","2018cur"
"frc379","frc2175","frc6401","2018cur_qm61_blue","qm","2018cur"
"frc4342","frc167","frc5804","2018cur_qm62_red","qm","2018cur"
"frc5553","frc2067","frc2826","2018cur_qm62_blue","qm","2018cur"
"frc236","frc5205","frc1741","2018cur_qm63_red","qm","2018cur"
"frc6933","frc4814","frc3324","2018cur_qm63_blue","qm","2018cur"
"frc4099","frc7250","frc3082","2018cur_qm64_red","qm","2018cur"
"frc3452","frc5687","frc2638","2018cur_qm64_blue","qm","2018cur"
"frc910","frc1718","frc7198","2018cur_qm65_red","qm","2018cur"
"frc20","frc302","frc1684","2018cur_qm65_blue","qm","2018cur"
"frc333","frc1599","frc1555","2018cur_qm66_red","qm","2018cur"
"frc4655","frc7103","frc4405","2018cur_qm66_blue","qm","2018cur"
"frc4976","frc4384","frc3314","2018cur_qm67_red","qm","2018cur"
"frc126","frc7021","frc5460","2018cur_qm67_blue","qm","2018cur"
"frc5553","frc1741","frc4814","2018cur_qm68_red","qm","2018cur"
"frc195","frc2052","frc263","2018cur_qm68_blue","qm","2018cur"
"frc3082","frc5813","frc3452","2018cur_qm69_red","qm","2018cur"
"frc379","frc2067","frc236","2018cur_qm69_blue","qm","2018cur"
"frc4903","frc3538","frc126","2018cur_qm7_red","qm","2018cur"
"frc230","frc167","frc333","2018cur_qm7_blue","qm","2018cur"
"frc230","frc302","frc6401","2018cur_qm70_red","qm","2018cur"
"frc2601","frc45","frc6933","2018cur_qm70_blue","qm","2018cur"
"frc558","frc2826","frc5205","2018cur_qm71_red","qm","2018cur"
"frc2175","frc503","frc1718","2018cur_qm71_blue","qm","2018cur"
"frc6175","frc3707","frc6032","2018cur_qm72_red","qm","2018cur"
"frc1599","frc7250","frc4384","2018cur_qm72_blue","qm","2018cur"
"frc5712","frc1684","frc70","2018cur_qm73_red","qm","2018cur"
"frc4342","frc7021","frc3538","2018cur_qm73_blue","qm","2018cur"
"frc333","frc5907","frc7198","2018cur_qm74_red","qm","2018cur"
"frc5460","frc3324","frc1023","2018cur_qm74_blue","qm","2018cur"
"frc1747","frc5822","frc4903","2018cur_qm75_red","qm","2018cur"
"frc3314","frc1555","frc910","2018cur_qm75_blue","qm","2018cur"
"frc126","frc2265","frc5687","2018cur_qm76_red","qm","2018cur"
"frc3244","frc7103","frc4607","2018cur_qm76_blue","qm","2018cur"
"frc4405","frc4976","frc5603","2018cur_qm77_red","qm","2018cur"
"frc4099","frc1071","frc5804","2018cur_qm77_blue","qm","2018cur"
"frc20","frc167","frc1025","2018cur_qm78_red","qm","2018cur"
"frc2054","frc316","frc2638","2018cur_qm78_blue","qm","2018cur"
"frc503","frc1023","frc4655","2018cur_qm79_red","qm","2018cur"
"frc379","frc6933","frc263","2018cur_qm79_blue","qm","2018cur"
"frc910","frc5813","frc5804","2018cur_qm8_red","qm","2018cur"
"frc1555","frc3082","frc6032","2018cur_qm8_blue","qm","2018cur"
"frc7250","frc3324","frc6175","2018cur_qm80_red","qm","2018cur"
"frc302","frc7021","frc2067","2018cur_qm80_blue","qm","2018cur"
"frc6401","frc2826","frc7103","2018cur_qm81_red","qm","2018cur"
"frc5205","frc5907","frc5822","2018cur_qm81_blue","qm","2018cur"
"frc195","frc5687","frc558","2018cur_qm82_red","qm","2018cur"
"frc4342","frc6032","frc4976","2018cur_qm82_blue","qm","2018cur"
"frc5804","frc45","frc5553","2018cur_qm83_red","qm","2018cur"
"frc1071","frc3538","frc1599","2018cur_qm83_blue","qm","2018cur"
"frc2052","frc20","frc5712","2018cur_qm84_red","qm","2018cur"
"frc1555","frc126","frc4099","2018cur_qm84_blue","qm","2018cur"
"frc2638","frc236","frc1718","2018cur_qm85_red","qm","2018cur"
"frc2265","frc333","frc316","2018cur_qm85_blue","qm","2018cur"
"frc167","frc4384","frc1747","2018cur_qm86_red","qm","2018cur"
"frc1741","frc3244","frc5603","2018cur_qm86_blue","qm","2018cur"
"frc3707","frc230","frc4405","2018cur_qm87_red","qm","2018cur"
"frc2175","frc3452","frc3314","2018cur_qm87_blue","qm","2018cur"
"frc4814","frc4903","frc7198","2018cur_qm88_red","qm","2018cur"
"frc4607","frc70","frc3082","2018cur_qm88_blue","qm","2018cur"
"frc5813","frc5460","frc2054","2018cur_qm89_red","qm","2018cur"
"frc910","frc4655","frc2601","2018cur_qm89_blue","qm","2018cur"
"frc1747","frc1071","frc20","2018cur_qm9_red","qm","2018cur"
"frc6175","frc195","frc236","2018cur_qm9_blue","qm","2018cur"
"frc1555","frc6401","frc1684","2018cur_qm90_red","qm","2018cur"
"frc1025","frc126","frc1071","2018cur_qm90_blue","qm","2018cur"
"frc1599","frc5205","frc4342","2018cur_qm91_red","qm","2018cur"
"frc167","frc4099","frc1023","2018cur_qm91_blue","qm","2018cur"
"frc333","frc2638","frc2175","2018cur_qm92_red","qm","2018cur"
"frc5804","frc5712","frc1741","2018cur_qm92_blue","qm","2018cur"
"frc5553","frc379","frc7103","2018cur_qm93_red","qm","2018cur"
"frc230","frc558","frc236","2018cur_qm93_blue","qm","2018cur"
"frc6032","frc4607","frc7021","2018cur_qm94_red","qm","2018cur"
"frc1718","frc4405","frc2601","2018cur_qm94_blue","qm","2018cur"
"frc6933","frc910","frc5907","2018cur_qm95_red","qm","2018cur"
"frc3452","frc263","frc7250","2018cur_qm95_blue","qm","2018cur"
"frc5603","frc5460","frc2067","2018cur_qm96_red","qm","2018cur"
"frc4903","frc20","frc503","2018cur_qm96_blue","qm","2018cur"
"frc3244","frc5813","frc302","2018cur_qm97_red","qm","2018cur"
"frc4976","frc316","frc2826","2018cur_qm97_blue","qm","2018cur"
"frc3707","frc2052","frc45","2018cur_qm98_red","qm","2018cur"
"frc5822","frc1684","frc3324","2018cur_qm98_blue","qm","2018cur"
"frc3314","frc1747","frc70","2018cur_qm99_red","qm","2018cur"
"frc4655","frc1025","frc3082","2018cur_qm99_blue","qm","2018cur"
"frc333","frc3707","frc195","2018cur_sf1m1_red","sf","2018cur"
"frc379","frc2054","frc2052","2018cur_sf1m1_blue","sf","2018cur"
"frc333","frc3707","frc195","2018cur_sf1m2_red","sf","2018cur"
"frc379","frc2054","frc2052","2018cur_sf1m2_blue","sf","2018cur"
"frc2826","frc3538","frc1747","2018cur_sf2m1_red","sf","2018cur"
"frc230","frc4814","frc3452","2018cur_sf2m1_blue","sf","2018cur"
"frc2826","frc3538","frc1747","2018cur_sf2m2_red","sf","2018cur"
"frc230","frc3452","frc5687","2018cur_sf2m2_blue","sf","2018cur"
"frc4028","frc56","frc365","2018dar_f1m1_red","f","2018dar"
"frc865","frc494","frc4917","2018dar_f1m1_blue","f","2018dar"
"frc4028","frc56","frc365","2018dar_f1m2_red","f","2018dar"
"frc865","frc494","frc4917","2018dar_f1m2_blue","f","2018dar"
"frc4028","frc56","frc365","2018dar_f1m3_red","f","2018dar"
"frc865","frc494","frc4917","2018dar_f1m3_blue","f","2018dar"
"frc4028","frc56","frc1391","2018dar_qf1m1_red","qf","2018dar"
"frc2834","frc4946","frc2791","2018dar_qf1m1_blue","qf","2018dar"
"frc4028","frc1391","frc56","2018dar_qf1m2_red","qf","2018dar"
"frc2834","frc4946","frc2791","2018dar_qf1m2_blue","qf","2018dar"
"frc772","frc176","frc177","2018dar_qf2m1_red","qf","2018dar"
"frc3542","frc2337","frc1018","2018dar_qf2m1_blue","qf","2018dar"
"frc772","frc177","frc176","2018dar_qf2m2_red","qf","2018dar"
"frc3542","frc2337","frc1018","2018dar_qf2m2_blue","qf","2018dar"
"frc772","frc177","frc176","2018dar_qf2m3_red","qf","2018dar"
"frc3542","frc2337","frc1018","2018dar_qf2m3_blue","qf","2018dar"
"frc2451","frc2481","frc5406","2018dar_qf3m1_red","qf","2018dar"
"frc3130","frc234","frc1519","2018dar_qf3m1_blue","qf","2018dar"
"frc2451","frc2481","frc5406","2018dar_qf3m2_red","qf","2018dar"
"frc3130","frc234","frc1519","2018dar_qf3m2_blue","qf","2018dar"
"frc2194","frc125","frc3536","2018dar_qf4m1_red","qf","2018dar"
"frc865","frc494","frc4917","2018dar_qf4m1_blue","qf","2018dar"
"frc2194","frc125","frc3536","2018dar_qf4m2_red","qf","2018dar"
"frc865","frc494","frc4917","2018dar_qf4m2_blue","qf","2018dar"
"frc2337","frc125","frc3274","2018dar_qm1_red","qm","2018dar"
"frc3535","frc176","frc5740","2018dar_qm1_blue","qm","2018dar"
"frc5914","frc3504","frc578","2018dar_qm10_red","qm","2018dar"
"frc78","frc6936","frc6590","2018dar_qm10_blue","qm","2018dar"
"frc5339","frc3844","frc4946","2018dar_qm100_red","qm","2018dar"
"frc2501","frc3535","frc4905","2018dar_qm100_blue","qm","2018dar"
"frc548","frc4645","frc3117","2018dar_qm101_red","qm","2018dar"
"frc176","frc6193","frc2337","2018dar_qm101_blue","qm","2018dar"
"frc6947","frc234","frc1519","2018dar_qm102_red","qm","2018dar"
"frc1711","frc3130","frc157","2018dar_qm102_blue","qm","2018dar"
"frc51","frc5740","frc5914","2018dar_qm103_red","qm","2018dar"
"frc4198","frc2834","frc3542","2018dar_qm103_blue","qm","2018dar"
"frc3274","frc772","frc2481","2018dar_qm104_red","qm","2018dar"
"frc857","frc4917","frc78","2018dar_qm104_blue","qm","2018dar"
"frc4028","frc4905","frc4458","2018dar_qm105_red","qm","2018dar"
"frc5434","frc2194","frc977","2018dar_qm105_blue","qm","2018dar"
"frc2501","frc4946","frc1625","2018dar_qm106_red","qm","2018dar"
"frc6869","frc5234","frc2451","2018dar_qm106_blue","qm","2018dar"
"frc111","frc177","frc1391","2018dar_qm107_red","qm","2018dar"
"frc250","frc3695","frc3504","2018dar_qm107_blue","qm","2018dar"
"frc3572","frc2791","frc6936","2018dar_qm108_red","qm","2018dar"
"frc1418","frc4122","frc4645","2018dar_qm108_blue","qm","2018dar"
"frc365","frc247","frc125","2018dar_qm109_red","qm","2018dar"
"frc5883","frc5339","frc865","2018dar_qm109_blue","qm","2018dar"
"frc2791","frc494","frc865","2018dar_qm11_red","qm","2018dar"
"frc6947","frc3117","frc5434","2018dar_qm11_blue","qm","2018dar"
"frc5492","frc3461","frc5443","2018dar_qm110_red","qm","2018dar"
"frc176","frc3844","frc3536","2018dar_qm110_blue","qm","2018dar"
"frc548","frc1018","frc578","2018dar_qm111_red","qm","2018dar"
"frc5036","frc3535","frc5406","2018dar_qm111_blue","qm","2018dar"
"frc56","frc494","frc177","2018dar_qm112_red","qm","2018dar"
"frc6590","frc6823","frc2481","2018dar_qm112_blue","qm","2018dar"
"frc1418","frc6193","frc3274","2018dar_qm12_red","qm","2018dar"
"frc3542","frc4028","frc4946","2018dar_qm12_blue","qm","2018dar"
"frc5036","frc2481","frc111","2018dar_qm13_red","qm","2018dar"
"frc5740","frc4458","frc5339","2018dar_qm13_blue","qm","2018dar"
"frc3572","frc5443","frc2194","2018dar_qm14_red","qm","2018dar"
"frc157","frc1018","frc857","2018dar_qm14_blue","qm","2018dar"
"frc51","frc4122","frc176","2018dar_qm15_red","qm","2018dar"
"frc578","frc5234","frc1711","2018dar_qm15_blue","qm","2018dar"
"frc6936","frc4917","frc3536","2018dar_qm16_red","qm","2018dar"
"frc5434","frc2451","frc250","2018dar_qm16_blue","qm","2018dar"
"frc234","frc977","frc2501","2018dar_qm17_red","qm","2018dar"
"frc177","frc1418","frc125","2018dar_qm17_blue","qm","2018dar"
"frc5406","frc56","frc6947","2018dar_qm18_red","qm","2018dar"
"frc3844","frc365","frc3117","2018dar_qm18_blue","qm","2018dar"
"frc4645","frc3535","frc5492","2018dar_qm19_red","qm","2018dar"
"frc6869","frc5914","frc2834","2018dar_qm19_blue","qm","2018dar"
"frc5339","frc365","frc4028","2018dar_qm2_red","qm","2018dar"
"frc1625","frc51","frc3572","2018dar_qm2_blue","qm","2018dar"
"frc6823","frc494","frc548","2018dar_qm20_red","qm","2018dar"
"frc1625","frc247","frc3504","2018dar_qm20_blue","qm","2018dar"
"frc4198","frc4905","frc772","2018dar_qm21_red","qm","2018dar"
"frc3695","frc6590","frc2791","2018dar_qm21_blue","qm","2018dar"
"frc3461","frc5883","frc3130","2018dar_qm22_red","qm","2018dar"
"frc865","frc78","frc1391","2018dar_qm22_blue","qm","2018dar"
"frc2337","frc234","frc3844","2018dar_qm23_red","qm","2018dar"
"frc1519","frc250","frc857","2018dar_qm23_blue","qm","2018dar"
"frc5234","frc2481","frc125","2018dar_qm24_red","qm","2018dar"
"frc177","frc3542","frc5434","2018dar_qm24_blue","qm","2018dar"
"frc5914","frc5406","frc6823","2018dar_qm25_red","qm","2018dar"
"frc3274","frc3572","frc1711","2018dar_qm25_blue","qm","2018dar"
"frc365","frc578","frc4198","2018dar_qm26_red","qm","2018dar"
"frc4645","frc977","frc772","2018dar_qm26_blue","qm","2018dar"
"frc2451","frc1418","frc176","2018dar_qm27_red","qm","2018dar"
"frc3504","frc3130","frc5339","2018dar_qm27_blue","qm","2018dar"
"frc494","frc1625","frc111","2018dar_qm28_red","qm","2018dar"
"frc1018","frc78","frc3535","2018dar_qm28_blue","qm","2018dar"
"frc3461","frc4946","frc5036","2018dar_qm29_red","qm","2018dar"
"frc2337","frc6590","frc4917","2018dar_qm29_blue","qm","2018dar"
"frc3542","frc5492","frc250","2018dar_qm3_red","qm","2018dar"
"frc4458","frc2501","frc3461","2018dar_qm3_blue","qm","2018dar"
"frc4028","frc5883","frc157","2018dar_qm30_red","qm","2018dar"
"frc56","frc5740","frc2791","2018dar_qm30_blue","qm","2018dar"
"frc3695","frc865","frc2194","2018dar_qm31_red","qm","2018dar"
"frc51","frc2501","frc5443","2018dar_qm31_blue","qm","2018dar"
"frc1391","frc4458","frc1519","2018dar_qm32_red","qm","2018dar"
"frc6869","frc3117","frc6936","2018dar_qm32_blue","qm","2018dar"
"frc4122","frc3536","frc4905","2018dar_qm33_red","qm","2018dar"
"frc2834","frc6947","frc548","2018dar_qm33_blue","qm","2018dar"
"frc247","frc6193","frc3542","2018dar_qm34_red","qm","2018dar"
"frc5492","frc5406","frc111","2018dar_qm34_blue","qm","2018dar"
"frc1625","frc3274","frc56","2018dar_qm35_red","qm","2018dar"
"frc250","frc1711","frc4645","2018dar_qm35_blue","qm","2018dar"
"frc2481","frc365","frc3695","2018dar_qm36_red","qm","2018dar"
"frc3130","frc578","frc4946","2018dar_qm36_blue","qm","2018dar"
"frc1018","frc3844","frc125","2018dar_qm37_red","qm","2018dar"
"frc4458","frc6823","frc4917","2018dar_qm37_blue","qm","2018dar"
"frc4122","frc78","frc5339","2018dar_qm38_red","qm","2018dar"
"frc1519","frc5443","frc5740","2018dar_qm38_blue","qm","2018dar"
"frc6947","frc2194","frc177","2018dar_qm39_red","qm","2018dar"
"frc772","frc3461","frc5914","2018dar_qm39_blue","qm","2018dar"
"frc2481","frc548","frc1711","2018dar_qm4_red","qm","2018dar"
"frc2194","frc1391","frc3844","2018dar_qm4_blue","qm","2018dar"
"frc234","frc176","frc6869","2018dar_qm40_red","qm","2018dar"
"frc247","frc2834","frc2791","2018dar_qm40_blue","qm","2018dar"
"frc5492","frc5036","frc51","2018dar_qm41_red","qm","2018dar"
"frc3117","frc3504","frc977","2018dar_qm41_blue","qm","2018dar"
"frc6936","frc548","frc4028","2018dar_qm42_red","qm","2018dar"
"frc865","frc157","frc2501","2018dar_qm42_blue","qm","2018dar"
"frc1418","frc2337","frc3572","2018dar_qm43_red","qm","2018dar"
"frc1391","frc4198","frc3536","2018dar_qm43_blue","qm","2018dar"
"frc6590","frc857","frc3535","2018dar_qm44_red","qm","2018dar"
"frc5883","frc5434","frc5234","2018dar_qm44_blue","qm","2018dar"
"frc6193","frc4905","frc5740","2018dar_qm45_red","qm","2018dar"
"frc494","frc2451","frc234","2018dar_qm45_blue","qm","2018dar"
"frc2791","frc5339","frc5492","2018dar_qm46_red","qm","2018dar"
"frc56","frc578","frc2194","2018dar_qm46_blue","qm","2018dar"
"frc4122","frc250","frc3130","2018dar_qm47_red","qm","2018dar"
"frc772","frc1018","frc3542","2018dar_qm47_blue","qm","2018dar"
"frc3504","frc3572","frc6947","2018dar_qm48_red","qm","2018dar"
"frc4946","frc5443","frc2481","2018dar_qm48_blue","qm","2018dar"
"frc157","frc6590","frc51","2018dar_qm49_red","qm","2018dar"
"frc3536","frc125","frc1625","2018dar_qm49_blue","qm","2018dar"
"frc2834","frc977","frc1018","2018dar_qm5_red","qm","2018dar"
"frc6193","frc56","frc3695","2018dar_qm5_blue","qm","2018dar"
"frc977","frc177","frc5883","2018dar_qm50_red","qm","2018dar"
"frc548","frc3274","frc2451","2018dar_qm50_blue","qm","2018dar"
"frc5434","frc6869","frc6193","2018dar_qm51_red","qm","2018dar"
"frc78","frc3844","frc5036","2018dar_qm51_blue","qm","2018dar"
"frc5914","frc3695","frc247","2018dar_qm52_red","qm","2018dar"
"frc5234","frc4458","frc1418","2018dar_qm52_blue","qm","2018dar"
"frc4028","frc1711","frc3117","2018dar_qm53_red","qm","2018dar"
"frc3535","frc4917","frc4198","2018dar_qm53_blue","qm","2018dar"
"frc2337","frc2834","frc857","2018dar_qm54_red","qm","2018dar"
"frc6936","frc111","frc365","2018dar_qm54_blue","qm","2018dar"
"frc865","frc4645","frc3461","2018dar_qm55_red","qm","2018dar"
"frc6823","frc1519","frc4905","2018dar_qm55_blue","qm","2018dar"
"frc176","frc5406","frc2501","2018dar_qm56_red","qm","2018dar"
"frc494","frc1391","frc772","2018dar_qm56_blue","qm","2018dar"
"frc1018","frc6869","frc6590","2018dar_qm57_red","qm","2018dar"
"frc5339","frc1418","frc6947","2018dar_qm57_blue","qm","2018dar"
"frc51","frc3117","frc2451","2018dar_qm58_red","qm","2018dar"
"frc3844","frc2481","frc247","2018dar_qm58_blue","qm","2018dar"
"frc1625","frc3695","frc4122","2018dar_qm59_red","qm","2018dar"
"frc3274","frc5492","frc5883","2018dar_qm59_blue","qm","2018dar"
"frc4946","frc772","frc5883","2018dar_qm6_red","qm","2018dar"
"frc111","frc6823","frc234","2018dar_qm6_blue","qm","2018dar"
"frc1711","frc865","frc4198","2018dar_qm60_red","qm","2018dar"
"frc6193","frc857","frc3504","2018dar_qm60_blue","qm","2018dar"
"frc6823","frc5434","frc3130","2018dar_qm61_red","qm","2018dar"
"frc5740","frc2501","frc2337","2018dar_qm61_blue","qm","2018dar"
"frc250","frc1391","frc2834","2018dar_qm62_red","qm","2018dar"
"frc578","frc4028","frc494","2018dar_qm62_blue","qm","2018dar"
"frc4917","frc176","frc5914","2018dar_qm63_red","qm","2018dar"
"frc4905","frc157","frc365","2018dar_qm63_blue","qm","2018dar"
"frc4645","frc3542","frc2194","2018dar_qm64_red","qm","2018dar"
"frc234","frc3536","frc5036","2018dar_qm64_blue","qm","2018dar"
"frc5234","frc111","frc3572","2018dar_qm65_red","qm","2018dar"
"frc125","frc56","frc1519","2018dar_qm65_blue","qm","2018dar"
"frc4458","frc2791","frc78","2018dar_qm66_red","qm","2018dar"
"frc177","frc4946","frc548","2018dar_qm66_blue","qm","2018dar"
"frc3535","frc5443","frc977","2018dar_qm67_red","qm","2018dar"
"frc5406","frc3461","frc6936","2018dar_qm67_blue","qm","2018dar"
"frc4198","frc6869","frc250","2018dar_qm68_red","qm","2018dar"
"frc176","frc2481","frc5883","2018dar_qm68_blue","qm","2018dar"
"frc1711","frc5339","frc3695","2018dar_qm69_red","qm","2018dar"
"frc3542","frc2337","frc494","2018dar_qm69_blue","qm","2018dar"
"frc4905","frc857","frc5234","2018dar_qm7_red","qm","2018dar"
"frc5406","frc3536","frc6869","2018dar_qm7_blue","qm","2018dar"
"frc2501","frc111","frc578","2018dar_qm70_red","qm","2018dar"
"frc4917","frc6947","frc3274","2018dar_qm70_blue","qm","2018dar"
"frc2451","frc6590","frc4458","2018dar_qm71_red","qm","2018dar"
"frc6823","frc3572","frc2834","2018dar_qm71_blue","qm","2018dar"
"frc247","frc5434","frc56","2018dar_qm72_red","qm","2018dar"
"frc3461","frc3504","frc4122","2018dar_qm72_blue","qm","2018dar"
"frc857","frc3130","frc1391","2018dar_qm73_red","qm","2018dar"
"frc125","frc5914","frc5036","2018dar_qm73_blue","qm","2018dar"
"frc5740","frc2194","frc772","2018dar_qm74_red","qm","2018dar"
"frc3844","frc6936","frc1625","2018dar_qm74_blue","qm","2018dar"
"frc1519","frc3536","frc3535","2018dar_qm75_red","qm","2018dar"
"frc2791","frc6193","frc177","2018dar_qm75_blue","qm","2018dar"
"frc4645","frc5406","frc1018","2018dar_qm76_red","qm","2018dar"
"frc4946","frc865","frc51","2018dar_qm76_blue","qm","2018dar"
"frc548","frc365","frc5443","2018dar_qm77_red","qm","2018dar"
"frc4028","frc5234","frc234","2018dar_qm77_blue","qm","2018dar"
"frc78","frc157","frc1418","2018dar_qm78_red","qm","2018dar"
"frc3117","frc4905","frc5492","2018dar_qm78_blue","qm","2018dar"
"frc977","frc6947","frc3542","2018dar_qm79_red","qm","2018dar"
"frc857","frc1625","frc176","2018dar_qm79_blue","qm","2018dar"
"frc4122","frc1519","frc157","2018dar_qm8_red","qm","2018dar"
"frc5036","frc2451","frc4198","2018dar_qm8_blue","qm","2018dar"
"frc2501","frc5914","frc6193","2018dar_qm80_red","qm","2018dar"
"frc2791","frc4122","frc2481","2018dar_qm80_blue","qm","2018dar"
"frc4458","frc3535","frc865","2018dar_qm81_red","qm","2018dar"
"frc1391","frc51","frc56","2018dar_qm81_blue","qm","2018dar"
"frc2451","frc125","frc4946","2018dar_qm82_red","qm","2018dar"
"frc2194","frc4198","frc494","2018dar_qm82_blue","qm","2018dar"
"frc4905","frc234","frc6936","2018dar_qm83_red","qm","2018dar"
"frc3274","frc3117","frc1018","2018dar_qm83_blue","qm","2018dar"
"frc5443","frc5036","frc1418","2018dar_qm84_red","qm","2018dar"
"frc365","frc250","frc6823","2018dar_qm84_blue","qm","2018dar"
"frc3536","frc5740","frc78","2018dar_qm85_red","qm","2018dar"
"frc977","frc1711","frc247","2018dar_qm85_blue","qm","2018dar"
"frc6590","frc4645","frc3844","2018dar_qm86_red","qm","2018dar"
"frc111","frc3130","frc4028","2018dar_qm86_blue","qm","2018dar"
"frc4917","frc1519","frc3504","2018dar_qm87_red","qm","2018dar"
"frc3695","frc5883","frc5406","2018dar_qm87_blue","qm","2018dar"
"frc157","frc177","frc3572","2018dar_qm88_red","qm","2018dar"
"frc578","frc6869","frc2337","2018dar_qm88_blue","qm","2018dar"
"frc2834","frc3461","frc5339","2018dar_qm89_red","qm","2018dar"
"frc772","frc548","frc5234","2018dar_qm89_blue","qm","2018dar"
"frc5443","frc4917","frc247","2018dar_qm9_red","qm","2018dar"
"frc3130","frc177","frc4645","2018dar_qm9_blue","qm","2018dar"
"frc5434","frc1391","frc1711","2018dar_qm90_red","qm","2018dar"
"frc5492","frc1018","frc365","2018dar_qm90_blue","qm","2018dar"
"frc3536","frc3274","frc494","2018dar_qm91_red","qm","2018dar"
"frc3130","frc4198","frc4458","2018dar_qm91_blue","qm","2018dar"
"frc5883","frc6936","frc6823","2018dar_qm92_red","qm","2018dar"
"frc6947","frc51","frc6193","2018dar_qm92_blue","qm","2018dar"
"frc578","frc3542","frc6590","2018dar_qm93_red","qm","2018dar"
"frc2194","frc247","frc1519","2018dar_qm93_blue","qm","2018dar"
"frc3117","frc857","frc5740","2018dar_qm94_red","qm","2018dar"
"frc177","frc3695","frc3461","2018dar_qm94_blue","qm","2018dar"
"frc56","frc2337","frc2451","2018dar_qm95_red","qm","2018dar"
"frc5443","frc78","frc5914","2018dar_qm95_blue","qm","2018dar"
"frc865","frc5036","frc4917","2018dar_qm96_red","qm","2018dar"
"frc3572","frc5492","frc234","2018dar_qm96_blue","qm","2018dar"
"frc157","frc2791","frc5234","2018dar_qm97_red","qm","2018dar"
"frc250","frc111","frc977","2018dar_qm97_blue","qm","2018dar"
"frc2834","frc1625","frc5406","2018dar_qm98_red","qm","2018dar"
"frc2481","frc1418","frc5434","2018dar_qm98_blue","qm","2018dar"
"frc3504","frc4028","frc6869","2018dar_qm99_red","qm","2018dar"
"frc125","frc772","frc4122","2018dar_qm99_blue","qm","2018dar"
"frc4028","frc1391","frc56","2018dar_sf1m1_red","sf","2018dar"
"frc772","frc177","frc176","2018dar_sf1m1_blue","sf","2018dar"
"frc4028","frc56","frc365","2018dar_sf1m2_red","sf","2018dar"
"frc772","frc177","frc176","2018dar_sf1m2_blue","sf","2018dar"
"frc4028","frc56","frc365","2018dar_sf1m3_red","sf","2018dar"
"frc772","frc177","frc176","2018dar_sf1m3_blue","sf","2018dar"
"frc2451","frc2481","frc5406","2018dar_sf2m1_red","sf","2018dar"
"frc865","frc494","frc4917","2018dar_sf2m1_blue","sf","2018dar"
"frc2451","frc2481","frc5406","2018dar_sf2m2_red","sf","2018dar"
"frc865","frc494","frc4917","2018dar_sf2m2_blue","sf","2018dar"
"frc2451","frc2481","frc5406","2018dar_sf2m3_red","sf","2018dar"
"frc865","frc494","frc4917","2018dar_sf2m3_blue","sf","2018dar"
"frc2013","frc141","frc2706","2018dal_f1m1_red","f","2018dal"
"frc2708","frc27","frc2767","2018dal_f1m1_blue","f","2018dal"
"frc2013","frc141","frc2706","2018dal_f1m2_red","f","2018dal"
"frc4027","frc27","frc2767","2018dal_f1m2_blue","f","2018dal"
"frc2013","frc141","frc2706","2018dal_f1m3_red","f","2018dal"
"frc4027","frc27","frc2767","2018dal_f1m3_blue","f","2018dal"
"frc4539","frc3683","frc346","2018dal_qf1m1_red","qf","2018dal"
"frc469","frc610","frc3539","2018dal_qf1m1_blue","qf","2018dal"
"frc4539","frc3683","frc346","2018dal_qf1m2_red","qf","2018dal"
"frc469","frc610","frc3539","2018dal_qf1m2_blue","qf","2018dal"
"frc4362","frc747","frc1305","2018dal_qf2m1_red","qf","2018dal"
"frc2013","frc141","frc2706","2018dal_qf2m1_blue","qf","2018dal"
"frc4362","frc747","frc1305","2018dal_qf2m2_red","qf","2018dal"
"frc2013","frc141","frc2706","2018dal_qf2m2_blue","qf","2018dal"
"frc2708","frc27","frc2767","2018dal_qf3m1_red","qf","2018dal"
"frc1796","frc4855","frc245","2018dal_qf3m1_blue","qf","2018dal"
"frc2708","frc27","frc2767","2018dal_qf3m2_red","qf","2018dal"
"frc1796","frc4855","frc237","2018dal_qf3m2_blue","qf","2018dal"
"frc33","frc1629","frc836","2018dal_qf4m1_red","qf","2018dal"
"frc188","frc2877","frc1024","2018dal_qf4m1_blue","qf","2018dal"
"frc33","frc1629","frc836","2018dal_qf4m2_red","qf","2018dal"
"frc188","frc2877","frc1024","2018dal_qf4m2_blue","qf","2018dal"
"frc369","frc6964","frc5148","2018dal_qm1_red","qm","2018dal"
"frc346","frc4855","frc2877","2018dal_qm1_blue","qm","2018dal"
"frc337","frc3534","frc145","2018dal_qm10_red","qm","2018dal"
"frc4481","frc1468","frc623","2018dal_qm10_blue","qm","2018dal"
"frc611","frc1076","frc5962","2018dal_qm100_red","qm","2018dal"
"frc4855","frc6753","frc4308","2018dal_qm100_blue","qm","2018dal"
"frc663","frc188","frc3171","2018dal_qm101_red","qm","2018dal"
"frc6964","frc27","frc4481","2018dal_qm101_blue","qm","2018dal"
"frc888","frc245","frc610","2018dal_qm102_red","qm","2018dal"
"frc469","frc3175","frc2767","2018dal_qm102_blue","qm","2018dal"
"frc5243","frc1796","frc1024","2018dal_qm103_red","qm","2018dal"
"frc2013","frc614","frc1189","2018dal_qm103_blue","qm","2018dal"
"frc4327","frc3950","frc4466","2018dal_qm104_red","qm","2018dal"
"frc2729","frc7048","frc3683","2018dal_qm104_blue","qm","2018dal"
"frc623","frc6868","frc4027","2018dal_qm105_red","qm","2018dal"
"frc2708","frc369","frc1076","2018dal_qm105_blue","qm","2018dal"
"frc4362","frc401","frc237","2018dal_qm106_red","qm","2018dal"
"frc3534","frc5561","frc6964","2018dal_qm106_blue","qm","2018dal"
"frc4539","frc4855","frc145","2018dal_qm107_red","qm","2018dal"
"frc329","frc5517","frc1305","2018dal_qm107_blue","qm","2018dal"
"frc27","frc2877","frc245","2018dal_qm108_red","qm","2018dal"
"frc337","frc2170","frc5962","2018dal_qm108_blue","qm","2018dal"
"frc4481","frc888","frc6753","2018dal_qm109_red","qm","2018dal"
"frc3637","frc33","frc2512","2018dal_qm109_blue","qm","2018dal"
"frc3637","frc74","frc237","2018dal_qm11_red","qm","2018dal"
"frc5517","frc4466","frc27","2018dal_qm11_blue","qm","2018dal"
"frc747","frc610","frc836","2018dal_qm110_red","qm","2018dal"
"frc3171","frc3539","frc4811","2018dal_qm110_blue","qm","2018dal"
"frc469","frc3236","frc1468","2018dal_qm111_red","qm","2018dal"
"frc141","frc1629","frc810","2018dal_qm111_blue","qm","2018dal"
"frc346","frc2706","frc3175","2018dal_qm112_red","qm","2018dal"
"frc5030","frc7153","frc663","2018dal_qm112_blue","qm","2018dal"
"frc5148","frc1739","frc188","2018dal_qm113_red","qm","2018dal"
"frc611","frc74","frc2783","2018dal_qm113_blue","qm","2018dal"
"frc1189","frc5243","frc4308","2018dal_qm114_red","qm","2018dal"
"frc2767","frc4466","frc4481","2018dal_qm114_blue","qm","2018dal"
"frc1796","frc5962","frc5030","2018dal_qm12_red","qm","2018dal"
"frc6964","frc5243","frc2512","2018dal_qm12_blue","qm","2018dal"
"frc3171","frc1189","frc369","2018dal_qm13_red","qm","2018dal"
"frc401","frc2783","frc1629","2018dal_qm13_blue","qm","2018dal"
"frc663","frc7048","frc888","2018dal_qm14_red","qm","2018dal"
"frc5148","frc329","frc2170","2018dal_qm14_blue","qm","2018dal"
"frc836","frc188","frc337","2018dal_qm15_red","qm","2018dal"
"frc145","frc3236","frc4308","2018dal_qm15_blue","qm","2018dal"
"frc33","frc747","frc4466","2018dal_qm16_red","qm","2018dal"
"frc1739","frc245","frc623","2018dal_qm16_blue","qm","2018dal"
"frc2512","frc610","frc611","2018dal_qm17_red","qm","2018dal"
"frc4539","frc4362","frc6868","2018dal_qm17_blue","qm","2018dal"
"frc1024","frc2708","frc27","2018dal_qm18_red","qm","2018dal"
"frc469","frc346","frc3534","2018dal_qm18_blue","qm","2018dal"
"frc1076","frc5030","frc2013","2018dal_qm19_red","qm","2018dal"
"frc2877","frc1305","frc4481","2018dal_qm19_blue","qm","2018dal"
"frc401","frc5962","frc3236","2018dal_qm2_red","qm","2018dal"
"frc1796","frc3950","frc610","2018dal_qm2_blue","qm","2018dal"
"frc810","frc3683","frc74","2018dal_qm20_red","qm","2018dal"
"frc7153","frc237","frc2706","2018dal_qm20_blue","qm","2018dal"
"frc4855","frc614","frc5561","2018dal_qm21_red","qm","2018dal"
"frc4811","frc2729","frc3637","2018dal_qm21_blue","qm","2018dal"
"frc5517","frc3950","frc1468","2018dal_qm22_red","qm","2018dal"
"frc3175","frc4027","frc6753","2018dal_qm22_blue","qm","2018dal"
"frc2767","frc1024","frc3539","2018dal_qm23_red","qm","2018dal"
"frc6964","frc4327","frc141","2018dal_qm23_blue","qm","2018dal"
"frc5243","frc346","frc6868","2018dal_qm24_red","qm","2018dal"
"frc4466","frc888","frc188","2018dal_qm24_blue","qm","2018dal"
"frc1189","frc611","frc2877","2018dal_qm25_red","qm","2018dal"
"frc4481","frc237","frc747","2018dal_qm25_blue","qm","2018dal"
"frc7153","frc4308","frc1305","2018dal_qm26_red","qm","2018dal"
"frc623","frc2170","frc2512","2018dal_qm26_blue","qm","2018dal"
"frc3175","frc1468","frc2708","2018dal_qm27_red","qm","2018dal"
"frc401","frc3171","frc4855","2018dal_qm27_blue","qm","2018dal"
"frc610","frc329","frc4027","2018dal_qm28_red","qm","2018dal"
"frc810","frc3637","frc3534","2018dal_qm28_blue","qm","2018dal"
"frc2767","frc2783","frc4539","2018dal_qm29_red","qm","2018dal"
"frc3683","frc337","frc6753","2018dal_qm29_blue","qm","2018dal"
"frc3175","frc33","frc1629","2018dal_qm3_red","qm","2018dal"
"frc2170","frc3683","frc3539","2018dal_qm3_blue","qm","2018dal"
"frc3236","frc5148","frc3539","2018dal_qm30_red","qm","2018dal"
"frc27","frc369","frc4811","2018dal_qm30_blue","qm","2018dal"
"frc4327","frc663","frc1076","2018dal_qm31_red","qm","2018dal"
"frc1629","frc1796","frc4362","2018dal_qm31_blue","qm","2018dal"
"frc2729","frc145","frc245","2018dal_qm32_red","qm","2018dal"
"frc74","frc5030","frc7048","2018dal_qm32_blue","qm","2018dal"
"frc141","frc614","frc5517","2018dal_qm33_red","qm","2018dal"
"frc33","frc836","frc5962","2018dal_qm33_blue","qm","2018dal"
"frc3950","frc1739","frc2013","2018dal_qm34_red","qm","2018dal"
"frc5561","frc2706","frc469","2018dal_qm34_blue","qm","2018dal"
"frc3539","frc611","frc6964","2018dal_qm35_red","qm","2018dal"
"frc3637","frc1189","frc2170","2018dal_qm35_blue","qm","2018dal"
"frc810","frc7153","frc1024","2018dal_qm36_red","qm","2018dal"
"frc1629","frc747","frc6753","2018dal_qm36_blue","qm","2018dal"
"frc237","frc2512","frc346","2018dal_qm37_red","qm","2018dal"
"frc4027","frc245","frc3171","2018dal_qm37_blue","qm","2018dal"
"frc5243","frc4539","frc2729","2018dal_qm38_red","qm","2018dal"
"frc1076","frc33","frc3236","2018dal_qm38_blue","qm","2018dal"
"frc2708","frc469","frc3683","2018dal_qm39_red","qm","2018dal"
"frc4308","frc614","frc663","2018dal_qm39_blue","qm","2018dal"
"frc663","frc4027","frc141","2018dal_qm4_red","qm","2018dal"
"frc2013","frc611","frc5243","2018dal_qm4_blue","qm","2018dal"
"frc145","frc4481","frc3175","2018dal_qm40_red","qm","2018dal"
"frc5148","frc5962","frc6868","2018dal_qm40_blue","qm","2018dal"
"frc5517","frc2767","frc369","2018dal_qm41_red","qm","2018dal"
"frc1468","frc188","frc5561","2018dal_qm41_blue","qm","2018dal"
"frc2706","frc3534","frc1305","2018dal_qm42_red","qm","2018dal"
"frc7048","frc1796","frc141","2018dal_qm42_blue","qm","2018dal"
"frc623","frc329","frc2783","2018dal_qm43_red","qm","2018dal"
"frc4327","frc2013","frc2877","2018dal_qm43_blue","qm","2018dal"
"frc4466","frc4811","frc337","2018dal_qm44_red","qm","2018dal"
"frc3950","frc401","frc888","2018dal_qm44_blue","qm","2018dal"
"frc836","frc27","frc1739","2018dal_qm45_red","qm","2018dal"
"frc4855","frc5030","frc4362","2018dal_qm45_blue","qm","2018dal"
"frc2170","frc74","frc614","2018dal_qm46_red","qm","2018dal"
"frc610","frc3236","frc4481","2018dal_qm46_blue","qm","2018dal"
"frc1629","frc3683","frc6964","2018dal_qm47_red","qm","2018dal"
"frc1305","frc6868","frc245","2018dal_qm47_blue","qm","2018dal"
"frc5962","frc3637","frc2708","2018dal_qm48_red","qm","2018dal"
"frc7153","frc7048","frc2783","2018dal_qm48_blue","qm","2018dal"
"frc3171","frc2877","frc3534","2018dal_qm49_red","qm","2018dal"
"frc4539","frc469","frc4466","2018dal_qm49_blue","qm","2018dal"
"frc614","frc1024","frc4539","2018dal_qm5_red","qm","2018dal"
"frc2783","frc4308","frc888","2018dal_qm5_blue","qm","2018dal"
"frc346","frc1189","frc2729","2018dal_qm50_red","qm","2018dal"
"frc141","frc3175","frc1739","2018dal_qm50_blue","qm","2018dal"
"frc27","frc888","frc2706","2018dal_qm51_red","qm","2018dal"
"frc611","frc623","frc5517","2018dal_qm51_blue","qm","2018dal"
"frc2512","frc747","frc3950","2018dal_qm52_red","qm","2018dal"
"frc663","frc836","frc2767","2018dal_qm52_blue","qm","2018dal"
"frc329","frc1076","frc1468","2018dal_qm53_red","qm","2018dal"
"frc4811","frc237","frc1024","2018dal_qm53_blue","qm","2018dal"
"frc4308","frc2013","frc4362","2018dal_qm54_red","qm","2018dal"
"frc3539","frc810","frc369","2018dal_qm54_blue","qm","2018dal"
"frc5030","frc401","frc33","2018dal_qm55_red","qm","2018dal"
"frc74","frc4027","frc4327","2018dal_qm55_blue","qm","2018dal"
"frc337","frc5148","frc4855","2018dal_qm56_red","qm","2018dal"
"frc610","frc5243","frc188","2018dal_qm56_blue","qm","2018dal"
"frc2170","frc6753","frc1796","2018dal_qm57_red","qm","2018dal"
"frc145","frc5561","frc3171","2018dal_qm57_blue","qm","2018dal"
"frc4481","frc2512","frc4811","2018dal_qm58_red","qm","2018dal"
"frc1739","frc1629","frc2708","2018dal_qm58_blue","qm","2018dal"
"frc2783","frc4466","frc6964","2018dal_qm59_red","qm","2018dal"
"frc2706","frc1468","frc836","2018dal_qm59_blue","qm","2018dal"
"frc836","frc1305","frc5561","2018dal_qm6_red","qm","2018dal"
"frc245","frc2708","frc810","2018dal_qm6_blue","qm","2018dal"
"frc4027","frc1305","frc7048","2018dal_qm60_red","qm","2018dal"
"frc1024","frc4362","frc3236","2018dal_qm60_blue","qm","2018dal"
"frc3637","frc4308","frc3950","2018dal_qm61_red","qm","2018dal"
"frc245","frc3534","frc5148","2018dal_qm61_blue","qm","2018dal"
"frc6868","frc810","frc2729","2018dal_qm62_red","qm","2018dal"
"frc2877","frc401","frc2767","2018dal_qm62_blue","qm","2018dal"
"frc614","frc3175","frc747","2018dal_qm63_red","qm","2018dal"
"frc188","frc27","frc1076","2018dal_qm63_blue","qm","2018dal"
"frc1796","frc329","frc611","2018dal_qm64_red","qm","2018dal"
"frc369","frc337","frc33","2018dal_qm64_blue","qm","2018dal"
"frc6753","frc623","frc469","2018dal_qm65_red","qm","2018dal"
"frc3539","frc237","frc5243","2018dal_qm65_blue","qm","2018dal"
"frc888","frc141","frc145","2018dal_qm66_red","qm","2018dal"
"frc4855","frc4327","frc7153","2018dal_qm66_blue","qm","2018dal"
"frc346","frc5030","frc610","2018dal_qm67_red","qm","2018dal"
"frc3683","frc5517","frc2013","2018dal_qm67_blue","qm","2018dal"
"frc5561","frc4539","frc74","2018dal_qm68_red","qm","2018dal"
"frc5962","frc663","frc1189","2018dal_qm68_blue","qm","2018dal"
"frc27","frc4308","frc3171","2018dal_qm69_red","qm","2018dal"
"frc3950","frc6868","frc329","2018dal_qm69_blue","qm","2018dal"
"frc1189","frc4327","frc469","2018dal_qm7_red","qm","2018dal"
"frc6753","frc4811","frc6868","2018dal_qm7_blue","qm","2018dal"
"frc237","frc2767","frc1629","2018dal_qm70_red","qm","2018dal"
"frc33","frc5148","frc1796","2018dal_qm70_blue","qm","2018dal"
"frc4811","frc141","frc5243","2018dal_qm71_red","qm","2018dal"
"frc3175","frc2877","frc2170","2018dal_qm71_blue","qm","2018dal"
"frc4362","frc346","frc810","2018dal_qm72_red","qm","2018dal"
"frc614","frc623","frc337","2018dal_qm72_blue","qm","2018dal"
"frc74","frc5517","frc4855","2018dal_qm73_red","qm","2018dal"
"frc7048","frc2512","frc469","2018dal_qm73_blue","qm","2018dal"
"frc1305","frc5962","frc888","2018dal_qm74_red","qm","2018dal"
"frc1468","frc1739","frc3539","2018dal_qm74_blue","qm","2018dal"
"frc3236","frc6964","frc4027","2018dal_qm75_red","qm","2018dal"
"frc2783","frc747","frc5561","2018dal_qm75_blue","qm","2018dal"
"frc4466","frc1076","frc1189","2018dal_qm76_red","qm","2018dal"
"frc2708","frc145","frc610","2018dal_qm76_blue","qm","2018dal"
"frc245","frc4539","frc4327","2018dal_qm77_red","qm","2018dal"
"frc369","frc4481","frc2706","2018dal_qm77_blue","qm","2018dal"
"frc2013","frc7153","frc836","2018dal_qm78_red","qm","2018dal"
"frc3534","frc2729","frc611","2018dal_qm78_blue","qm","2018dal"
"frc3683","frc663","frc401","2018dal_qm79_red","qm","2018dal"
"frc188","frc1024","frc3637","2018dal_qm79_blue","qm","2018dal"
"frc1739","frc3171","frc7153","2018dal_qm8_red","qm","2018dal"
"frc1076","frc2767","frc7048","2018dal_qm8_blue","qm","2018dal"
"frc5030","frc141","frc5148","2018dal_qm80_red","qm","2018dal"
"frc6753","frc3171","frc614","2018dal_qm80_blue","qm","2018dal"
"frc747","frc4855","frc2170","2018dal_qm81_red","qm","2018dal"
"frc6868","frc2783","frc1796","2018dal_qm81_blue","qm","2018dal"
"frc2877","frc1629","frc4027","2018dal_qm82_red","qm","2018dal"
"frc4308","frc610","frc2706","2018dal_qm82_blue","qm","2018dal"
"frc4811","frc4362","frc2767","2018dal_qm83_red","qm","2018dal"
"frc5962","frc145","frc2013","2018dal_qm83_blue","qm","2018dal"
"frc5561","frc4481","frc401","2018dal_qm84_red","qm","2018dal"
"frc329","frc3539","frc346","2018dal_qm84_blue","qm","2018dal"
"frc7048","frc1189","frc33","2018dal_qm85_red","qm","2018dal"
"frc1468","frc810","frc27","2018dal_qm85_blue","qm","2018dal"
"frc611","frc3637","frc3175","2018dal_qm86_red","qm","2018dal"
"frc2512","frc1305","frc4327","2018dal_qm86_blue","qm","2018dal"
"frc237","frc2708","frc5030","2018dal_qm87_red","qm","2018dal"
"frc4539","frc188","frc3950","2018dal_qm87_blue","qm","2018dal"
"frc245","frc6753","frc3236","2018dal_qm88_red","qm","2018dal"
"frc4466","frc1739","frc663","2018dal_qm88_blue","qm","2018dal"
"frc3534","frc369","frc3683","2018dal_qm89_red","qm","2018dal"
"frc888","frc5243","frc74","2018dal_qm89_blue","qm","2018dal"
"frc188","frc2706","frc747","2018dal_qm9_red","qm","2018dal"
"frc4362","frc2729","frc329","2018dal_qm9_blue","qm","2018dal"
"frc5517","frc469","frc337","2018dal_qm90_red","qm","2018dal"
"frc1076","frc6964","frc7153","2018dal_qm90_blue","qm","2018dal"
"frc1796","frc2729","frc623","2018dal_qm91_red","qm","2018dal"
"frc1024","frc836","frc5148","2018dal_qm91_blue","qm","2018dal"
"frc7048","frc1468","frc3637","2018dal_qm92_red","qm","2018dal"
"frc747","frc2013","frc4539","2018dal_qm92_blue","qm","2018dal"
"frc2706","frc3539","frc401","2018dal_qm93_red","qm","2018dal"
"frc2512","frc145","frc614","2018dal_qm93_blue","qm","2018dal"
"frc3950","frc4811","frc2783","2018dal_qm94_red","qm","2018dal"
"frc1305","frc33","frc346","2018dal_qm94_blue","qm","2018dal"
"frc1629","frc337","frc329","2018dal_qm95_red","qm","2018dal"
"frc74","frc141","frc2708","2018dal_qm95_blue","qm","2018dal"
"frc3236","frc3534","frc623","2018dal_qm96_red","qm","2018dal"
"frc1189","frc3683","frc5030","2018dal_qm96_blue","qm","2018dal"
"frc6868","frc4327","frc5517","2018dal_qm97_red","qm","2018dal"
"frc5243","frc810","frc1739","2018dal_qm97_blue","qm","2018dal"
"frc4362","frc5561","frc7153","2018dal_qm98_red","qm","2018dal"
"frc1024","frc4466","frc2877","2018dal_qm98_blue","qm","2018dal"
"frc2729","frc2170","frc836","2018dal_qm99_red","qm","2018dal"
"frc4027","frc369","frc237","2018dal_qm99_blue","qm","2018dal"
"frc469","frc610","frc3539","2018dal_sf1m1_red","sf","2018dal"
"frc2013","frc141","frc2706","2018dal_sf1m1_blue","sf","2018dal"
"frc469","frc610","frc3539","2018dal_sf1m2_red","sf","2018dal"
"frc2013","frc141","frc2706","2018dal_sf1m2_blue","sf","2018dal"
"frc469","frc610","frc3539","2018dal_sf1m3_red","sf","2018dal"
"frc2013","frc141","frc2706","2018dal_sf1m3_blue","sf","2018dal"
"frc2708","frc27","frc2767","2018dal_sf2m1_red","sf","2018dal"
"frc188","frc2877","frc1024","2018dal_sf2m1_blue","sf","2018dal"
"frc2708","frc27","frc2767","2018dal_sf2m2_red","sf","2018dal"
"frc188","frc2877","frc1024","2018dal_sf2m2_blue","sf","2018dal"
"frc2869","frc2056","frc1241","2018tes_f1m1_red","f","2018tes"
"frc2590","frc2614","frc708","2018tes_f1m1_blue","f","2018tes"
"frc2869","frc2056","frc1241","2018tes_f1m2_red","f","2018tes"
"frc2590","frc2614","frc708","2018tes_f1m2_blue","f","2018tes"
"frc2869","frc2056","frc1241","2018tes_f1m3_red","f","2018tes"
"frc2590","frc2614","frc708","2018tes_f1m3_blue","f","2018tes"
"frc2869","frc2056","frc1241","2018tes_qf1m1_red","qf","2018tes"
"frc291","frc1360","frc5675","2018tes_qf1m1_blue","qf","2018tes"
"frc2869","frc2056","frc1241","2018tes_qf1m2_red","qf","2018tes"
"frc291","frc1360","frc5675","2018tes_qf1m2_blue","qf","2018tes"
"frc238","frc319","frc340","2018tes_qf2m1_red","qf","2018tes"
"frc2168","frc3546","frc85","2018tes_qf2m1_blue","qf","2018tes"
"frc238","frc319","frc340","2018tes_qf2m2_red","qf","2018tes"
"frc3546","frc2474","frc2168","2018tes_qf2m2_blue","qf","2018tes"
"frc238","frc319","frc340","2018tes_qf2m3_red","qf","2018tes"
"frc3546","frc2474","frc2168","2018tes_qf2m3_blue","qf","2018tes"
"frc3098","frc525","frc3641","2018tes_qf3m1_red","qf","2018tes"
"frc314","frc4678","frc5114","2018tes_qf3m1_blue","qf","2018tes"
"frc3098","frc525","frc3641","2018tes_qf3m2_red","qf","2018tes"
"frc314","frc4678","frc5114","2018tes_qf3m2_blue","qf","2018tes"
"frc3098","frc525","frc3641","2018tes_qf3m3_red","qf","2018tes"
"frc314","frc4678","frc3667","2018tes_qf3m3_blue","qf","2018tes"
"frc2590","frc2614","frc708","2018tes_qf4m1_red","qf","2018tes"
"frc5172","frc5567","frc1712","2018tes_qf4m1_blue","qf","2018tes"
"frc2590","frc2614","frc708","2018tes_qf4m2_red","qf","2018tes"
"frc5172","frc5567","frc1712","2018tes_qf4m2_blue","qf","2018tes"
"frc3098","frc5090","frc319","2018tes_qm1_red","qm","2018tes"
"frc525","frc3038","frc1241","2018tes_qm1_blue","qm","2018tes"
"frc5172","frc3623","frc7068","2018tes_qm10_red","qm","2018tes"
"frc6911","frc4618","frc4810","2018tes_qm10_blue","qm","2018tes"
"frc2056","frc3770","frc2869","2018tes_qm100_red","qm","2018tes"
"frc1676","frc6911","frc2474","2018tes_qm100_blue","qm","2018tes"
"frc85","frc1360","frc6618","2018tes_qm101_red","qm","2018tes"
"frc291","frc2614","frc2169","2018tes_qm101_blue","qm","2018tes"
"frc6090","frc6077","frc3550","2018tes_qm102_red","qm","2018tes"
"frc321","frc3623","frc6802","2018tes_qm102_blue","qm","2018tes"
"frc3197","frc2500","frc4810","2018tes_qm103_red","qm","2018tes"
"frc3667","frc1729","frc4039","2018tes_qm103_blue","qm","2018tes"
"frc314","frc1712","frc1241","2018tes_qm104_red","qm","2018tes"
"frc7226","frc2609","frc4618","2018tes_qm104_blue","qm","2018tes"
"frc5980","frc5172","frc3546","2018tes_qm105_red","qm","2018tes"
"frc319","frc2474","frc743","2018tes_qm105_blue","qm","2018tes"
"frc1720","frc291","frc597","2018tes_qm106_red","qm","2018tes"
"frc3038","frc4472","frc2056","2018tes_qm106_blue","qm","2018tes"
"frc4680","frc708","frc4678","2018tes_qm107_red","qm","2018tes"
"frc2590","frc6911","frc1073","2018tes_qm107_blue","qm","2018tes"
"frc533","frc2869","frc1676","2018tes_qm108_red","qm","2018tes"
"frc5675","frc5528","frc1792","2018tes_qm108_blue","qm","2018tes"
"frc573","frc525","frc4531","2018tes_qm109_red","qm","2018tes"
"frc4939","frc85","frc4391","2018tes_qm109_blue","qm","2018tes"
"frc3641","frc2056","frc6077","2018tes_qm11_red","qm","2018tes"
"frc1360","frc5675","frc1729","2018tes_qm11_blue","qm","2018tes"
"frc1360","frc3258","frc6574","2018tes_qm110_red","qm","2018tes"
"frc5114","frc3098","frc238","2018tes_qm110_blue","qm","2018tes"
"frc340","frc1310","frc1506","2018tes_qm111_red","qm","2018tes"
"frc5090","frc7068","frc2168","2018tes_qm111_blue","qm","2018tes"
"frc3641","frc527","frc6090","2018tes_qm112_red","qm","2018tes"
"frc3770","frc5567","frc1712","2018tes_qm112_blue","qm","2018tes"
"frc4039","frc533","frc2500","2018tes_qm12_red","qm","2018tes"
"frc4531","frc2609","frc527","2018tes_qm12_blue","qm","2018tes"
"frc6802","frc1241","frc3770","2018tes_qm13_red","qm","2018tes"
"frc1506","frc573","frc743","2018tes_qm13_blue","qm","2018tes"
"frc3546","frc597","frc2869","2018tes_qm14_red","qm","2018tes"
"frc6090","frc3098","frc4680","2018tes_qm14_blue","qm","2018tes"
"frc3667","frc1792","frc3258","2018tes_qm15_red","qm","2018tes"
"frc2590","frc4618","frc5090","2018tes_qm15_blue","qm","2018tes"
"frc1310","frc7226","frc3623","2018tes_qm16_red","qm","2018tes"
"frc319","frc6618","frc6574","2018tes_qm16_blue","qm","2018tes"
"frc321","frc4391","frc1720","2018tes_qm17_red","qm","2018tes"
"frc4939","frc4678","frc3641","2018tes_qm17_blue","qm","2018tes"
"frc708","frc3038","frc1360","2018tes_qm18_red","qm","2018tes"
"frc5528","frc1712","frc2168","2018tes_qm18_blue","qm","2018tes"
"frc2500","frc2056","frc340","2018tes_qm19_red","qm","2018tes"
"frc5980","frc525","frc2614","2018tes_qm19_blue","qm","2018tes"
"frc2474","frc527","frc321","2018tes_qm2_red","qm","2018tes"
"frc708","frc573","frc6618","2018tes_qm2_blue","qm","2018tes"
"frc4472","frc5675","frc5567","2018tes_qm20_red","qm","2018tes"
"frc3197","frc5114","frc5172","2018tes_qm20_blue","qm","2018tes"
"frc6077","frc1676","frc314","2018tes_qm21_red","qm","2018tes"
"frc4810","frc238","frc2169","2018tes_qm21_blue","qm","2018tes"
"frc1073","frc291","frc2474","2018tes_qm22_red","qm","2018tes"
"frc3550","frc1729","frc7068","2018tes_qm22_blue","qm","2018tes"
"frc6911","frc319","frc2609","2018tes_qm23_red","qm","2018tes"
"frc85","frc3098","frc527","2018tes_qm23_blue","qm","2018tes"
"frc6090","frc2056","frc3667","2018tes_qm24_red","qm","2018tes"
"frc3038","frc1712","frc1310","2018tes_qm24_blue","qm","2018tes"
"frc2168","frc597","frc1792","2018tes_qm25_red","qm","2018tes"
"frc5172","frc2500","frc3770","2018tes_qm25_blue","qm","2018tes"
"frc4810","frc1720","frc573","2018tes_qm26_red","qm","2018tes"
"frc5980","frc2869","frc1360","2018tes_qm26_blue","qm","2018tes"
"frc291","frc4680","frc533","2018tes_qm27_red","qm","2018tes"
"frc4618","frc3641","frc340","2018tes_qm27_blue","qm","2018tes"
"frc3258","frc3623","frc4939","2018tes_qm28_red","qm","2018tes"
"frc4678","frc1676","frc1241","2018tes_qm28_blue","qm","2018tes"
"frc6802","frc238","frc708","2018tes_qm29_red","qm","2018tes"
"frc525","frc4472","frc4039","2018tes_qm29_blue","qm","2018tes"
"frc1792","frc4531","frc4039","2018tes_qm3_red","qm","2018tes"
"frc291","frc1506","frc5114","2018tes_qm3_blue","qm","2018tes"
"frc5675","frc3197","frc6574","2018tes_qm30_red","qm","2018tes"
"frc2590","frc321","frc7068","2018tes_qm30_blue","qm","2018tes"
"frc1073","frc5528","frc5567","2018tes_qm31_red","qm","2018tes"
"frc6618","frc314","frc4531","2018tes_qm31_blue","qm","2018tes"
"frc7226","frc1506","frc2614","2018tes_qm32_red","qm","2018tes"
"frc2474","frc5114","frc6077","2018tes_qm32_blue","qm","2018tes"
"frc2169","frc1729","frc5090","2018tes_qm33_red","qm","2018tes"
"frc3546","frc3550","frc6911","2018tes_qm33_blue","qm","2018tes"
"frc238","frc4391","frc743","2018tes_qm34_red","qm","2018tes"
"frc4618","frc2869","frc85","2018tes_qm34_blue","qm","2018tes"
"frc4678","frc2609","frc2590","2018tes_qm35_red","qm","2018tes"
"frc5172","frc573","frc2056","2018tes_qm35_blue","qm","2018tes"
"frc314","frc291","frc3623","2018tes_qm36_red","qm","2018tes"
"frc3197","frc5980","frc3098","2018tes_qm36_blue","qm","2018tes"
"frc4810","frc4531","frc4939","2018tes_qm37_red","qm","2018tes"
"frc2168","frc2474","frc5675","2018tes_qm37_blue","qm","2018tes"
"frc1676","frc6802","frc2614","2018tes_qm38_red","qm","2018tes"
"frc3038","frc533","frc1720","2018tes_qm38_blue","qm","2018tes"
"frc4391","frc7068","frc7226","2018tes_qm39_red","qm","2018tes"
"frc5090","frc5567","frc4039","2018tes_qm39_blue","qm","2018tes"
"frc4472","frc1073","frc3258","2018tes_qm4_red","qm","2018tes"
"frc2614","frc340","frc2869","2018tes_qm4_blue","qm","2018tes"
"frc2500","frc2169","frc1712","2018tes_qm40_red","qm","2018tes"
"frc340","frc321","frc5528","2018tes_qm40_blue","qm","2018tes"
"frc6911","frc6618","frc525","2018tes_qm41_red","qm","2018tes"
"frc6077","frc3667","frc3546","2018tes_qm41_blue","qm","2018tes"
"frc5114","frc6574","frc1073","2018tes_qm42_red","qm","2018tes"
"frc743","frc3770","frc6090","2018tes_qm42_blue","qm","2018tes"
"frc597","frc319","frc3641","2018tes_qm43_red","qm","2018tes"
"frc3258","frc708","frc1506","2018tes_qm43_blue","qm","2018tes"
"frc1241","frc1310","frc4472","2018tes_qm44_red","qm","2018tes"
"frc527","frc1360","frc3550","2018tes_qm44_blue","qm","2018tes"
"frc1729","frc85","frc5567","2018tes_qm45_red","qm","2018tes"
"frc1792","frc5980","frc4680","2018tes_qm45_blue","qm","2018tes"
"frc3098","frc4678","frc2169","2018tes_qm46_red","qm","2018tes"
"frc1712","frc4039","frc2474","2018tes_qm46_blue","qm","2018tes"
"frc2869","frc6618","frc6802","2018tes_qm47_red","qm","2018tes"
"frc6574","frc5090","frc2056","2018tes_qm47_blue","qm","2018tes"
"frc4618","frc1720","frc4531","2018tes_qm48_red","qm","2018tes"
"frc6077","frc708","frc3770","2018tes_qm48_blue","qm","2018tes"
"frc340","frc4939","frc3038","2018tes_qm49_red","qm","2018tes"
"frc7226","frc2590","frc314","2018tes_qm49_blue","qm","2018tes"
"frc6090","frc4391","frc533","2018tes_qm5_red","qm","2018tes"
"frc2168","frc2169","frc2590","2018tes_qm5_blue","qm","2018tes"
"frc5114","frc6911","frc5528","2018tes_qm50_red","qm","2018tes"
"frc1241","frc3641","frc4391","2018tes_qm50_blue","qm","2018tes"
"frc573","frc3258","frc3550","2018tes_qm51_red","qm","2018tes"
"frc4680","frc4810","frc1506","2018tes_qm51_blue","qm","2018tes"
"frc319","frc3667","frc321","2018tes_qm52_red","qm","2018tes"
"frc1073","frc1360","frc2168","2018tes_qm52_blue","qm","2018tes"
"frc4472","frc85","frc3546","2018tes_qm53_red","qm","2018tes"
"frc7068","frc2500","frc1676","2018tes_qm53_blue","qm","2018tes"
"frc527","frc743","frc1729","2018tes_qm54_red","qm","2018tes"
"frc3623","frc597","frc5675","2018tes_qm54_blue","qm","2018tes"
"frc2614","frc3197","frc2609","2018tes_qm55_red","qm","2018tes"
"frc1792","frc525","frc6090","2018tes_qm55_blue","qm","2018tes"
"frc238","frc5172","frc533","2018tes_qm56_red","qm","2018tes"
"frc5090","frc1310","frc291","2018tes_qm56_blue","qm","2018tes"
"frc2056","frc314","frc5528","2018tes_qm57_red","qm","2018tes"
"frc4039","frc4680","frc3258","2018tes_qm57_blue","qm","2018tes"
"frc6574","frc2169","frc2474","2018tes_qm58_red","qm","2018tes"
"frc3667","frc4472","frc3641","2018tes_qm58_blue","qm","2018tes"
"frc573","frc1729","frc5114","2018tes_qm59_red","qm","2018tes"
"frc1676","frc319","frc1712","2018tes_qm59_blue","qm","2018tes"
"frc3770","frc3546","frc2609","2018tes_qm6_red","qm","2018tes"
"frc1310","frc4939","frc238","2018tes_qm6_blue","qm","2018tes"
"frc3770","frc5980","frc6911","2018tes_qm60_red","qm","2018tes"
"frc321","frc5675","frc3038","2018tes_qm60_blue","qm","2018tes"
"frc525","frc85","frc4810","2018tes_qm61_red","qm","2018tes"
"frc533","frc1073","frc7226","2018tes_qm61_blue","qm","2018tes"
"frc238","frc7068","frc3197","2018tes_qm62_red","qm","2018tes"
"frc597","frc4531","frc4678","2018tes_qm62_blue","qm","2018tes"
"frc3098","frc6802","frc1792","2018tes_qm63_red","qm","2018tes"
"frc4391","frc1310","frc527","2018tes_qm63_blue","qm","2018tes"
"frc2869","frc6077","frc2590","2018tes_qm64_red","qm","2018tes"
"frc1241","frc3546","frc291","2018tes_qm64_blue","qm","2018tes"
"frc4939","frc743","frc5172","2018tes_qm65_red","qm","2018tes"
"frc3550","frc2614","frc708","2018tes_qm65_blue","qm","2018tes"
"frc4618","frc6090","frc1360","2018tes_qm66_red","qm","2018tes"
"frc6618","frc1506","frc2500","2018tes_qm66_blue","qm","2018tes"
"frc2609","frc2168","frc340","2018tes_qm67_red","qm","2018tes"
"frc5567","frc3623","frc1720","2018tes_qm67_blue","qm","2018tes"
"frc4678","frc314","frc4472","2018tes_qm68_red","qm","2018tes"
"frc1729","frc3770","frc533","2018tes_qm68_blue","qm","2018tes"
"frc6077","frc527","frc1712","2018tes_qm69_red","qm","2018tes"
"frc1073","frc4391","frc3197","2018tes_qm69_blue","qm","2018tes"
"frc743","frc1720","frc4680","2018tes_qm7_red","qm","2018tes"
"frc1712","frc3197","frc7226","2018tes_qm7_blue","qm","2018tes"
"frc2590","frc2474","frc1310","2018tes_qm70_red","qm","2018tes"
"frc5528","frc525","frc597","2018tes_qm70_blue","qm","2018tes"
"frc4039","frc6090","frc85","2018tes_qm71_red","qm","2018tes"
"frc3667","frc5172","frc1241","2018tes_qm71_blue","qm","2018tes"
"frc3623","frc5114","frc5090","2018tes_qm72_red","qm","2018tes"
"frc2500","frc4939","frc708","2018tes_qm72_blue","qm","2018tes"
"frc6574","frc4618","frc3098","2018tes_qm73_red","qm","2018tes"
"frc573","frc5675","frc1676","2018tes_qm73_blue","qm","2018tes"
"frc1360","frc4810","frc743","2018tes_qm74_red","qm","2018tes"
"frc6618","frc340","frc1792","2018tes_qm74_blue","qm","2018tes"
"frc1506","frc5567","frc321","2018tes_qm75_red","qm","2018tes"
"frc2056","frc238","frc3546","2018tes_qm75_blue","qm","2018tes"
"frc2609","frc3550","frc3038","2018tes_qm76_red","qm","2018tes"
"frc3641","frc4531","frc2869","2018tes_qm76_blue","qm","2018tes"
"frc7226","frc2168","frc291","2018tes_qm77_red","qm","2018tes"
"frc6802","frc6911","frc3258","2018tes_qm77_blue","qm","2018tes"
"frc7068","frc4680","frc2169","2018tes_qm78_red","qm","2018tes"
"frc1720","frc2614","frc319","2018tes_qm78_blue","qm","2018tes"
"frc5980","frc4039","frc1073","2018tes_qm79_red","qm","2018tes"
"frc597","frc4939","frc4618","2018tes_qm79_blue","qm","2018tes"
"frc6574","frc5528","frc6802","2018tes_qm8_red","qm","2018tes"
"frc85","frc4678","frc5980","2018tes_qm8_blue","qm","2018tes"
"frc4391","frc3770","frc5528","2018tes_qm80_red","qm","2018tes"
"frc3623","frc3197","frc3667","2018tes_qm80_blue","qm","2018tes"
"frc1506","frc1712","frc525","2018tes_qm81_red","qm","2018tes"
"frc2869","frc6574","frc5172","2018tes_qm81_blue","qm","2018tes"
"frc3546","frc1360","frc3641","2018tes_qm82_red","qm","2018tes"
"frc4531","frc7226","frc6802","2018tes_qm82_blue","qm","2018tes"
"frc1729","frc2590","frc2614","2018tes_qm83_red","qm","2018tes"
"frc527","frc2168","frc238","2018tes_qm83_blue","qm","2018tes"
"frc2169","frc1241","frc708","2018tes_qm84_red","qm","2018tes"
"frc5567","frc4810","frc2056","2018tes_qm84_blue","qm","2018tes"
"frc2474","frc1792","frc85","2018tes_qm85_red","qm","2018tes"
"frc3258","frc3038","frc6077","2018tes_qm85_blue","qm","2018tes"
"frc6618","frc3550","frc5980","2018tes_qm86_red","qm","2018tes"
"frc7068","frc533","frc5114","2018tes_qm86_blue","qm","2018tes"
"frc5090","frc1676","frc4472","2018tes_qm87_red","qm","2018tes"
"frc4680","frc2609","frc321","2018tes_qm87_blue","qm","2018tes"
"frc5675","frc6090","frc319","2018tes_qm88_red","qm","2018tes"
"frc340","frc291","frc4678","2018tes_qm88_blue","qm","2018tes"
"frc1310","frc2500","frc573","2018tes_qm89_red","qm","2018tes"
"frc314","frc743","frc6911","2018tes_qm89_blue","qm","2018tes"
"frc1676","frc3667","frc597","2018tes_qm9_red","qm","2018tes"
"frc3550","frc5567","frc314","2018tes_qm9_blue","qm","2018tes"
"frc1720","frc5172","frc1506","2018tes_qm90_red","qm","2018tes"
"frc3098","frc1073","frc1729","2018tes_qm90_blue","qm","2018tes"
"frc1712","frc7068","frc3667","2018tes_qm91_red","qm","2018tes"
"frc533","frc6802","frc4939","2018tes_qm91_blue","qm","2018tes"
"frc2168","frc1241","frc6618","2018tes_qm92_red","qm","2018tes"
"frc4680","frc3641","frc3197","2018tes_qm92_blue","qm","2018tes"
"frc5114","frc3038","frc4618","2018tes_qm93_red","qm","2018tes"
"frc4678","frc321","frc4810","2018tes_qm93_blue","qm","2018tes"
"frc4531","frc3258","frc5980","2018tes_qm94_red","qm","2018tes"
"frc2169","frc6090","frc1310","2018tes_qm94_blue","qm","2018tes"
"frc5567","frc2590","frc3098","2018tes_qm95_red","qm","2018tes"
"frc743","frc6077","frc4472","2018tes_qm95_blue","qm","2018tes"
"frc2614","frc3546","frc573","2018tes_qm96_red","qm","2018tes"
"frc5528","frc4039","frc3623","2018tes_qm96_blue","qm","2018tes"
"frc319","frc7226","frc238","2018tes_qm97_red","qm","2018tes"
"frc3550","frc1792","frc2500","2018tes_qm97_blue","qm","2018tes"
"frc708","frc340","frc597","2018tes_qm98_red","qm","2018tes"
"frc2609","frc6574","frc4391","2018tes_qm98_blue","qm","2018tes"
"frc527","frc314","frc5675","2018tes_qm99_red","qm","2018tes"
"frc1720","frc5090","frc525","2018tes_qm99_blue","qm","2018tes"
"frc2869","frc2056","frc1241","2018tes_sf1m1_red","sf","2018tes"
"frc238","frc319","frc340","2018tes_sf1m1_blue","sf","2018tes"
"frc2869","frc2056","frc1241","2018tes_sf1m2_red","sf","2018tes"
"frc238","frc319","frc340","2018tes_sf1m2_blue","sf","2018tes"
"frc525","frc4618","frc3641","2018tes_sf2m1_red","sf","2018tes"
"frc2590","frc2614","frc708","2018tes_sf2m1_blue","sf","2018tes"
"frc3098","frc525","frc3641","2018tes_sf2m2_red","sf","2018tes"
"frc2590","frc2614","frc708","2018tes_sf2m2_blue","sf","2018tes"
