"frc1885","frc384","frc422","2018chcmp_f1m1_red"
"frc401","frc5804","frc2537","2018chcmp_f1m1_blue"
"frc1885","frc384","frc422","2018chcmp_f1m2_red"
"frc401","frc5804","frc2537","2018chcmp_f1m2_blue"
"frc1629","frc1731","frc339","2018chcmp_qf1m1_red"
"frc1885","frc384","frc422","2018chcmp_qf1m1_blue"
"frc1629","frc1731","frc339","2018chcmp_qf1m2_red"
"frc1885","frc384","frc422","2018chcmp_qf1m2_blue"
"frc836","frc5546","frc612","2018chcmp_qf2m1_red"
"frc1418","frc623","frc3793","2018chcmp_qf2m1_blue"
"frc836","frc5546","frc612","2018chcmp_qf2m2_red"
"frc1418","frc623","frc3793","2018chcmp_qf2m2_blue"
"frc346","frc1262","frc1610","2018chcmp_qf3m1_red"
"frc4541","frc888","frc614","2018chcmp_qf3m1_blue"
"frc346","frc1262","frc1610","2018chcmp_qf3m2_red"
"frc4541","frc888","frc614","2018chcmp_qf3m2_blue"
"frc2363","frc6334","frc122","2018chcmp_qf4m1_red"
"frc401","frc5804","frc2537","2018chcmp_qf4m1_blue"
"frc2363","frc6334","frc122","2018chcmp_qf4m2_red"
"frc401","frc5804","frc2537","2018chcmp_qf4m2_blue"
"frc2363","frc6334","frc122","2018chcmp_qf4m3_red"
"frc401","frc5804","frc2537","2018chcmp_qf4m3_blue"
"frc4541","frc384","frc5804","2018chcmp_qm1_red"
"frc614","frc2363","frc5115","2018chcmp_qm1_blue"
"frc5724","frc4472","frc5279","2018chcmp_qm10_red"
"frc5945","frc2890","frc5338","2018chcmp_qm10_blue"
"frc1610","frc5279","frc1599","2018chcmp_qm100_red"
"frc888","frc339","frc2534","2018chcmp_qm100_blue"
"frc4541","frc2914","frc5243","2018chcmp_qm101_red"
"frc1731","frc6334","frc384","2018chcmp_qm101_blue"
"frc1727","frc5587","frc4456","2018chcmp_qm102_red"
"frc346","frc620","frc3793","2018chcmp_qm102_blue"
"frc6194","frc540","frc836","2018chcmp_qm103_red"
"frc977","frc6882","frc116","2018chcmp_qm103_blue"
"frc2537","frc5546","frc5338","2018chcmp_qm104_red"
"frc1418","frc6504","frc1885","2018chcmp_qm104_blue"
"frc5957","frc3136","frc1111","2018chcmp_qm105_red"
"frc122","frc614","frc5724","2018chcmp_qm105_blue"
"frc888","frc2028","frc5945","2018chcmp_qm106_red"
"frc6802","frc5115","frc1522","2018chcmp_qm106_blue"
"frc623","frc5279","frc611","2018chcmp_qm107_red"
"frc2890","frc2106","frc1086","2018chcmp_qm107_blue"
"frc1599","frc5804","frc1629","2018chcmp_qm108_red"
"frc2199","frc1262","frc4242","2018chcmp_qm108_blue"
"frc3274","frc5950","frc4472","2018chcmp_qm109_red"
"frc2377","frc6326","frc422","2018chcmp_qm109_blue"
"frc384","frc3274","frc339","2018chcmp_qm11_red"
"frc888","frc1086","frc623","2018chcmp_qm11_blue"
"frc2363","frc2534","frc612","2018chcmp_qm110_red"
"frc401","frc339","frc1610","2018chcmp_qm110_blue"
"frc3793","frc122","frc888","2018chcmp_qm111_red"
"frc5945","frc5243","frc5587","2018chcmp_qm111_blue"
"frc540","frc1731","frc1885","2018chcmp_qm112_red"
"frc2106","frc1418","frc2028","2018chcmp_qm112_blue"
"frc384","frc1262","frc5724","2018chcmp_qm113_red"
"frc6504","frc6802","frc6194","2018chcmp_qm113_blue"
"frc5546","frc4472","frc2377","2018chcmp_qm114_red"
"frc836","frc5804","frc1522","2018chcmp_qm114_blue"
"frc4242","frc6882","frc401","2018chcmp_qm115_red"
"frc1111","frc5279","frc346","2018chcmp_qm115_blue"
"frc339","frc623","frc3136","2018chcmp_qm116_red"
"frc6326","frc2537","frc1629","2018chcmp_qm116_blue"
"frc2363","frc2914","frc5338","2018chcmp_qm117_red"
"frc611","frc977","frc5950","2018chcmp_qm117_blue"
"frc1610","frc2890","frc614","2018chcmp_qm118_red"
"frc620","frc6334","frc2534","2018chcmp_qm118_blue"
"frc1086","frc5957","frc3274","2018chcmp_qm119_red"
"frc1599","frc4541","frc1727","2018chcmp_qm119_blue"
"frc1727","frc5546","frc614","2018chcmp_qm12_red"
"frc2914","frc611","frc6326","2018chcmp_qm12_blue"
"frc4456","frc612","frc422","2018chcmp_qm120_red"
"frc116","frc5115","frc2199","2018chcmp_qm120_blue"
"frc4541","frc346","frc1418","2018chcmp_qm13_red"
"frc422","frc1610","frc1262","2018chcmp_qm13_blue"
"frc5804","frc6504","frc620","2018chcmp_qm14_red"
"frc977","frc1111","frc1731","2018chcmp_qm14_blue"
"frc2537","frc612","frc836","2018chcmp_qm15_red"
"frc5279","frc5950","frc2106","2018chcmp_qm15_blue"
"frc5587","frc3793","frc2199","2018chcmp_qm16_red"
"frc2028","frc1522","frc5724","2018chcmp_qm16_blue"
"frc2363","frc122","frc2890","2018chcmp_qm17_red"
"frc6194","frc2377","frc4242","2018chcmp_qm17_blue"
"frc3136","frc1599","frc5115","2018chcmp_qm18_red"
"frc5243","frc4472","frc116","2018chcmp_qm18_blue"
"frc5338","frc401","frc540","2018chcmp_qm19_red"
"frc6802","frc5957","frc6334","2018chcmp_qm19_blue"
"frc1885","frc5587","frc1262","2018chcmp_qm2_red"
"frc1727","frc401","frc5950","2018chcmp_qm2_blue"
"frc1629","frc6882","frc5945","2018chcmp_qm20_red"
"frc2534","frc4456","frc1885","2018chcmp_qm20_blue"
"frc5279","frc6504","frc422","2018chcmp_qm21_red"
"frc1522","frc1610","frc1727","2018chcmp_qm21_blue"
"frc2890","frc2377","frc612","2018chcmp_qm22_red"
"frc5804","frc888","frc1418","2018chcmp_qm22_blue"
"frc2028","frc339","frc1262","2018chcmp_qm23_red"
"frc620","frc116","frc5546","2018chcmp_qm23_blue"
"frc5587","frc614","frc977","2018chcmp_qm24_red"
"frc1086","frc6802","frc2537","2018chcmp_qm24_blue"
"frc4472","frc1885","frc384","2018chcmp_qm25_red"
"frc1629","frc1111","frc3793","2018chcmp_qm25_blue"
"frc346","frc2106","frc2363","2018chcmp_qm26_red"
"frc3136","frc5243","frc4456","2018chcmp_qm26_blue"
"frc540","frc1599","frc122","2018chcmp_qm27_red"
"frc5724","frc611","frc401","2018chcmp_qm27_blue"
"frc6882","frc3274","frc6334","2018chcmp_qm28_red"
"frc5950","frc5957","frc5115","2018chcmp_qm28_blue"
"frc6326","frc4242","frc5945","2018chcmp_qm29_red"
"frc1731","frc836","frc2914","2018chcmp_qm29_blue"
"frc1418","frc3274","frc1610","2018chcmp_qm3_red"
"frc1111","frc611","frc339","2018chcmp_qm3_blue"
"frc2199","frc2534","frc6194","2018chcmp_qm30_red"
"frc623","frc5338","frc4541","2018chcmp_qm30_blue"
"frc6802","frc2890","frc1262","2018chcmp_qm31_red"
"frc339","frc5243","frc2537","2018chcmp_qm31_blue"
"frc422","frc2106","frc1629","2018chcmp_qm32_red"
"frc5546","frc888","frc401","2018chcmp_qm32_blue"
"frc1610","frc2363","frc2377","2018chcmp_qm33_red"
"frc6882","frc3793","frc614","2018chcmp_qm33_blue"
"frc5804","frc116","frc5957","2018chcmp_qm34_red"
"frc5945","frc346","frc384","2018chcmp_qm34_blue"
"frc620","frc5950","frc1731","2018chcmp_qm35_red"
"frc122","frc2199","frc5279","2018chcmp_qm35_blue"
"frc4541","frc977","frc836","2018chcmp_qm36_red"
"frc623","frc1885","frc1599","2018chcmp_qm36_blue"
"frc6334","frc4242","frc611","2018chcmp_qm37_red"
"frc1522","frc6194","frc4472","2018chcmp_qm37_blue"
"frc5115","frc1418","frc1111","2018chcmp_qm38_red"
"frc2534","frc5724","frc2914","2018chcmp_qm38_blue"
"frc2028","frc3136","frc612","2018chcmp_qm39_red"
"frc1086","frc1727","frc5338","2018chcmp_qm39_blue"
"frc6194","frc3136","frc620","2018chcmp_qm4_red"
"frc888","frc540","frc2914","2018chcmp_qm4_blue"
"frc540","frc4456","frc6504","2018chcmp_qm40_red"
"frc5587","frc6326","frc3274","2018chcmp_qm40_blue"
"frc2199","frc6802","frc888","2018chcmp_qm41_red"
"frc346","frc6882","frc122","2018chcmp_qm41_blue"
"frc611","frc422","frc1731","2018chcmp_qm42_red"
"frc1885","frc339","frc836","2018chcmp_qm42_blue"
"frc4472","frc2914","frc2537","2018chcmp_qm43_red"
"frc5279","frc116","frc4541","2018chcmp_qm43_blue"
"frc2106","frc5724","frc4242","2018chcmp_qm44_red"
"frc2534","frc5338","frc614","2018chcmp_qm44_blue"
"frc1262","frc5546","frc3793","2018chcmp_qm45_red"
"frc540","frc3274","frc3136","2018chcmp_qm45_blue"
"frc6504","frc2363","frc623","2018chcmp_qm46_red"
"frc620","frc5957","frc2028","2018chcmp_qm46_blue"
"frc1629","frc1522","frc977","2018chcmp_qm47_red"
"frc1418","frc612","frc5243","2018chcmp_qm47_blue"
"frc2377","frc5945","frc1111","2018chcmp_qm48_red"
"frc1599","frc6334","frc5587","2018chcmp_qm48_blue"
"frc6194","frc1086","frc5950","2018chcmp_qm49_red"
"frc4456","frc1610","frc5804","2018chcmp_qm49_blue"
"frc346","frc2377","frc6334","2018chcmp_qm5_red"
"frc612","frc1629","frc1731","2018chcmp_qm5_blue"
"frc2890","frc6326","frc1727","2018chcmp_qm50_red"
"frc384","frc401","frc5115","2018chcmp_qm50_blue"
"frc614","frc1731","frc623","2018chcmp_qm51_red"
"frc4472","frc5338","frc888","2018chcmp_qm51_blue"
"frc5724","frc116","frc6802","2018chcmp_qm52_red"
"frc2363","frc611","frc1629","2018chcmp_qm52_blue"
"frc122","frc1418","frc620","2018chcmp_qm53_red"
"frc3274","frc836","frc2028","2018chcmp_qm53_blue"
"frc1885","frc5243","frc1610","2018chcmp_qm54_red"
"frc2537","frc4242","frc5957","2018chcmp_qm54_blue"
"frc4456","frc5115","frc5279","2018chcmp_qm55_red"
"frc977","frc1262","frc2377","2018chcmp_qm55_blue"
"frc6504","frc2890","frc6334","2018chcmp_qm56_red"
"frc422","frc1599","frc3793","2018chcmp_qm56_blue"
"frc5804","frc339","frc2106","2018chcmp_qm57_red"
"frc2914","frc1727","frc6882","2018chcmp_qm57_blue"
"frc1522","frc2534","frc5950","2018chcmp_qm58_red"
"frc1086","frc540","frc346","2018chcmp_qm58_blue"
"frc612","frc1111","frc5587","2018chcmp_qm59_red"
"frc6326","frc4541","frc6194","2018chcmp_qm59_blue"
"frc5243","frc1086","frc6882","2018chcmp_qm6_red"
"frc623","frc422","frc5546","2018chcmp_qm6_blue"
"frc401","frc5945","frc2199","2018chcmp_qm60_red"
"frc5546","frc384","frc3136","2018chcmp_qm60_blue"
"frc1629","frc2028","frc1885","2018chcmp_qm61_red"
"frc3274","frc5279","frc2890","2018chcmp_qm61_blue"
"frc6802","frc1599","frc2363","2018chcmp_qm62_red"
"frc5338","frc422","frc1418","2018chcmp_qm62_blue"
"frc339","frc4456","frc346","2018chcmp_qm63_red"
"frc614","frc4472","frc540","2018chcmp_qm63_blue"
"frc116","frc6334","frc6326","2018chcmp_qm64_red"
"frc6882","frc5587","frc2534","2018chcmp_qm64_blue"
"frc5950","frc2377","frc4541","2018chcmp_qm65_red"
"frc5945","frc620","frc5724","2018chcmp_qm65_blue"
"frc611","frc2199","frc5243","2018chcmp_qm66_red"
"frc1111","frc2914","frc6504","2018chcmp_qm66_blue"
"frc836","frc3793","frc401","2018chcmp_qm67_red"
"frc5115","frc2537","frc5804","2018chcmp_qm67_blue"
"frc1262","frc122","frc1522","2018chcmp_qm68_red"
"frc384","frc623","frc2106","2018chcmp_qm68_blue"
"frc3136","frc1727","frc888","2018chcmp_qm69_red"
"frc4242","frc977","frc612","2018chcmp_qm69_blue"
"frc836","frc6326","frc6802","2018chcmp_qm7_red"
"frc2106","frc2199","frc5957","2018chcmp_qm7_blue"
"frc5957","frc6194","frc1610","2018chcmp_qm70_red"
"frc1731","frc5546","frc1086","2018chcmp_qm70_blue"
"frc5950","frc5945","frc339","2018chcmp_qm71_red"
"frc6504","frc2028","frc2377","2018chcmp_qm71_blue"
"frc5243","frc346","frc401","2018chcmp_qm72_red"
"frc5338","frc5724","frc3274","2018chcmp_qm72_blue"
"frc2534","frc2537","frc422","2018chcmp_qm73_red"
"frc122","frc5804","frc611","2018chcmp_qm73_blue"
"frc2914","frc620","frc384","2018chcmp_qm74_red"
"frc6882","frc612","frc1599","2018chcmp_qm74_blue"
"frc6326","frc1111","frc1086","2018chcmp_qm75_red"
"frc836","frc1262","frc2363","2018chcmp_qm75_blue"
"frc5115","frc1629","frc623","2018chcmp_qm76_red"
"frc1610","frc5587","frc540","2018chcmp_qm76_blue"
"frc5279","frc6802","frc1727","2018chcmp_qm77_red"
"frc6334","frc6194","frc5546","2018chcmp_qm77_blue"
"frc614","frc3136","frc116","2018chcmp_qm78_red"
"frc2890","frc1522","frc1885","2018chcmp_qm78_blue"
"frc5957","frc1731","frc1418","2018chcmp_qm79_red"
"frc4242","frc3793","frc4456","2018chcmp_qm79_blue"
"frc116","frc122","frc2534","2018chcmp_qm8_red"
"frc3793","frc977","frc6504","2018chcmp_qm8_blue"
"frc977","frc888","frc2106","2018chcmp_qm80_red"
"frc4472","frc2199","frc4541","2018chcmp_qm80_blue"
"frc401","frc1086","frc2914","2018chcmp_qm81_red"
"frc2377","frc623","frc122","2018chcmp_qm81_blue"
"frc2537","frc540","frc1111","2018chcmp_qm82_red"
"frc422","frc1727","frc5945","2018chcmp_qm82_blue"
"frc5587","frc384","frc6504","2018chcmp_qm83_red"
"frc5279","frc836","frc3136","2018chcmp_qm83_blue"
"frc611","frc5338","frc5957","2018chcmp_qm84_red"
"frc1262","frc1629","frc620","2018chcmp_qm84_blue"
"frc5115","frc977","frc5546","2018chcmp_qm85_red"
"frc5950","frc346","frc4242","2018chcmp_qm85_blue"
"frc2106","frc614","frc5243","2018chcmp_qm86_red"
"frc1599","frc2028","frc6194","2018chcmp_qm86_blue"
"frc4456","frc888","frc5724","2018chcmp_qm87_red"
"frc6334","frc1885","frc5804","2018chcmp_qm87_blue"
"frc2199","frc1610","frc6326","2018chcmp_qm88_red"
"frc116","frc1418","frc2890","2018chcmp_qm88_blue"
"frc3793","frc4541","frc1522","2018chcmp_qm89_red"
"frc339","frc2363","frc6882","2018chcmp_qm89_blue"
"frc4242","frc1522","frc1599","2018chcmp_qm9_red"
"frc2028","frc2537","frc4456","2018chcmp_qm9_blue"
"frc1731","frc2534","frc4472","2018chcmp_qm90_red"
"frc3274","frc612","frc6802","2018chcmp_qm90_blue"
"frc5243","frc384","frc4242","2018chcmp_qm91_red"
"frc2377","frc540","frc611","2018chcmp_qm91_blue"
"frc6334","frc623","frc2028","2018chcmp_qm92_red"
"frc3136","frc5804","frc346","2018chcmp_qm92_blue"
"frc5957","frc2914","frc977","2018chcmp_qm93_red"
"frc5587","frc422","frc2890","2018chcmp_qm93_blue"
"frc1522","frc620","frc1086","2018chcmp_qm94_red"
"frc1885","frc5115","frc6326","2018chcmp_qm94_blue"
"frc1727","frc1731","frc2537","2018chcmp_qm95_red"
"frc5724","frc4541","frc2363","2018chcmp_qm95_blue"
"frc3793","frc5950","frc116","2018chcmp_qm96_red"
"frc1111","frc2106","frc6802","2018chcmp_qm96_blue"
"frc5338","frc4456","frc1629","2018chcmp_qm97_red"
"frc5546","frc836","frc122","2018chcmp_qm97_blue"
"frc1418","frc6194","frc6882","2018chcmp_qm98_red"
"frc401","frc6504","frc4472","2018chcmp_qm98_blue"
"frc1262","frc5945","frc3274","2018chcmp_qm99_red"
"frc612","frc614","frc2199","2018chcmp_qm99_blue"
"frc1885","frc384","frc422","2018chcmp_sf1m1_red"
"frc836","frc5546","frc612","2018chcmp_sf1m1_blue"
"frc1885","frc384","frc422","2018chcmp_sf1m2_red"
"frc836","frc5546","frc612","2018chcmp_sf1m2_blue"
"frc4541","frc888","frc614","2018chcmp_sf2m1_red"
"frc401","frc5804","frc2537","2018chcmp_sf2m1_blue"
"frc4541","frc888","frc614","2018chcmp_sf2m2_red"
"frc401","frc5804","frc2537","2018chcmp_sf2m2_blue"
"frc4472","frc1629","frc1727","2018mdedg_f1m1_red"
"frc614","frc836","frc6326","2018mdedg_f1m1_blue"
"frc4472","frc1629","frc1727","2018mdedg_f1m2_red"
"frc614","frc836","frc6326","2018mdedg_f1m2_blue"
"frc4472","frc1629","frc1727","2018mdedg_f1m3_red"
"frc614","frc836","frc6326","2018mdedg_f1m3_blue"
"frc4472","frc1629","frc1727","2018mdedg_qf1m1_red"
"frc449","frc1915","frc3389","2018mdedg_qf1m1_blue"
"frc4472","frc1629","frc1727","2018mdedg_qf1m2_red"
"frc449","frc1915","frc3389","2018mdedg_qf1m2_blue"
"frc5115","frc2537","frc2849","2018mdedg_qf2m1_red"
"frc339","frc686","frc4456","2018mdedg_qf2m1_blue"
"frc5115","frc2537","frc2849","2018mdedg_qf2m2_red"
"frc339","frc686","frc4456","2018mdedg_qf2m2_blue"
"frc2377","frc4541","frc5549","2018mdedg_qf3m1_red"
"frc4099","frc5243","frc3941","2018mdedg_qf3m1_blue"
"frc2377","frc4541","frc5549","2018mdedg_qf3m2_red"
"frc4099","frc5243","frc3941","2018mdedg_qf3m2_blue"
"frc614","frc836","frc6326","2018mdedg_qf4m1_red"
"frc5945","frc2199","frc2421","2018mdedg_qf4m1_blue"
"frc614","frc836","frc6326","2018mdedg_qf4m2_red"
"frc5945","frc2199","frc2421","2018mdedg_qf4m2_blue"
"frc614","frc836","frc6326","2018mdedg_qf4m3_red"
"frc5945","frc2199","frc2421","2018mdedg_qf4m3_blue"
"frc6326","frc6239","frc6863","2018mdedg_qm1_red"
"frc614","frc2964","frc2961","2018mdedg_qm1_blue"
"frc1727","frc6863","frc3389","2018mdedg_qm10_red"
"frc5549","frc6326","frc4472","2018mdedg_qm10_blue"
"frc3650","frc6239","frc5115","2018mdedg_qm11_red"
"frc4541","frc2377","frc1629","2018mdedg_qm11_blue"
"frc2199","frc2964","frc5841","2018mdedg_qm12_red"
"frc3748","frc2537","frc3714","2018mdedg_qm12_blue"
"frc836","frc2421","frc2849","2018mdedg_qm13_red"
"frc614","frc1915","frc6863","2018mdedg_qm13_blue"
"frc339","frc6326","frc3941","2018mdedg_qm14_red"
"frc6505","frc1727","frc4541","2018mdedg_qm14_blue"
"frc449","frc4949","frc2964","2018mdedg_qm15_red"
"frc3389","frc6213","frc5841","2018mdedg_qm15_blue"
"frc2537","frc614","frc4137","2018mdedg_qm16_red"
"frc5549","frc2199","frc3650","2018mdedg_qm16_blue"
"frc5945","frc2961","frc6239","2018mdedg_qm17_red"
"frc2988","frc1915","frc5115","2018mdedg_qm17_blue"
"frc5243","frc4472","frc1629","2018mdedg_qm18_red"
"frc3714","frc2849","frc4456","2018mdedg_qm18_blue"
"frc4099","frc3748","frc6584","2018mdedg_qm19_red"
"frc686","frc2377","frc836","2018mdedg_qm19_blue"
"frc4949","frc339","frc836","2018mdedg_qm2_red"
"frc4472","frc6584","frc4456","2018mdedg_qm2_blue"
"frc6505","frc2961","frc6863","2018mdedg_qm20_red"
"frc4137","frc1915","frc2199","2018mdedg_qm20_blue"
"frc3389","frc5243","frc339","2018mdedg_qm21_red"
"frc6213","frc3650","frc2964","2018mdedg_qm21_blue"
"frc5549","frc5945","frc2377","2018mdedg_qm22_red"
"frc5115","frc449","frc6326","2018mdedg_qm22_blue"
"frc2537","frc6239","frc1629","2018mdedg_qm23_red"
"frc836","frc3941","frc6584","2018mdedg_qm23_blue"
"frc3714","frc614","frc4949","2018mdedg_qm24_red"
"frc1727","frc3748","frc2421","2018mdedg_qm24_blue"
"frc4541","frc2849","frc4472","2018mdedg_qm25_red"
"frc2988","frc4099","frc5841","2018mdedg_qm25_blue"
"frc5243","frc4456","frc836","2018mdedg_qm26_red"
"frc686","frc5115","frc2961","2018mdedg_qm26_blue"
"frc614","frc339","frc6505","2018mdedg_qm27_red"
"frc2377","frc3748","frc6239","2018mdedg_qm27_blue"
"frc3714","frc2421","frc3389","2018mdedg_qm28_red"
"frc4541","frc5945","frc4099","2018mdedg_qm28_blue"
"frc1915","frc6584","frc6326","2018mdedg_qm29_red"
"frc4472","frc4949","frc6213","2018mdedg_qm29_blue"
"frc2421","frc2199","frc5243","2018mdedg_qm3_red"
"frc1629","frc6213","frc5945","2018mdedg_qm3_blue"
"frc3941","frc5549","frc4137","2018mdedg_qm30_red"
"frc2964","frc1629","frc2849","2018mdedg_qm30_blue"
"frc1727","frc3650","frc2988","2018mdedg_qm31_red"
"frc2537","frc2199","frc449","2018mdedg_qm31_blue"
"frc4456","frc686","frc5945","2018mdedg_qm32_red"
"frc5841","frc6863","frc2377","2018mdedg_qm32_blue"
"frc6326","frc4137","frc2849","2018mdedg_qm33_red"
"frc1915","frc339","frc2961","2018mdedg_qm33_blue"
"frc2964","frc2988","frc4541","2018mdedg_qm34_red"
"frc6213","frc836","frc6505","2018mdedg_qm34_blue"
"frc5841","frc4472","frc614","2018mdedg_qm35_red"
"frc686","frc5243","frc2537","2018mdedg_qm35_blue"
"frc4456","frc5115","frc4949","2018mdedg_qm36_red"
"frc4099","frc1727","frc2199","2018mdedg_qm36_blue"
"frc449","frc3714","frc6239","2018mdedg_qm37_red"
"frc6863","frc5549","frc1629","2018mdedg_qm37_blue"
"frc6584","frc2421","frc3650","2018mdedg_qm38_red"
"frc3941","frc3389","frc3748","2018mdedg_qm38_blue"
"frc836","frc2537","frc4541","2018mdedg_qm39_red"
"frc5945","frc4949","frc2199","2018mdedg_qm39_blue"
"frc4099","frc6505","frc686","2018mdedg_qm4_red"
"frc4137","frc1727","frc3714","2018mdedg_qm4_blue"
"frc6213","frc1915","frc2377","2018mdedg_qm40_red"
"frc4099","frc5549","frc3714","2018mdedg_qm40_blue"
"frc4472","frc2988","frc686","2018mdedg_qm41_red"
"frc6326","frc2964","frc2421","2018mdedg_qm41_blue"
"frc2961","frc5841","frc1727","2018mdedg_qm42_red"
"frc3389","frc4137","frc6239","2018mdedg_qm42_blue"
"frc3748","frc6863","frc3650","2018mdedg_qm43_red"
"frc6505","frc1629","frc3941","2018mdedg_qm43_blue"
"frc339","frc449","frc4456","2018mdedg_qm44_red"
"frc614","frc5115","frc5243","2018mdedg_qm44_blue"
"frc2849","frc3389","frc2988","2018mdedg_qm45_red"
"frc6584","frc2377","frc4949","2018mdedg_qm45_blue"
"frc3650","frc836","frc4099","2018mdedg_qm46_red"
"frc5841","frc6326","frc6505","2018mdedg_qm46_blue"
"frc5549","frc686","frc1915","2018mdedg_qm47_red"
"frc2421","frc4456","frc614","2018mdedg_qm47_blue"
"frc2199","frc3714","frc3941","2018mdedg_qm48_red"
"frc6239","frc2849","frc339","2018mdedg_qm48_blue"
"frc5115","frc3748","frc4472","2018mdedg_qm49_red"
"frc4137","frc449","frc4541","2018mdedg_qm49_blue"
"frc5841","frc3650","frc449","2018mdedg_qm5_red"
"frc1915","frc2849","frc3748","2018mdedg_qm5_blue"
"frc6213","frc6863","frc5243","2018mdedg_qm50_red"
"frc6584","frc2537","frc1727","2018mdedg_qm50_blue"
"frc2961","frc1629","frc4099","2018mdedg_qm51_red"
"frc2964","frc5945","frc339","2018mdedg_qm51_blue"
"frc2849","frc3941","frc449","2018mdedg_qm52_red"
"frc2199","frc3389","frc686","2018mdedg_qm52_blue"
"frc3714","frc6326","frc6213","2018mdedg_qm53_red"
"frc6863","frc5115","frc836","2018mdedg_qm53_blue"
"frc2961","frc4137","frc3748","2018mdedg_qm54_red"
"frc5243","frc2988","frc5945","2018mdedg_qm54_blue"
"frc1915","frc4541","frc2421","2018mdedg_qm55_red"
"frc4456","frc2537","frc5549","2018mdedg_qm55_blue"
"frc1629","frc5841","frc6584","2018mdedg_qm56_red"
"frc1727","frc614","frc2377","2018mdedg_qm56_blue"
"frc6239","frc4472","frc2964","2018mdedg_qm57_red"
"frc4949","frc6505","frc3650","2018mdedg_qm57_blue"
"frc5115","frc4541","frc6213","2018mdedg_qm58_red"
"frc2849","frc686","frc6863","2018mdedg_qm58_blue"
"frc836","frc5549","frc2988","2018mdedg_qm59_red"
"frc339","frc3714","frc5841","2018mdedg_qm59_blue"
"frc2377","frc3389","frc5115","2018mdedg_qm6_red"
"frc2988","frc3941","frc2537","2018mdedg_qm6_blue"
"frc2537","frc4099","frc1915","2018mdedg_qm60_red"
"frc3748","frc5243","frc449","2018mdedg_qm60_blue"
"frc1629","frc2199","frc4456","2018mdedg_qm61_red"
"frc2964","frc6584","frc3389","2018mdedg_qm61_blue"
"frc6239","frc4949","frc1727","2018mdedg_qm62_red"
"frc4137","frc2377","frc2421","2018mdedg_qm62_blue"
"frc2961","frc4472","frc3941","2018mdedg_qm63_red"
"frc3650","frc614","frc5945","2018mdedg_qm63_blue"
"frc6505","frc4456","frc1915","2018mdedg_qm64_red"
"frc3389","frc1629","frc6326","2018mdedg_qm64_blue"
"frc686","frc4137","frc2964","2018mdedg_qm65_red"
"frc5115","frc2421","frc339","2018mdedg_qm65_blue"
"frc2849","frc1727","frc6213","2018mdedg_qm66_red"
"frc5945","frc836","frc3748","2018mdedg_qm66_blue"
"frc2377","frc2961","frc2537","2018mdedg_qm67_red"
"frc4472","frc6505","frc3714","2018mdedg_qm67_blue"
"frc6863","frc2988","frc2199","2018mdedg_qm68_red"
"frc3941","frc5841","frc5243","2018mdedg_qm68_blue"
"frc3650","frc4541","frc6326","2018mdedg_qm69_red"
"frc6584","frc449","frc5549","2018mdedg_qm69_blue"
"frc2421","frc5549","frc4949","2018mdedg_qm7_red"
"frc4541","frc5243","frc2961","2018mdedg_qm7_blue"
"frc4949","frc4099","frc3389","2018mdedg_qm70_red"
"frc6239","frc6213","frc614","2018mdedg_qm70_blue"
"frc2421","frc6505","frc2537","2018mdedg_qm71_red"
"frc2849","frc5841","frc5115","2018mdedg_qm71_blue"
"frc3941","frc2964","frc1727","2018mdedg_qm72_red"
"frc449","frc836","frc1915","2018mdedg_qm72_blue"
"frc5945","frc3714","frc6584","2018mdedg_qm73_red"
"frc3650","frc4456","frc4137","2018mdedg_qm73_blue"
"frc1629","frc686","frc614","2018mdedg_qm74_red"
"frc4949","frc2961","frc2988","2018mdedg_qm74_blue"
"frc3748","frc339","frc5549","2018mdedg_qm75_red"
"frc6863","frc4099","frc4472","2018mdedg_qm75_blue"
"frc6326","frc2377","frc5243","2018mdedg_qm76_red"
"frc2199","frc4541","frc6239","2018mdedg_qm76_blue"
"frc449","frc5945","frc6505","2018mdedg_qm8_red"
"frc339","frc6584","frc686","2018mdedg_qm8_blue"
"frc2988","frc6213","frc4137","2018mdedg_qm9_red"
"frc4456","frc3941","frc4099","2018mdedg_qm9_blue"
"frc4472","frc1629","frc1727","2018mdedg_sf1m1_red"
"frc5115","frc2537","frc2849","2018mdedg_sf1m1_blue"
"frc4472","frc1629","frc1727","2018mdedg_sf1m2_red"
"frc5115","frc2537","frc2849","2018mdedg_sf1m2_blue"
"frc2377","frc4541","frc5549","2018mdedg_sf2m1_red"
"frc614","frc836","frc6326","2018mdedg_sf2m1_blue"
"frc2377","frc4541","frc5549","2018mdedg_sf2m2_red"
"frc614","frc836","frc6326","2018mdedg_sf2m2_blue"
"frc2377","frc4541","frc5549","2018mdedg_sf2m3_red"
"frc614","frc836","frc6326","2018mdedg_sf2m3_blue"
"frc611","frc623","frc5115","2018mdoxo_f1m1_red"
"frc888","frc612","frc2914","2018mdoxo_f1m1_blue"
"frc611","frc623","frc5115","2018mdoxo_f1m2_red"
"frc888","frc612","frc2900","2018mdoxo_f1m2_blue"
"frc1885","frc5587","frc5243","2018mdoxo_qf1m1_red"
"frc3793","frc4514","frc4099","2018mdoxo_qf1m1_blue"
"frc1885","frc5587","frc5243","2018mdoxo_qf1m2_red"
"frc3793","frc4514","frc4099","2018mdoxo_qf1m2_blue"
"frc1885","frc5587","frc5243","2018mdoxo_qf1m3_red"
"frc3793","frc4514","frc4099","2018mdoxo_qf1m3_blue"
"frc611","frc623","frc5115","2018mdoxo_qf2m1_red"
"frc620","frc4541","frc4821","2018mdoxo_qf2m1_blue"
"frc611","frc623","frc5115","2018mdoxo_qf2m2_red"
"frc620","frc4541","frc4821","2018mdoxo_qf2m2_blue"
"frc611","frc623","frc5115","2018mdoxo_qf2m3_red"
"frc620","frc4541","frc4821","2018mdoxo_qf2m3_blue"
"frc888","frc612","frc2914","2018mdoxo_qf3m1_red"
"frc3373","frc2819","frc5841","2018mdoxo_qf3m1_blue"
"frc888","frc612","frc2914","2018mdoxo_qf3m2_red"
"frc3373","frc2819","frc5841","2018mdoxo_qf3m2_blue"
"frc1111","frc4242","frc1389","2018mdoxo_qf4m1_red"
"frc2186","frc5945","frc1895","2018mdoxo_qf4m1_blue"
"frc1111","frc4242","frc1389","2018mdoxo_qf4m2_red"
"frc2186","frc5945","frc1895","2018mdoxo_qf4m2_blue"
"frc1111","frc4242","frc1389","2018mdoxo_qf4m3_red"
"frc2186","frc5945","frc1895","2018mdoxo_qf4m3_blue"
"frc3793","frc4464","frc612","2018mdoxo_qm1_red"
"frc1885","frc1727","frc4099","2018mdoxo_qm1_blue"
"frc620","frc5945","frc5243","2018mdoxo_qm10_red"
"frc5115","frc6239","frc2964","2018mdoxo_qm10_blue"
"frc3714","frc1885","frc1111","2018mdoxo_qm11_red"
"frc2819","frc1719","frc2912","2018mdoxo_qm11_blue"
"frc6505","frc611","frc4242","2018mdoxo_qm12_red"
"frc3793","frc888","frc6863","2018mdoxo_qm12_blue"
"frc6893","frc4137","frc623","2018mdoxo_qm13_red"
"frc612","frc1895","frc4541","2018mdoxo_qm13_blue"
"frc5115","frc1111","frc6213","2018mdoxo_qm14_red"
"frc4099","frc5587","frc6239","2018mdoxo_qm14_blue"
"frc4821","frc3373","frc3793","2018mdoxo_qm15_red"
"frc2900","frc2964","frc3650","2018mdoxo_qm15_blue"
"frc6505","frc2914","frc1727","2018mdoxo_qm16_red"
"frc611","frc2912","frc5243","2018mdoxo_qm16_blue"
"frc2186","frc1885","frc1719","2018mdoxo_qm17_red"
"frc1389","frc6863","frc4242","2018mdoxo_qm17_blue"
"frc2819","frc3714","frc4514","2018mdoxo_qm18_red"
"frc4137","frc5945","frc612","2018mdoxo_qm18_blue"
"frc6893","frc4464","frc888","2018mdoxo_qm19_red"
"frc1895","frc5841","frc620","2018mdoxo_qm19_blue"
"frc4137","frc4242","frc2819","2018mdoxo_qm2_red"
"frc6213","frc6893","frc611","2018mdoxo_qm2_blue"
"frc6505","frc4821","frc1389","2018mdoxo_qm20_red"
"frc5115","frc3373","frc1727","2018mdoxo_qm20_blue"
"frc4514","frc1719","frc623","2018mdoxo_qm21_red"
"frc611","frc4099","frc3714","2018mdoxo_qm21_blue"
"frc6893","frc2964","frc6863","2018mdoxo_qm22_red"
"frc3650","frc620","frc2819","2018mdoxo_qm22_blue"
"frc5945","frc888","frc1885","2018mdoxo_qm23_red"
"frc4137","frc6213","frc2900","2018mdoxo_qm23_blue"
"frc4464","frc2186","frc5243","2018mdoxo_qm24_red"
"frc5587","frc612","frc1111","2018mdoxo_qm24_blue"
"frc2912","frc3793","frc1895","2018mdoxo_qm25_red"
"frc4541","frc4242","frc2914","2018mdoxo_qm25_blue"
"frc5841","frc5115","frc611","2018mdoxo_qm26_red"
"frc6239","frc5945","frc3714","2018mdoxo_qm26_blue"
"frc888","frc1389","frc2964","2018mdoxo_qm27_red"
"frc2186","frc6893","frc4514","2018mdoxo_qm27_blue"
"frc6213","frc4099","frc3373","2018mdoxo_qm28_red"
"frc4464","frc1885","frc1895","2018mdoxo_qm28_blue"
"frc2912","frc1727","frc612","2018mdoxo_qm29_red"
"frc6239","frc1719","frc4821","2018mdoxo_qm29_blue"
"frc3650","frc6505","frc5841","2018mdoxo_qm3_red"
"frc5115","frc2186","frc623","2018mdoxo_qm3_blue"
"frc5587","frc4541","frc2900","2018mdoxo_qm30_red"
"frc2819","frc1111","frc6505","2018mdoxo_qm30_blue"
"frc4137","frc620","frc6863","2018mdoxo_qm31_red"
"frc5841","frc623","frc3793","2018mdoxo_qm31_blue"
"frc5243","frc2914","frc6239","2018mdoxo_qm32_red"
"frc4242","frc3650","frc1885","2018mdoxo_qm32_blue"
"frc888","frc4541","frc4821","2018mdoxo_qm33_red"
"frc1719","frc2900","frc4464","2018mdoxo_qm33_blue"
"frc5841","frc3373","frc2912","2018mdoxo_qm34_red"
"frc611","frc4137","frc2186","2018mdoxo_qm34_blue"
"frc3650","frc1895","frc3714","2018mdoxo_qm35_red"
"frc5243","frc2819","frc1727","2018mdoxo_qm35_blue"
"frc612","frc6213","frc2914","2018mdoxo_qm36_red"
"frc2964","frc620","frc6505","2018mdoxo_qm36_blue"
"frc5587","frc4514","frc3793","2018mdoxo_qm37_red"
"frc6893","frc1389","frc5115","2018mdoxo_qm37_blue"
"frc6863","frc4099","frc5945","2018mdoxo_qm38_red"
"frc4242","frc623","frc1111","2018mdoxo_qm38_blue"
"frc3373","frc4137","frc1719","2018mdoxo_qm39_red"
"frc6239","frc6213","frc6505","2018mdoxo_qm39_blue"
"frc620","frc3373","frc5587","2018mdoxo_qm4_red"
"frc1389","frc2912","frc4541","2018mdoxo_qm4_blue"
"frc4514","frc620","frc888","2018mdoxo_qm40_red"
"frc1885","frc6893","frc5587","2018mdoxo_qm40_blue"
"frc1727","frc4821","frc5841","2018mdoxo_qm41_red"
"frc6863","frc4541","frc2819","2018mdoxo_qm41_blue"
"frc1895","frc5115","frc4242","2018mdoxo_qm42_red"
"frc3714","frc2964","frc623","2018mdoxo_qm42_blue"
"frc4464","frc3650","frc611","2018mdoxo_qm43_red"
"frc1111","frc3793","frc1389","2018mdoxo_qm43_blue"
"frc4099","frc612","frc2186","2018mdoxo_qm44_red"
"frc5945","frc2900","frc2912","2018mdoxo_qm44_blue"
"frc4821","frc5587","frc2914","2018mdoxo_qm45_red"
"frc5243","frc5841","frc4137","2018mdoxo_qm45_blue"
"frc6239","frc4514","frc4242","2018mdoxo_qm46_red"
"frc6505","frc888","frc3373","2018mdoxo_qm46_blue"
"frc1719","frc4541","frc5945","2018mdoxo_qm47_red"
"frc3650","frc2912","frc6893","2018mdoxo_qm47_blue"
"frc1895","frc623","frc6863","2018mdoxo_qm48_red"
"frc612","frc611","frc1885","2018mdoxo_qm48_blue"
"frc1389","frc2819","frc2186","2018mdoxo_qm49_red"
"frc2914","frc4464","frc5115","2018mdoxo_qm49_blue"
"frc1111","frc5945","frc2914","2018mdoxo_qm5_red"
"frc4821","frc4514","frc1895","2018mdoxo_qm5_blue"
"frc1727","frc3714","frc6213","2018mdoxo_qm50_red"
"frc2900","frc1111","frc620","2018mdoxo_qm50_blue"
"frc2964","frc5243","frc5587","2018mdoxo_qm51_red"
"frc3793","frc4099","frc4137","2018mdoxo_qm51_blue"
"frc2914","frc1895","frc1389","2018mdoxo_qm52_red"
"frc612","frc6863","frc3650","2018mdoxo_qm52_blue"
"frc4541","frc6239","frc4464","2018mdoxo_qm53_red"
"frc3714","frc4242","frc888","2018mdoxo_qm53_blue"
"frc3373","frc6893","frc1111","2018mdoxo_qm54_red"
"frc4099","frc5243","frc4821","2018mdoxo_qm54_blue"
"frc623","frc2912","frc6213","2018mdoxo_qm55_red"
"frc2964","frc2186","frc1727","2018mdoxo_qm55_blue"
"frc5841","frc2819","frc1885","2018mdoxo_qm56_red"
"frc3793","frc6505","frc5945","2018mdoxo_qm56_blue"
"frc620","frc5115","frc1719","2018mdoxo_qm57_red"
"frc4514","frc2900","frc611","2018mdoxo_qm57_blue"
"frc1111","frc4137","frc2964","2018mdoxo_qm58_red"
"frc3373","frc3714","frc1389","2018mdoxo_qm58_blue"
"frc2819","frc6239","frc6893","2018mdoxo_qm59_red"
"frc623","frc2914","frc4099","2018mdoxo_qm59_blue"
"frc888","frc6239","frc2900","2018mdoxo_qm6_red"
"frc5243","frc6863","frc3714","2018mdoxo_qm6_blue"
"frc3650","frc5243","frc5115","2018mdoxo_qm60_red"
"frc888","frc612","frc1719","2018mdoxo_qm60_blue"
"frc6863","frc6505","frc2912","2018mdoxo_qm61_red"
"frc6213","frc4464","frc4514","2018mdoxo_qm61_blue"
"frc620","frc3793","frc611","2018mdoxo_qm62_red"
"frc5945","frc4821","frc2186","2018mdoxo_qm62_blue"
"frc2900","frc1727","frc1895","2018mdoxo_qm63_red"
"frc4242","frc5587","frc5841","2018mdoxo_qm63_blue"
"frc4541","frc3650","frc4137","2018mdoxo_qm64_red"
"frc1885","frc5115","frc4514","2018mdoxo_qm64_blue"
"frc623","frc2819","frc3373","2018mdoxo_qm65_red"
"frc1719","frc2914","frc3793","2018mdoxo_qm65_blue"
"frc6863","frc611","frc6239","2018mdoxo_qm66_red"
"frc1389","frc5587","frc5945","2018mdoxo_qm66_blue"
"frc2186","frc1895","frc6505","2018mdoxo_qm67_red"
"frc3714","frc4821","frc6893","2018mdoxo_qm67_blue"
"frc2912","frc1885","frc2964","2018mdoxo_qm68_red"
"frc1111","frc5841","frc888","2018mdoxo_qm68_blue"
"frc4242","frc612","frc5243","2018mdoxo_qm69_red"
"frc4541","frc6213","frc620","2018mdoxo_qm69_blue"
"frc1727","frc1719","frc5587","2018mdoxo_qm7_red"
"frc3373","frc2964","frc4464","2018mdoxo_qm7_blue"
"frc2900","frc4099","frc6893","2018mdoxo_qm70_red"
"frc4464","frc1727","frc4137","2018mdoxo_qm70_blue"
"frc2912","frc3714","frc5115","2018mdoxo_qm71_red"
"frc2914","frc6863","frc3373","2018mdoxo_qm71_blue"
"frc2964","frc611","frc4821","2018mdoxo_qm72_red"
"frc1885","frc5243","frc4541","2018mdoxo_qm72_blue"
"frc2186","frc3793","frc2900","2018mdoxo_qm73_red"
"frc1895","frc1111","frc6239","2018mdoxo_qm73_blue"
"frc4514","frc5841","frc612","2018mdoxo_qm74_red"
"frc1719","frc4242","frc6213","2018mdoxo_qm74_blue"
"frc2819","frc888","frc4099","2018mdoxo_qm75_red"
"frc1727","frc1389","frc620","2018mdoxo_qm75_blue"
"frc5945","frc623","frc3650","2018mdoxo_qm76_red"
"frc5587","frc6505","frc4464","2018mdoxo_qm76_blue"
"frc4099","frc4514","frc4541","2018mdoxo_qm8_red"
"frc2914","frc2186","frc5841","2018mdoxo_qm8_blue"
"frc6213","frc1389","frc3650","2018mdoxo_qm9_red"
"frc4821","frc2900","frc623","2018mdoxo_qm9_blue"
"frc1885","frc5587","frc5243","2018mdoxo_sf1m1_red"
"frc611","frc623","frc5115","2018mdoxo_sf1m1_blue"
"frc1885","frc5587","frc5243","2018mdoxo_sf1m2_red"
"frc611","frc623","frc5115","2018mdoxo_sf1m2_blue"
"frc888","frc612","frc2914","2018mdoxo_sf2m1_red"
"frc2186","frc5945","frc1895","2018mdoxo_sf2m1_blue"
"frc888","frc612","frc2914","2018mdoxo_sf2m2_red"
"frc2186","frc5945","frc1895","2018mdoxo_sf2m2_blue"
"frc1262","frc346","frc4466","2018vabla_f1m1_red"
"frc384","frc1599","frc5279","2018vabla_f1m1_blue"
"frc1262","frc346","frc1123","2018vabla_f1m2_red"
"frc384","frc1599","frc5279","2018vabla_f1m2_blue"
"frc1262","frc346","frc4466","2018vabla_qf1m1_red"
"frc619","frc1086","frc6802","2018vabla_qf1m1_blue"
"frc1262","frc346","frc4466","2018vabla_qf1m2_red"
"frc619","frc1086","frc6802","2018vabla_qf1m2_blue"
"frc2534","frc2106","frc6194","2018vabla_qf2m1_red"
"frc540","frc5724","frc3455","2018vabla_qf2m1_blue"
"frc2534","frc2106","frc6194","2018vabla_qf2m2_red"
"frc540","frc5724","frc3455","2018vabla_qf2m2_blue"
"frc384","frc1599","frc5279","2018vabla_qf3m1_red"
"frc3258","frc1413","frc2890","2018vabla_qf3m1_blue"
"frc384","frc1599","frc5279","2018vabla_qf3m2_red"
"frc3258","frc1413","frc2890","2018vabla_qf3m2_blue"
"frc401","frc3274","frc3359","2018vabla_qf4m1_red"
"frc1080","frc977","frc4505","2018vabla_qf4m1_blue"
"frc401","frc3274","frc3359","2018vabla_qf4m2_red"
"frc1080","frc977","frc4505","2018vabla_qf4m2_blue"
"frc3274","frc5724","frc2106","2018vabla_qm1_red"
"frc619","frc3361","frc1086","2018vabla_qm1_blue"
"frc4466","frc1262","frc619","2018vabla_qm10_red"
"frc5724","frc5279","frc1086","2018vabla_qm10_blue"
"frc6802","frc384","frc2534","2018vabla_qm11_red"
"frc1599","frc346","frc3359","2018vabla_qm11_blue"
"frc3455","frc619","frc5279","2018vabla_qm12_red"
"frc3136","frc2890","frc1123","2018vabla_qm12_blue"
"frc6194","frc4505","frc3939","2018vabla_qm13_red"
"frc1413","frc6543","frc4466","2018vabla_qm13_blue"
"frc3359","frc540","frc1262","2018vabla_qm14_red"
"frc977","frc401","frc2106","2018vabla_qm14_blue"
"frc1086","frc2534","frc3258","2018vabla_qm15_red"
"frc539","frc1080","frc5724","2018vabla_qm15_blue"
"frc1598","frc3274","frc619","2018vabla_qm16_red"
"frc3361","frc346","frc2106","2018vabla_qm16_blue"
"frc1123","frc4466","frc401","2018vabla_qm17_red"
"frc5724","frc1413","frc3136","2018vabla_qm17_blue"
"frc3274","frc6543","frc3258","2018vabla_qm18_red"
"frc3939","frc1598","frc540","2018vabla_qm18_blue"
"frc3455","frc2890","frc1262","2018vabla_qm19_red"
"frc1080","frc6802","frc6194","2018vabla_qm19_blue"
"frc540","frc1599","frc5279","2018vabla_qm2_red"
"frc3939","frc384","frc3455","2018vabla_qm2_blue"
"frc4505","frc3361","frc3359","2018vabla_qm20_red"
"frc1599","frc1086","frc384","2018vabla_qm20_blue"
"frc977","frc5279","frc3274","2018vabla_qm21_red"
"frc2534","frc539","frc1598","2018vabla_qm21_blue"
"frc1599","frc401","frc619","2018vabla_qm22_red"
"frc2106","frc4505","frc3258","2018vabla_qm22_blue"
"frc6543","frc3939","frc1080","2018vabla_qm23_red"
"frc1262","frc6194","frc5724","2018vabla_qm23_blue"
"frc1086","frc539","frc2890","2018vabla_qm24_red"
"frc6802","frc540","frc3455","2018vabla_qm24_blue"
"frc384","frc977","frc3359","2018vabla_qm25_red"
"frc1123","frc4466","frc3361","2018vabla_qm25_blue"
"frc2534","frc1413","frc346","2018vabla_qm26_red"
"frc3136","frc1262","frc5279","2018vabla_qm26_blue"
"frc4466","frc540","frc384","2018vabla_qm27_red"
"frc6802","frc2106","frc619","2018vabla_qm27_blue"
"frc3359","frc1599","frc6194","2018vabla_qm28_red"
"frc6543","frc539","frc977","2018vabla_qm28_blue"
"frc2890","frc5724","frc3939","2018vabla_qm29_red"
"frc1413","frc3258","frc3361","2018vabla_qm29_blue"
"frc6194","frc539","frc1413","2018vabla_qm3_red"
"frc1080","frc3359","frc2534","2018vabla_qm3_blue"
"frc3136","frc2534","frc3455","2018vabla_qm30_red"
"frc1598","frc401","frc346","2018vabla_qm30_blue"
"frc5279","frc1123","frc1080","2018vabla_qm31_red"
"frc1086","frc3274","frc4505","2018vabla_qm31_blue"
"frc1413","frc1599","frc6802","2018vabla_qm32_red"
"frc619","frc540","frc3939","2018vabla_qm32_blue"
"frc1262","frc1086","frc1123","2018vabla_qm33_red"
"frc3258","frc1598","frc4505","2018vabla_qm33_blue"
"frc2106","frc6194","frc384","2018vabla_qm34_red"
"frc539","frc3455","frc346","2018vabla_qm34_blue"
"frc1080","frc5279","frc4466","2018vabla_qm35_red"
"frc3274","frc3359","frc401","2018vabla_qm35_blue"
"frc2890","frc3361","frc6543","2018vabla_qm36_red"
"frc5724","frc2534","frc977","2018vabla_qm36_blue"
"frc3136","frc3359","frc6194","2018vabla_qm37_red"
"frc3258","frc1123","frc6802","2018vabla_qm37_blue"
"frc401","frc1080","frc1413","2018vabla_qm38_red"
"frc2534","frc1599","frc2890","2018vabla_qm38_blue"
"frc540","frc346","frc6543","2018vabla_qm39_red"
"frc3455","frc5724","frc1598","2018vabla_qm39_blue"
"frc4505","frc3258","frc2890","2018vabla_qm4_red"
"frc346","frc4466","frc977","2018vabla_qm4_blue"
"frc977","frc3939","frc1086","2018vabla_qm40_red"
"frc619","frc3136","frc4466","2018vabla_qm40_blue"
"frc539","frc3361","frc3274","2018vabla_qm41_red"
"frc1262","frc4505","frc384","2018vabla_qm41_blue"
"frc5279","frc6194","frc2534","2018vabla_qm42_red"
"frc2106","frc1123","frc1599","2018vabla_qm42_blue"
"frc1598","frc3455","frc4466","2018vabla_qm43_red"
"frc4505","frc1080","frc540","2018vabla_qm43_blue"
"frc346","frc3136","frc6802","2018vabla_qm44_red"
"frc5279","frc384","frc3361","2018vabla_qm44_blue"
"frc6543","frc2106","frc1086","2018vabla_qm45_red"
"frc2890","frc1413","frc3274","2018vabla_qm45_blue"
"frc3939","frc1262","frc539","2018vabla_qm46_red"
"frc3359","frc619","frc5724","2018vabla_qm46_blue"
"frc3258","frc977","frc346","2018vabla_qm47_red"
"frc401","frc5279","frc6543","2018vabla_qm47_blue"
"frc2106","frc1598","frc3136","2018vabla_qm48_red"
"frc1086","frc3455","frc1080","2018vabla_qm48_blue"
"frc3361","frc401","frc5724","2018vabla_qm49_red"
"frc1123","frc3939","frc977","2018vabla_qm49_blue"
"frc1123","frc6802","frc401","2018vabla_qm5_red"
"frc1262","frc1598","frc6543","2018vabla_qm5_blue"
"frc4505","frc6802","frc539","2018vabla_qm50_red"
"frc3258","frc6194","frc540","2018vabla_qm50_blue"
"frc384","frc619","frc2890","2018vabla_qm51_red"
"frc3359","frc1413","frc1262","2018vabla_qm51_blue"
"frc2534","frc3274","frc1123","2018vabla_qm52_red"
"frc1599","frc4466","frc3939","2018vabla_qm52_blue"
"frc619","frc1080","frc3258","2018vabla_qm53_red"
"frc5279","frc6802","frc1598","2018vabla_qm53_blue"
"frc4466","frc3359","frc539","2018vabla_qm54_red"
"frc3361","frc3455","frc2534","2018vabla_qm54_blue"
"frc540","frc1086","frc1413","2018vabla_qm55_red"
"frc6194","frc384","frc401","2018vabla_qm55_blue"
"frc5724","frc6543","frc1599","2018vabla_qm56_red"
"frc346","frc1262","frc3274","2018vabla_qm56_blue"
"frc977","frc3136","frc4505","2018vabla_qm57_red"
"frc2890","frc2106","frc1080","2018vabla_qm57_blue"
"frc1123","frc5724","frc540","2018vabla_qm58_red"
"frc346","frc1086","frc6194","2018vabla_qm58_blue"
"frc4466","frc2890","frc3359","2018vabla_qm59_red"
"frc384","frc6543","frc3136","2018vabla_qm59_blue"
"frc3939","frc346","frc4505","2018vabla_qm6_red"
"frc1080","frc3136","frc1599","2018vabla_qm6_blue"
"frc401","frc2534","frc4505","2018vabla_qm60_red"
"frc3274","frc3939","frc6802","2018vabla_qm60_blue"
"frc1598","frc977","frc1599","2018vabla_qm61_red"
"frc539","frc619","frc5279","2018vabla_qm61_blue"
"frc3455","frc2106","frc1413","2018vabla_qm62_red"
"frc3361","frc3258","frc1262","2018vabla_qm62_blue"
"frc6802","frc6543","frc3361","2018vabla_qm7_red"
"frc6194","frc977","frc3455","2018vabla_qm7_blue"
"frc401","frc3258","frc3136","2018vabla_qm8_red"
"frc384","frc3274","frc539","2018vabla_qm8_blue"
"frc1413","frc1123","frc1598","2018vabla_qm9_red"
"frc540","frc2890","frc2106","2018vabla_qm9_blue"
"frc1262","frc346","frc4466","2018vabla_sf1m1_red"
"frc2534","frc2106","frc6194","2018vabla_sf1m1_blue"
"frc1262","frc346","frc4466","2018vabla_sf1m2_red"
"frc2534","frc2106","frc6194","2018vabla_sf1m2_blue"
"frc384","frc1599","frc5279","2018vabla_sf2m1_red"
"frc401","frc3274","frc3359","2018vabla_sf2m1_blue"
"frc384","frc1599","frc5279","2018vabla_sf2m2_red"
"frc401","frc3274","frc3359","2018vabla_sf2m2_blue"
"frc1629","frc225","frc3793","2018vagdc_f1m1_red"
"frc1885","frc1731","frc4456","2018vagdc_f1m1_blue"
"frc1629","frc225","frc3793","2018vagdc_f1m2_red"
"frc1885","frc1731","frc4456","2018vagdc_f1m2_blue"
"frc1629","frc225","frc3793","2018vagdc_f1m3_red"
"frc1885","frc1731","frc4456","2018vagdc_f1m3_blue"
"frc1629","frc225","frc3793","2018vagdc_qf1m1_red"
"frc2849","frc2199","frc1111","2018vagdc_qf1m1_blue"
"frc1629","frc225","frc3793","2018vagdc_qf1m2_red"
"frc2849","frc2199","frc1111","2018vagdc_qf1m2_blue"
"frc2377","frc116","frc6504","2018vagdc_qf2m1_red"
"frc5243","frc2421","frc2914","2018vagdc_qf2m1_blue"
"frc2377","frc116","frc6504","2018vagdc_qf2m2_red"
"frc5243","frc2421","frc2914","2018vagdc_qf2m2_blue"
"frc1418","frc5338","frc6326","2018vagdc_qf3m1_red"
"frc5587","frc4505","frc449","2018vagdc_qf3m1_blue"
"frc1418","frc5338","frc6326","2018vagdc_qf3m2_red"
"frc5587","frc4505","frc449","2018vagdc_qf3m2_blue"
"frc1885","frc1731","frc4456","2018vagdc_qf4m1_red"
"frc3455","frc2537","frc4242","2018vagdc_qf4m1_blue"
"frc1885","frc1731","frc4456","2018vagdc_qf4m2_red"
"frc3455","frc2537","frc4242","2018vagdc_qf4m2_blue"
"frc2912","frc2377","frc3793","2018vagdc_qm1_red"
"frc5587","frc2537","frc4949","2018vagdc_qm1_blue"
"frc6326","frc2819","frc225","2018vagdc_qm10_red"
"frc2961","frc1123","frc4464","2018vagdc_qm10_blue"
"frc1389","frc4638","frc4456","2018vagdc_qm11_red"
"frc3748","frc5587","frc1111","2018vagdc_qm11_blue"
"frc1915","frc1629","frc2912","2018vagdc_qm12_red"
"frc4242","frc2900","frc3455","2018vagdc_qm12_blue"
"frc5830","frc4949","frc2849","2018vagdc_qm13_red"
"frc2914","frc1731","frc2537","2018vagdc_qm13_blue"
"frc116","frc1389","frc1111","2018vagdc_qm14_red"
"frc3793","frc5243","frc4505","2018vagdc_qm14_blue"
"frc225","frc1123","frc1629","2018vagdc_qm15_red"
"frc2900","frc3748","frc1885","2018vagdc_qm15_blue"
"frc1915","frc4242","frc2914","2018vagdc_qm16_red"
"frc2421","frc3455","frc1731","2018vagdc_qm16_blue"
"frc2377","frc2961","frc5587","2018vagdc_qm17_red"
"frc2199","frc1446","frc4821","2018vagdc_qm17_blue"
"frc449","frc4464","frc2819","2018vagdc_qm18_red"
"frc5830","frc6504","frc4638","2018vagdc_qm18_blue"
"frc1418","frc5338","frc6326","2018vagdc_qm19_red"
"frc4456","frc2849","frc2912","2018vagdc_qm19_blue"
"frc5243","frc1915","frc6326","2018vagdc_qm2_red"
"frc2199","frc4464","frc3748","2018vagdc_qm2_blue"
"frc2914","frc1389","frc1446","2018vagdc_qm20_red"
"frc4949","frc2900","frc1123","2018vagdc_qm20_blue"
"frc2421","frc4505","frc5587","2018vagdc_qm21_red"
"frc1111","frc5243","frc4242","2018vagdc_qm21_blue"
"frc1629","frc2199","frc1731","2018vagdc_qm22_red"
"frc5338","frc2912","frc2537","2018vagdc_qm22_blue"
"frc4456","frc6326","frc2377","2018vagdc_qm23_red"
"frc449","frc3455","frc4638","2018vagdc_qm23_blue"
"frc1885","frc5830","frc2961","2018vagdc_qm24_red"
"frc4821","frc3748","frc116","2018vagdc_qm24_blue"
"frc3793","frc1418","frc2849","2018vagdc_qm25_red"
"frc6504","frc225","frc1915","2018vagdc_qm25_blue"
"frc1111","frc4464","frc5338","2018vagdc_qm26_red"
"frc2819","frc2912","frc4949","2018vagdc_qm26_blue"
"frc5830","frc5587","frc3455","2018vagdc_qm27_red"
"frc2900","frc2961","frc1389","2018vagdc_qm27_blue"
"frc3793","frc1915","frc2537","2018vagdc_qm28_red"
"frc4821","frc1123","frc449","2018vagdc_qm28_blue"
"frc4464","frc1629","frc2914","2018vagdc_qm29_red"
"frc2421","frc2377","frc225","2018vagdc_qm29_blue"
"frc2914","frc449","frc2900","2018vagdc_qm3_red"
"frc2819","frc2849","frc116","2018vagdc_qm3_blue"
"frc6504","frc2849","frc2199","2018vagdc_qm30_red"
"frc116","frc4242","frc1885","2018vagdc_qm30_blue"
"frc4505","frc1731","frc1446","2018vagdc_qm31_red"
"frc3748","frc4456","frc2819","2018vagdc_qm31_blue"
"frc5243","frc1418","frc2900","2018vagdc_qm32_red"
"frc4638","frc6326","frc2914","2018vagdc_qm32_blue"
"frc449","frc1885","frc3793","2018vagdc_qm33_red"
"frc3455","frc5338","frc1629","2018vagdc_qm33_blue"
"frc225","frc4821","frc4505","2018vagdc_qm34_red"
"frc5587","frc2849","frc1731","2018vagdc_qm34_blue"
"frc1123","frc1446","frc4242","2018vagdc_qm35_red"
"frc2377","frc1418","frc4464","2018vagdc_qm35_blue"
"frc5830","frc2199","frc2819","2018vagdc_qm36_red"
"frc5243","frc2912","frc3748","2018vagdc_qm36_blue"
"frc4949","frc6504","frc1389","2018vagdc_qm37_red"
"frc6326","frc2961","frc2421","2018vagdc_qm37_blue"
"frc116","frc4456","frc2537","2018vagdc_qm38_red"
"frc1111","frc4638","frc1915","2018vagdc_qm38_blue"
"frc5338","frc2377","frc5830","2018vagdc_qm39_red"
"frc5587","frc5243","frc1123","2018vagdc_qm39_blue"
"frc6504","frc1731","frc1123","2018vagdc_qm4_red"
"frc3455","frc225","frc1418","2018vagdc_qm4_blue"
"frc2819","frc1731","frc4821","2018vagdc_qm40_red"
"frc1629","frc3793","frc1389","2018vagdc_qm40_blue"
"frc3748","frc4638","frc1446","2018vagdc_qm41_red"
"frc2912","frc2421","frc4242","2018vagdc_qm41_blue"
"frc2199","frc116","frc2961","2018vagdc_qm42_red"
"frc225","frc449","frc4456","2018vagdc_qm42_blue"
"frc2537","frc1111","frc2900","2018vagdc_qm43_red"
"frc6326","frc6504","frc3455","2018vagdc_qm43_blue"
"frc4505","frc2914","frc1418","2018vagdc_qm44_red"
"frc4464","frc1915","frc1885","2018vagdc_qm44_blue"
"frc2849","frc3748","frc449","2018vagdc_qm45_red"
"frc4949","frc2377","frc2199","2018vagdc_qm45_blue"
"frc4638","frc5243","frc1731","2018vagdc_qm46_red"
"frc1446","frc6504","frc2961","2018vagdc_qm46_blue"
"frc1123","frc5830","frc6326","2018vagdc_qm47_red"
"frc4505","frc1111","frc1629","2018vagdc_qm47_blue"
"frc2912","frc116","frc225","2018vagdc_qm48_red"
"frc5338","frc2421","frc1915","2018vagdc_qm48_blue"
"frc2537","frc1885","frc2849","2018vagdc_qm49_red"
"frc4464","frc5587","frc1389","2018vagdc_qm49_blue"
"frc1885","frc4821","frc2421","2018vagdc_qm5_red"
"frc1446","frc1111","frc5830","2018vagdc_qm5_blue"
"frc4242","frc4821","frc1418","2018vagdc_qm50_red"
"frc3793","frc2900","frc2819","2018vagdc_qm50_blue"
"frc4949","frc3455","frc3748","2018vagdc_qm51_red"
"frc4456","frc2914","frc5830","2018vagdc_qm51_blue"
"frc2912","frc6326","frc5587","2018vagdc_qm52_red"
"frc1629","frc1885","frc6504","2018vagdc_qm52_blue"
"frc2819","frc1389","frc5338","2018vagdc_qm53_red"
"frc1915","frc1418","frc1446","2018vagdc_qm53_blue"
"frc4242","frc2961","frc449","2018vagdc_qm54_red"
"frc2849","frc1123","frc4638","2018vagdc_qm54_blue"
"frc5243","frc4949","frc4464","2018vagdc_qm55_red"
"frc1731","frc116","frc3793","2018vagdc_qm55_blue"
"frc2900","frc2421","frc4456","2018vagdc_qm56_red"
"frc2537","frc4505","frc2377","2018vagdc_qm56_blue"
"frc1111","frc3455","frc4821","2018vagdc_qm57_red"
"frc225","frc2914","frc2199","2018vagdc_qm57_blue"
"frc1446","frc1885","frc5587","2018vagdc_qm58_red"
"frc449","frc5830","frc1915","2018vagdc_qm58_blue"
"frc4242","frc2537","frc1629","2018vagdc_qm59_red"
"frc2961","frc2819","frc5243","2018vagdc_qm59_blue"
"frc5338","frc4638","frc2961","2018vagdc_qm6_red"
"frc1389","frc4505","frc4242","2018vagdc_qm6_blue"
"frc2377","frc116","frc2914","2018vagdc_qm60_red"
"frc1731","frc1389","frc6326","2018vagdc_qm60_blue"
"frc2900","frc4464","frc4638","2018vagdc_qm61_red"
"frc225","frc3793","frc1111","2018vagdc_qm61_blue"
"frc3455","frc2912","frc2199","2018vagdc_qm62_red"
"frc4505","frc4456","frc1123","2018vagdc_qm62_blue"
"frc1418","frc3748","frc6504","2018vagdc_qm63_red"
"frc4821","frc4949","frc5338","2018vagdc_qm63_blue"
"frc2421","frc2819","frc1111","2018vagdc_qm64_red"
"frc2849","frc2900","frc2377","2018vagdc_qm64_blue"
"frc2914","frc1885","frc2912","2018vagdc_qm65_red"
"frc2961","frc4456","frc3793","2018vagdc_qm65_blue"
"frc4464","frc4505","frc6504","2018vagdc_qm66_red"
"frc1731","frc449","frc5338","2018vagdc_qm66_blue"
"frc4242","frc4949","frc225","2018vagdc_qm67_red"
"frc1389","frc2421","frc5830","2018vagdc_qm67_blue"
"frc1123","frc2537","frc3748","2018vagdc_qm68_red"
"frc1418","frc5587","frc116","2018vagdc_qm68_blue"
"frc3455","frc1446","frc5243","2018vagdc_qm69_red"
"frc2849","frc6326","frc4821","2018vagdc_qm69_blue"
"frc4456","frc1418","frc4949","2018vagdc_qm7_red"
"frc116","frc1629","frc5243","2018vagdc_qm7_blue"
"frc1915","frc2199","frc4505","2018vagdc_qm70_red"
"frc4638","frc1629","frc4949","2018vagdc_qm70_blue"
"frc5587","frc3793","frc6504","2018vagdc_qm71_red"
"frc3748","frc2914","frc2421","2018vagdc_qm71_blue"
"frc1123","frc5338","frc116","2018vagdc_qm72_red"
"frc2537","frc2819","frc3455","2018vagdc_qm72_blue"
"frc4821","frc1915","frc4456","2018vagdc_qm73_red"
"frc6326","frc4242","frc4464","2018vagdc_qm73_blue"
"frc1389","frc449","frc5243","2018vagdc_qm74_red"
"frc1418","frc1111","frc2912","2018vagdc_qm74_blue"
"frc2961","frc225","frc2849","2018vagdc_qm75_red"
"frc1629","frc1446","frc2377","2018vagdc_qm75_blue"
"frc1731","frc5830","frc2900","2018vagdc_qm76_red"
"frc4638","frc2199","frc1885","2018vagdc_qm76_blue"
"frc1446","frc3793","frc2421","2018vagdc_qm8_red"
"frc2199","frc2537","frc449","2018vagdc_qm8_blue"
"frc6504","frc4821","frc2377","2018vagdc_qm9_red"
"frc1885","frc5338","frc4505","2018vagdc_qm9_blue"
"frc1629","frc225","frc3793","2018vagdc_sf1m1_red"
"frc2377","frc116","frc6504","2018vagdc_sf1m1_blue"
"frc1629","frc225","frc3793","2018vagdc_sf1m2_red"
"frc2377","frc116","frc6504","2018vagdc_sf1m2_blue"
"frc1418","frc5338","frc6326","2018vagdc_sf2m1_red"
"frc1885","frc1731","frc4456","2018vagdc_sf2m1_blue"
"frc1418","frc5338","frc6326","2018vagdc_sf2m2_red"
"frc1885","frc1731","frc4456","2018vagdc_sf2m2_blue"
"frc384","frc1262","frc5957","2018vagle_f1m1_red"
"frc1610","frc346","frc401","2018vagle_f1m1_blue"
"frc384","frc1262","frc5957","2018vagle_f1m2_red"
"frc1610","frc346","frc401","2018vagle_f1m2_blue"
"frc384","frc1262","frc5957","2018vagle_qf1m1_red"
"frc3258","frc5950","frc1413","2018vagle_qf1m1_blue"
"frc384","frc1262","frc5957","2018vagle_qf1m2_red"
"frc3258","frc5950","frc1413","2018vagle_qf1m2_blue"
"frc6882","frc1599","frc3136","2018vagle_qf2m1_red"
"frc4795","frc2106","frc1793","2018vagle_qf2m1_blue"
"frc6882","frc1599","frc3136","2018vagle_qf2m2_red"
"frc4795","frc2106","frc1793","2018vagle_qf2m2_blue"
"frc836","frc5804","frc1086","2018vagle_qf3m1_red"
"frc2068","frc1522","frc5279","2018vagle_qf3m1_blue"
"frc836","frc5804","frc1086","2018vagle_qf3m2_red"
"frc2068","frc1522","frc5279","2018vagle_qf3m2_blue"
"frc6802","frc339","frc540","2018vagle_qf4m1_red"
"frc1610","frc346","frc401","2018vagle_qf4m1_blue"
"frc6802","frc339","frc540","2018vagle_qf4m2_red"
"frc1610","frc346","frc401","2018vagle_qf4m2_blue"
"frc836","frc6189","frc2068","2018vagle_qm1_red"
"frc4795","frc1610","frc384","2018vagle_qm1_blue"
"frc1522","frc4795","frc2068","2018vagle_qm10_red"
"frc5279","frc6802","frc384","2018vagle_qm10_blue"
"frc5957","frc3939","frc1086","2018vagle_qm11_red"
"frc1262","frc4286","frc5950","2018vagle_qm11_blue"
"frc6021","frc5954","frc5279","2018vagle_qm12_red"
"frc5804","frc6189","frc1610","2018vagle_qm12_blue"
"frc3939","frc540","frc3361","2018vagle_qm13_red"
"frc1522","frc2106","frc384","2018vagle_qm13_blue"
"frc1413","frc1599","frc1262","2018vagle_qm14_red"
"frc5950","frc6021","frc346","2018vagle_qm14_blue"
"frc2998","frc6802","frc1908","2018vagle_qm15_red"
"frc617","frc5957","frc1598","2018vagle_qm15_blue"
"frc4795","frc836","frc1086","2018vagle_qm16_red"
"frc5954","frc6189","frc1793","2018vagle_qm16_blue"
"frc2068","frc401","frc3136","2018vagle_qm17_red"
"frc5804","frc2028","frc3258","2018vagle_qm17_blue"
"frc6882","frc339","frc5954","2018vagle_qm18_red"
"frc4286","frc5279","frc1599","2018vagle_qm18_blue"
"frc6189","frc5950","frc2998","2018vagle_qm19_red"
"frc401","frc1793","frc540","2018vagle_qm19_blue"
"frc5804","frc1598","frc3361","2018vagle_qm2_red"
"frc6802","frc1793","frc1262","2018vagle_qm2_blue"
"frc2068","frc1908","frc617","2018vagle_qm20_red"
"frc1086","frc1522","frc3361","2018vagle_qm20_blue"
"frc1598","frc6882","frc2028","2018vagle_qm21_red"
"frc384","frc6021","frc5957","2018vagle_qm21_blue"
"frc2106","frc1262","frc5804","2018vagle_qm22_red"
"frc1413","frc836","frc3939","2018vagle_qm22_blue"
"frc6802","frc3136","frc4286","2018vagle_qm23_red"
"frc346","frc4795","frc339","2018vagle_qm23_blue"
"frc5279","frc1086","frc1610","2018vagle_qm24_red"
"frc3258","frc401","frc2998","2018vagle_qm24_blue"
"frc3361","frc3136","frc5950","2018vagle_qm25_red"
"frc2028","frc5954","frc4795","2018vagle_qm25_blue"
"frc6189","frc1908","frc1413","2018vagle_qm26_red"
"frc346","frc1262","frc836","2018vagle_qm26_blue"
"frc6021","frc5804","frc617","2018vagle_qm27_red"
"frc384","frc6882","frc540","2018vagle_qm27_blue"
"frc1598","frc3939","frc1599","2018vagle_qm28_red"
"frc1610","frc2068","frc6802","2018vagle_qm28_blue"
"frc5957","frc3258","frc1793","2018vagle_qm29_red"
"frc4286","frc339","frc1522","2018vagle_qm29_blue"
"frc346","frc5279","frc540","2018vagle_qm3_red"
"frc3939","frc4286","frc5954","2018vagle_qm3_blue"
"frc2106","frc1086","frc6882","2018vagle_qm30_red"
"frc3361","frc6802","frc6021","2018vagle_qm30_blue"
"frc401","frc4795","frc6189","2018vagle_qm31_red"
"frc1908","frc5804","frc1599","2018vagle_qm31_blue"
"frc1793","frc5950","frc2106","2018vagle_qm32_red"
"frc2068","frc5279","frc1598","2018vagle_qm32_blue"
"frc836","frc384","frc4286","2018vagle_qm33_red"
"frc2028","frc1413","frc2998","2018vagle_qm33_blue"
"frc3136","frc5957","frc346","2018vagle_qm34_red"
"frc3939","frc1610","frc1522","2018vagle_qm34_blue"
"frc617","frc5954","frc540","2018vagle_qm35_red"
"frc3258","frc1262","frc339","2018vagle_qm35_blue"
"frc5279","frc6882","frc5804","2018vagle_qm36_red"
"frc1522","frc1598","frc2998","2018vagle_qm36_blue"
"frc836","frc1610","frc3258","2018vagle_qm37_red"
"frc540","frc4286","frc6189","2018vagle_qm37_blue"
"frc4795","frc617","frc1262","2018vagle_qm38_red"
"frc5957","frc2068","frc5950","2018vagle_qm38_blue"
"frc1793","frc3939","frc2028","2018vagle_qm39_red"
"frc6021","frc1908","frc1086","2018vagle_qm39_blue"
"frc5957","frc1413","frc6882","2018vagle_qm4_red"
"frc1599","frc3258","frc2106","2018vagle_qm4_blue"
"frc339","frc3361","frc384","2018vagle_qm40_red"
"frc1599","frc346","frc401","2018vagle_qm40_blue"
"frc6802","frc1413","frc2106","2018vagle_qm41_red"
"frc3136","frc5954","frc1908","2018vagle_qm41_blue"
"frc6189","frc1522","frc5279","2018vagle_qm42_red"
"frc6882","frc1262","frc6021","2018vagle_qm42_blue"
"frc4286","frc2998","frc5957","2018vagle_qm43_red"
"frc540","frc1599","frc2068","2018vagle_qm43_blue"
"frc1793","frc1413","frc4795","2018vagle_qm44_red"
"frc3939","frc2106","frc401","2018vagle_qm44_blue"
"frc384","frc346","frc1598","2018vagle_qm45_red"
"frc3258","frc1086","frc5954","2018vagle_qm45_blue"
"frc1610","frc3361","frc2028","2018vagle_qm46_red"
"frc339","frc5804","frc6802","2018vagle_qm46_blue"
"frc5950","frc617","frc401","2018vagle_qm47_red"
"frc3136","frc836","frc5279","2018vagle_qm47_blue"
"frc1262","frc2028","frc1086","2018vagle_qm48_red"
"frc1610","frc1599","frc5957","2018vagle_qm48_blue"
"frc5954","frc346","frc6802","2018vagle_qm49_red"
"frc6882","frc2068","frc1793","2018vagle_qm49_blue"
"frc401","frc6021","frc2028","2018vagle_qm5_red"
"frc617","frc3136","frc1522","2018vagle_qm5_blue"
"frc540","frc1522","frc836","2018vagle_qm50_red"
"frc3136","frc1598","frc4795","2018vagle_qm50_blue"
"frc6189","frc6021","frc3939","2018vagle_qm51_red"
"frc2998","frc3361","frc617","2018vagle_qm51_blue"
"frc1908","frc2106","frc4286","2018vagle_qm52_red"
"frc384","frc5950","frc5804","2018vagle_qm52_blue"
"frc1413","frc3258","frc2068","2018vagle_qm53_red"
"frc339","frc6189","frc1598","2018vagle_qm53_blue"
"frc1086","frc384","frc1599","2018vagle_qm54_red"
"frc1793","frc1610","frc3136","2018vagle_qm54_blue"
"frc339","frc5957","frc5279","2018vagle_qm55_red"
"frc836","frc2106","frc5954","2018vagle_qm55_blue"
"frc1262","frc2998","frc3939","2018vagle_qm56_red"
"frc1908","frc401","frc6882","2018vagle_qm56_blue"
"frc1522","frc346","frc5804","2018vagle_qm57_red"
"frc2028","frc617","frc4286","2018vagle_qm57_blue"
"frc4795","frc6802","frc5950","2018vagle_qm58_red"
"frc1413","frc540","frc6021","2018vagle_qm58_blue"
"frc1599","frc1793","frc3361","2018vagle_qm59_red"
"frc3258","frc617","frc3939","2018vagle_qm59_blue"
"frc5950","frc339","frc1908","2018vagle_qm6_red"
"frc1086","frc2998","frc1793","2018vagle_qm6_blue"
"frc5279","frc1908","frc1262","2018vagle_qm60_red"
"frc2028","frc540","frc339","2018vagle_qm60_blue"
"frc5804","frc401","frc836","2018vagle_qm61_red"
"frc1086","frc2068","frc346","2018vagle_qm61_blue"
"frc2998","frc384","frc3136","2018vagle_qm62_red"
"frc6802","frc5957","frc6189","2018vagle_qm62_blue"
"frc5954","frc1610","frc1413","2018vagle_qm63_red"
"frc5950","frc6882","frc1522","2018vagle_qm63_blue"
"frc1598","frc3258","frc6021","2018vagle_qm64_red"
"frc4286","frc3361","frc4795","2018vagle_qm64_blue"
"frc2106","frc2028","frc3136","2018vagle_qm65_red"
"frc1262","frc384","frc6189","2018vagle_qm65_blue"
"frc1908","frc1522","frc3258","2018vagle_qm66_red"
"frc1599","frc5950","frc836","2018vagle_qm66_blue"
"frc617","frc1793","frc346","2018vagle_qm67_red"
"frc5954","frc5804","frc5957","2018vagle_qm67_blue"
"frc1610","frc4286","frc401","2018vagle_qm68_red"
"frc6882","frc3939","frc6802","2018vagle_qm68_blue"
"frc2068","frc2998","frc339","2018vagle_qm69_red"
"frc6021","frc4795","frc2106","2018vagle_qm69_blue"
"frc540","frc3136","frc3258","2018vagle_qm7_red"
"frc3361","frc836","frc6882","2018vagle_qm7_blue"
"frc1598","frc1086","frc540","2018vagle_qm70_red"
"frc3361","frc5279","frc1413","2018vagle_qm70_blue"
"frc1599","frc339","frc617","2018vagle_qm8_red"
"frc401","frc1598","frc1413","2018vagle_qm8_blue"
"frc2998","frc2106","frc1610","2018vagle_qm9_red"
"frc346","frc2028","frc1908","2018vagle_qm9_blue"
"frc384","frc1262","frc5957","2018vagle_sf1m1_red"
"frc6882","frc1599","frc3136","2018vagle_sf1m1_blue"
"frc384","frc1262","frc5957","2018vagle_sf1m2_red"
"frc6882","frc1599","frc3136","2018vagle_sf1m2_blue"
"frc384","frc1262","frc5957","2018vagle_sf1m3_red"
"frc6882","frc1599","frc3136","2018vagle_sf1m3_blue"
"frc836","frc5804","frc1086","2018vagle_sf2m1_red"
"frc1610","frc346","frc401","2018vagle_sf2m1_blue"
"frc836","frc5804","frc1086","2018vagle_sf2m2_red"
"frc1610","frc346","frc401","2018vagle_sf2m2_blue"
"frc612","frc4472","frc6504","2018vahay_f1m1_red"
"frc3274","frc422","frc141","2018vahay_f1m1_blue"
"frc612","frc4472","frc6504","2018vahay_f1m2_red"
"frc3274","frc422","frc141","2018vahay_f1m2_blue"
"frc1731","frc5546","frc5549","2018vahay_qf1m1_red"
"frc888","frc620","frc611","2018vahay_qf1m1_blue"
"frc1731","frc5546","frc5549","2018vahay_qf1m2_red"
"frc888","frc620","frc611","2018vahay_qf1m2_blue"
"frc612","frc4472","frc6504","2018vahay_qf2m1_red"
"frc2534","frc3941","frc2988","2018vahay_qf2m1_blue"
"frc612","frc4472","frc6504","2018vahay_qf2m2_red"
"frc2534","frc3941","frc2988","2018vahay_qf2m2_blue"
"frc2363","frc1418","frc122","2018vahay_qf3m1_red"
"frc3274","frc422","frc141","2018vahay_qf3m1_blue"
"frc2363","frc1418","frc122","2018vahay_qf3m2_red"
"frc3274","frc422","frc141","2018vahay_qf3m2_blue"
"frc614","frc316","frc3373","2018vahay_qf4m1_red"
"frc623","frc5338","frc6334","2018vahay_qf4m1_blue"
"frc614","frc316","frc3373","2018vahay_qf4m2_red"
"frc623","frc5338","frc6334","2018vahay_qf4m2_blue"
"frc1418","frc612","frc4472","2018vahay_qm1_red"
"frc888","frc2068","frc316","2018vahay_qm1_blue"
"frc2534","frc141","frc1418","2018vahay_qm10_red"
"frc3373","frc1137","frc122","2018vahay_qm10_blue"
"frc619","frc116","frc686","2018vahay_qm11_red"
"frc4472","frc623","frc5338","2018vahay_qm11_blue"
"frc1895","frc2186","frc5841","2018vahay_qm12_red"
"frc6584","frc316","frc5830","2018vahay_qm12_blue"
"frc4514","frc6893","frc3274","2018vahay_qm13_red"
"frc6543","frc1719","frc1137","2018vahay_qm13_blue"
"frc611","frc5549","frc620","2018vahay_qm14_red"
"frc686","frc612","frc3941","2018vahay_qm14_blue"
"frc5830","frc2363","frc5338","2018vahay_qm15_red"
"frc5546","frc623","frc2068","2018vahay_qm15_blue"
"frc122","frc5841","frc6543","2018vahay_qm16_red"
"frc6334","frc4472","frc619","2018vahay_qm16_blue"
"frc6584","frc1895","frc614","2018vahay_qm17_red"
"frc1418","frc6893","frc116","2018vahay_qm17_blue"
"frc1719","frc3373","frc4514","2018vahay_qm18_red"
"frc1731","frc2186","frc2534","2018vahay_qm18_blue"
"frc422","frc316","frc141","2018vahay_qm19_red"
"frc888","frc2988","frc6504","2018vahay_qm19_blue"
"frc5338","frc1895","frc6504","2018vahay_qm2_red"
"frc122","frc2988","frc6334","2018vahay_qm2_blue"
"frc5841","frc2363","frc116","2018vahay_qm20_red"
"frc6334","frc620","frc686","2018vahay_qm20_blue"
"frc3373","frc2534","frc619","2018vahay_qm21_red"
"frc612","frc5549","frc5830","2018vahay_qm21_blue"
"frc141","frc3274","frc1895","2018vahay_qm22_red"
"frc888","frc614","frc2186","2018vahay_qm22_blue"
"frc1137","frc5546","frc6504","2018vahay_qm23_red"
"frc1731","frc611","frc6584","2018vahay_qm23_blue"
"frc3941","frc2988","frc4514","2018vahay_qm24_red"
"frc6893","frc2068","frc122","2018vahay_qm24_blue"
"frc4472","frc6543","frc422","2018vahay_qm25_red"
"frc5338","frc1418","frc316","2018vahay_qm25_blue"
"frc623","frc6334","frc612","2018vahay_qm26_red"
"frc1719","frc2534","frc888","2018vahay_qm26_blue"
"frc5830","frc1731","frc5546","2018vahay_qm27_red"
"frc5549","frc4514","frc141","2018vahay_qm27_blue"
"frc316","frc686","frc1137","2018vahay_qm28_red"
"frc122","frc422","frc1895","2018vahay_qm28_blue"
"frc1418","frc2186","frc3373","2018vahay_qm29_red"
"frc6543","frc611","frc6893","2018vahay_qm29_blue"
"frc3941","frc422","frc2186","2018vahay_qm3_red"
"frc5549","frc2363","frc2534","2018vahay_qm3_blue"
"frc623","frc1719","frc614","2018vahay_qm30_red"
"frc2068","frc619","frc2363","2018vahay_qm30_blue"
"frc116","frc3274","frc620","2018vahay_qm31_red"
"frc2988","frc5338","frc5841","2018vahay_qm31_blue"
"frc6584","frc6504","frc6893","2018vahay_qm32_red"
"frc1895","frc3941","frc4472","2018vahay_qm32_blue"
"frc5549","frc1731","frc623","2018vahay_qm33_red"
"frc614","frc1137","frc1418","2018vahay_qm33_blue"
"frc5338","frc619","frc4514","2018vahay_qm34_red"
"frc3274","frc422","frc2363","2018vahay_qm34_blue"
"frc620","frc2988","frc2534","2018vahay_qm35_red"
"frc3373","frc6543","frc888","2018vahay_qm35_blue"
"frc611","frc5841","frc316","2018vahay_qm36_red"
"frc2068","frc6334","frc141","2018vahay_qm36_blue"
"frc6504","frc122","frc5830","2018vahay_qm37_red"
"frc612","frc116","frc1719","2018vahay_qm37_blue"
"frc3941","frc6584","frc5546","2018vahay_qm38_red"
"frc4472","frc686","frc2186","2018vahay_qm38_blue"
"frc3373","frc1731","frc422","2018vahay_qm39_red"
"frc2988","frc623","frc1895","2018vahay_qm39_blue"
"frc141","frc620","frc623","2018vahay_qm4_red"
"frc6584","frc116","frc4514","2018vahay_qm4_blue"
"frc620","frc612","frc619","2018vahay_qm40_red"
"frc6893","frc141","frc1137","2018vahay_qm40_blue"
"frc2363","frc888","frc122","2018vahay_qm41_red"
"frc2186","frc116","frc6504","2018vahay_qm41_blue"
"frc6334","frc4514","frc316","2018vahay_qm42_red"
"frc5546","frc686","frc5549","2018vahay_qm42_blue"
"frc5338","frc614","frc2068","2018vahay_qm43_red"
"frc6543","frc2534","frc6584","2018vahay_qm43_blue"
"frc3941","frc611","frc5830","2018vahay_qm44_red"
"frc5841","frc3274","frc1418","2018vahay_qm44_blue"
"frc4472","frc122","frc5549","2018vahay_qm45_red"
"frc1719","frc620","frc2363","2018vahay_qm45_blue"
"frc4514","frc2068","frc2186","2018vahay_qm46_red"
"frc6893","frc6334","frc5546","2018vahay_qm46_blue"
"frc116","frc614","frc6543","2018vahay_qm47_red"
"frc623","frc6504","frc3941","2018vahay_qm47_blue"
"frc2534","frc316","frc612","2018vahay_qm48_red"
"frc3274","frc611","frc4472","2018vahay_qm48_blue"
"frc1137","frc422","frc2988","2018vahay_qm49_red"
"frc686","frc5830","frc1719","2018vahay_qm49_blue"
"frc5546","frc5841","frc1719","2018vahay_qm5_red"
"frc614","frc3373","frc611","2018vahay_qm5_blue"
"frc888","frc1418","frc1731","2018vahay_qm50_red"
"frc619","frc6584","frc5841","2018vahay_qm50_blue"
"frc141","frc5338","frc611","2018vahay_qm51_red"
"frc1895","frc3373","frc6893","2018vahay_qm51_blue"
"frc623","frc686","frc122","2018vahay_qm52_red"
"frc614","frc2534","frc3941","2018vahay_qm52_blue"
"frc1137","frc6584","frc3274","2018vahay_qm53_red"
"frc316","frc5549","frc116","2018vahay_qm53_blue"
"frc1895","frc5830","frc888","2018vahay_qm54_red"
"frc4514","frc2363","frc6543","2018vahay_qm54_blue"
"frc6504","frc3373","frc5841","2018vahay_qm55_red"
"frc612","frc5546","frc5338","2018vahay_qm55_blue"
"frc2068","frc4472","frc2988","2018vahay_qm56_red"
"frc2186","frc619","frc141","2018vahay_qm56_blue"
"frc1731","frc1719","frc6334","2018vahay_qm57_red"
"frc620","frc1418","frc422","2018vahay_qm57_blue"
"frc612","frc888","frc6584","2018vahay_qm58_red"
"frc2363","frc3941","frc3373","2018vahay_qm58_blue"
"frc2068","frc5549","frc6543","2018vahay_qm59_red"
"frc6504","frc141","frc686","2018vahay_qm59_blue"
"frc686","frc1731","frc6893","2018vahay_qm6_red"
"frc6543","frc5830","frc3274","2018vahay_qm6_blue"
"frc611","frc1719","frc1895","2018vahay_qm60_red"
"frc620","frc5338","frc1731","2018vahay_qm60_blue"
"frc2988","frc5546","frc116","2018vahay_qm61_red"
"frc2534","frc1137","frc6334","2018vahay_qm61_blue"
"frc6893","frc4472","frc614","2018vahay_qm62_red"
"frc5841","frc4514","frc422","2018vahay_qm62_blue"
"frc122","frc2186","frc3274","2018vahay_qm63_red"
"frc1418","frc5830","frc623","2018vahay_qm63_blue"
"frc619","frc3941","frc1719","2018vahay_qm64_red"
"frc316","frc1895","frc5546","2018vahay_qm64_blue"
"frc116","frc2068","frc3373","2018vahay_qm65_red"
"frc4514","frc4472","frc1731","2018vahay_qm65_blue"
"frc686","frc6543","frc5338","2018vahay_qm66_red"
"frc2186","frc1137","frc612","2018vahay_qm66_blue"
"frc422","frc6584","frc623","2018vahay_qm67_red"
"frc619","frc122","frc611","2018vahay_qm67_blue"
"frc5830","frc6893","frc2534","2018vahay_qm68_red"
"frc316","frc6504","frc620","2018vahay_qm68_blue"
"frc3274","frc888","frc6334","2018vahay_qm69_red"
"frc614","frc2988","frc5549","2018vahay_qm69_blue"
"frc1137","frc620","frc2068","2018vahay_qm7_red"
"frc422","frc888","frc619","2018vahay_qm7_blue"
"frc2363","frc1418","frc686","2018vahay_qm70_red"
"frc5841","frc141","frc612","2018vahay_qm70_blue"
"frc2186","frc5546","frc6543","2018vahay_qm71_red"
"frc116","frc122","frc1731","2018vahay_qm71_blue"
"frc5830","frc6334","frc614","2018vahay_qm72_red"
"frc620","frc4472","frc6584","2018vahay_qm72_blue"
"frc5549","frc1895","frc1137","2018vahay_qm73_red"
"frc2534","frc5841","frc2068","2018vahay_qm73_blue"
"frc2988","frc619","frc1418","2018vahay_qm74_red"
"frc6504","frc4514","frc611","2018vahay_qm74_blue"
"frc141","frc3941","frc888","2018vahay_qm75_red"
"frc422","frc5338","frc1719","2018vahay_qm75_blue"
"frc2363","frc316","frc6893","2018vahay_qm76_red"
"frc3274","frc623","frc3373","2018vahay_qm76_blue"
"frc611","frc612","frc2988","2018vahay_qm8_red"
"frc5546","frc614","frc2363","2018vahay_qm8_blue"
"frc6334","frc6504","frc5549","2018vahay_qm9_red"
"frc1731","frc3274","frc3941","2018vahay_qm9_blue"
"frc1731","frc5546","frc5549","2018vahay_sf1m1_red"
"frc612","frc4472","frc6504","2018vahay_sf1m1_blue"
"frc1731","frc5546","frc5549","2018vahay_sf1m2_red"
"frc612","frc4472","frc6504","2018vahay_sf1m2_blue"
"frc1731","frc5546","frc5549","2018vahay_sf1m3_red"
"frc612","frc4472","frc6504","2018vahay_sf1m3_blue"
"frc3274","frc422","frc141","2018vahay_sf2m1_red"
"frc614","frc316","frc3373","2018vahay_sf2m1_blue"
"frc3274","frc422","frc141","2018vahay_sf2m2_red"
"frc614","frc316","frc3373","2018vahay_sf2m2_blue"
"frc122","frc5724","frc2028","2018vapor_f1m1_red"
"frc5546","frc6334","frc977","2018vapor_f1m1_blue"
"frc122","frc5724","frc2028","2018vapor_f1m2_red"
"frc5546","frc6334","frc977","2018vapor_f1m2_blue"
"frc122","frc5724","frc2028","2018vapor_f1m3_red"
"frc5546","frc6334","frc977","2018vapor_f1m3_blue"
"frc2363","frc3072","frc5950","2018vapor_qf1m1_red"
"frc2998","frc6189","frc6882","2018vapor_qf1m1_blue"
"frc2363","frc3072","frc5950","2018vapor_qf1m2_red"
"frc2998","frc6189","frc6882","2018vapor_qf1m2_blue"
"frc122","frc5724","frc2028","2018vapor_qf2m1_red"
"frc5804","frc6194","frc1080","2018vapor_qf2m1_blue"
"frc122","frc5724","frc2028","2018vapor_qf2m2_red"
"frc5804","frc6194","frc1080","2018vapor_qf2m2_blue"
"frc122","frc5724","frc2028","2018vapor_qf2m3_red"
"frc5804","frc6194","frc1080","2018vapor_qf2m3_blue"
"frc5546","frc6334","frc977","2018vapor_qf3m1_red"
"frc1522","frc2890","frc1137","2018vapor_qf3m1_blue"
"frc5546","frc6334","frc977","2018vapor_qf3m2_red"
"frc1522","frc2890","frc1137","2018vapor_qf3m2_blue"
"frc422","frc1610","frc3359","2018vapor_qf4m1_red"
"frc4638","frc3136","frc5957","2018vapor_qf4m1_blue"
"frc422","frc1610","frc3359","2018vapor_qf4m2_red"
"frc4638","frc3136","frc5957","2018vapor_qf4m2_blue"
"frc2363","frc2998","frc1137","2018vapor_qm1_red"
"frc5957","frc2890","frc617","2018vapor_qm1_blue"
"frc2028","frc6189","frc5954","2018vapor_qm10_red"
"frc1522","frc977","frc617","2018vapor_qm10_blue"
"frc1446","frc1793","frc4286","2018vapor_qm11_red"
"frc3359","frc3072","frc6882","2018vapor_qm11_blue"
"frc422","frc122","frc5724","2018vapor_qm12_red"
"frc6312","frc1137","frc5546","2018vapor_qm12_blue"
"frc1080","frc6194","frc5957","2018vapor_qm13_red"
"frc6021","frc5954","frc6334","2018vapor_qm13_blue"
"frc617","frc3136","frc1908","2018vapor_qm14_red"
"frc2998","frc6882","frc1793","2018vapor_qm14_blue"
"frc3072","frc2363","frc3389","2018vapor_qm15_red"
"frc1137","frc3359","frc977","2018vapor_qm15_blue"
"frc5724","frc1446","frc5546","2018vapor_qm16_red"
"frc5804","frc1080","frc5950","2018vapor_qm16_blue"
"frc4638","frc1610","frc2028","2018vapor_qm17_red"
"frc7330","frc6312","frc435","2018vapor_qm17_blue"
"frc539","frc6021","frc2890","2018vapor_qm18_red"
"frc1522","frc2068","frc122","2018vapor_qm18_blue"
"frc977","frc6189","frc422","2018vapor_qm19_red"
"frc4286","frc1908","frc6334","2018vapor_qm19_blue"
"frc2028","frc6021","frc4286","2018vapor_qm2_red"
"frc6194","frc3389","frc3136","2018vapor_qm2_blue"
"frc6312","frc3136","frc4638","2018vapor_qm20_red"
"frc3359","frc1793","frc6194","2018vapor_qm20_blue"
"frc2998","frc435","frc5954","2018vapor_qm21_red"
"frc5724","frc2028","frc3389","2018vapor_qm21_blue"
"frc3072","frc2068","frc1610","2018vapor_qm22_red"
"frc6021","frc5957","frc422","2018vapor_qm22_blue"
"frc1137","frc5950","frc2890","2018vapor_qm23_red"
"frc539","frc1080","frc6189","2018vapor_qm23_blue"
"frc5546","frc1522","frc7330","2018vapor_qm24_red"
"frc617","frc5804","frc4286","2018vapor_qm24_blue"
"frc2363","frc6882","frc5724","2018vapor_qm25_red"
"frc6312","frc1446","frc122","2018vapor_qm25_blue"
"frc977","frc1610","frc6021","2018vapor_qm26_red"
"frc2068","frc1137","frc539","2018vapor_qm26_blue"
"frc1522","frc4638","frc5950","2018vapor_qm27_red"
"frc3072","frc2890","frc2998","2018vapor_qm27_blue"
"frc122","frc5954","frc7330","2018vapor_qm28_red"
"frc6882","frc422","frc1446","2018vapor_qm28_blue"
"frc1793","frc2028","frc1908","2018vapor_qm29_red"
"frc5546","frc6334","frc1080","2018vapor_qm29_blue"
"frc6312","frc3072","frc5950","2018vapor_qm3_red"
"frc5804","frc1522","frc1908","2018vapor_qm3_blue"
"frc6194","frc617","frc435","2018vapor_qm30_red"
"frc5957","frc3359","frc5804","2018vapor_qm30_blue"
"frc4286","frc3389","frc6189","2018vapor_qm31_red"
"frc3136","frc2363","frc1610","2018vapor_qm31_blue"
"frc1446","frc2998","frc5950","2018vapor_qm32_red"
"frc5724","frc6312","frc977","2018vapor_qm32_blue"
"frc422","frc3072","frc6194","2018vapor_qm33_red"
"frc435","frc122","frc539","2018vapor_qm33_blue"
"frc6021","frc1908","frc2068","2018vapor_qm34_red"
"frc2363","frc2028","frc617","2018vapor_qm34_blue"
"frc6334","frc5957","frc1137","2018vapor_qm35_red"
"frc4286","frc7330","frc3136","2018vapor_qm35_blue"
"frc5954","frc5804","frc1793","2018vapor_qm36_red"
"frc2890","frc6189","frc5546","2018vapor_qm36_blue"
"frc1080","frc4638","frc6882","2018vapor_qm37_red"
"frc3389","frc3359","frc1522","2018vapor_qm37_blue"
"frc7330","frc2998","frc6334","2018vapor_qm38_red"
"frc539","frc2363","frc6312","2018vapor_qm38_blue"
"frc1610","frc4286","frc122","2018vapor_qm39_red"
"frc1908","frc5950","frc5954","2018vapor_qm39_blue"
"frc6334","frc539","frc422","2018vapor_qm4_red"
"frc4638","frc5724","frc3359","2018vapor_qm4_blue"
"frc1446","frc617","frc3359","2018vapor_qm40_red"
"frc3136","frc422","frc1080","2018vapor_qm40_blue"
"frc5724","frc2890","frc6194","2018vapor_qm41_red"
"frc5546","frc3389","frc6882","2018vapor_qm41_blue"
"frc5804","frc435","frc977","2018vapor_qm42_red"
"frc6021","frc1793","frc4638","2018vapor_qm42_blue"
"frc2068","frc5957","frc2028","2018vapor_qm43_red"
"frc3072","frc6189","frc1137","2018vapor_qm43_blue"
"frc1522","frc1080","frc1446","2018vapor_qm44_red"
"frc6194","frc7330","frc2363","2018vapor_qm44_blue"
"frc977","frc5546","frc4286","2018vapor_qm45_red"
"frc1610","frc617","frc539","2018vapor_qm45_blue"
"frc5950","frc5724","frc5957","2018vapor_qm46_red"
"frc1793","frc2068","frc2890","2018vapor_qm46_blue"
"frc1908","frc3359","frc6312","2018vapor_qm47_red"
"frc6189","frc5804","frc6021","2018vapor_qm47_blue"
"frc2028","frc1522","frc2998","2018vapor_qm48_red"
"frc1137","frc422","frc435","2018vapor_qm48_blue"
"frc5954","frc3136","frc6882","2018vapor_qm49_red"
"frc4638","frc6334","frc3072","2018vapor_qm49_blue"
"frc5546","frc5954","frc1610","2018vapor_qm5_red"
"frc6882","frc435","frc2068","2018vapor_qm5_blue"
"frc122","frc6194","frc5804","2018vapor_qm50_red"
"frc3389","frc1610","frc1793","2018vapor_qm50_blue"
"frc2068","frc4286","frc6312","2018vapor_qm51_red"
"frc2890","frc1446","frc2028","2018vapor_qm51_blue"
"frc1137","frc5724","frc3136","2018vapor_qm52_red"
"frc1908","frc4638","frc7330","2018vapor_qm52_blue"
"frc6334","frc122","frc3359","2018vapor_qm53_red"
"frc5957","frc977","frc2998","2018vapor_qm53_blue"
"frc617","frc3389","frc422","2018vapor_qm54_red"
"frc5950","frc6882","frc6189","2018vapor_qm54_blue"
"frc435","frc5546","frc3072","2018vapor_qm55_red"
"frc1080","frc6021","frc2363","2018vapor_qm55_blue"
"frc539","frc1522","frc1793","2018vapor_qm56_red"
"frc5954","frc1446","frc1137","2018vapor_qm56_blue"
"frc3389","frc6334","frc6312","2018vapor_qm57_red"
"frc617","frc5950","frc2068","2018vapor_qm57_blue"
"frc6882","frc6021","frc6194","2018vapor_qm58_red"
"frc6189","frc2998","frc5724","2018vapor_qm58_blue"
"frc422","frc2363","frc5804","2018vapor_qm59_red"
"frc3136","frc977","frc3072","2018vapor_qm59_blue"
"frc7330","frc1080","frc977","2018vapor_qm6_red"
"frc122","frc1793","frc6189","2018vapor_qm6_blue"
"frc1080","frc1908","frc122","2018vapor_qm60_red"
"frc435","frc4286","frc4638","2018vapor_qm60_blue"
"frc5954","frc5957","frc1522","2018vapor_qm61_red"
"frc2890","frc1610","frc3359","2018vapor_qm61_blue"
"frc7330","frc539","frc3072","2018vapor_qm62_red"
"frc2028","frc5546","frc3136","2018vapor_qm62_blue"
"frc3389","frc1137","frc6021","2018vapor_qm63_red"
"frc435","frc6334","frc1446","2018vapor_qm63_blue"
"frc1793","frc5724","frc1080","2018vapor_qm64_red"
"frc1610","frc422","frc1522","2018vapor_qm64_blue"
"frc3359","frc5546","frc2363","2018vapor_qm65_red"
"frc2028","frc5950","frc7330","2018vapor_qm65_blue"
"frc6189","frc6312","frc617","2018vapor_qm66_red"
"frc4638","frc122","frc5957","2018vapor_qm66_blue"
"frc6882","frc2890","frc1908","2018vapor_qm67_red"
"frc6194","frc977","frc539","2018vapor_qm67_blue"
"frc2998","frc2068","frc5804","2018vapor_qm68_red"
"frc4286","frc5954","frc1080","2018vapor_qm68_blue"
"frc6334","frc617","frc1793","2018vapor_qm69_red"
"frc5724","frc3072","frc1522","2018vapor_qm69_blue"
"frc1446","frc4638","frc3389","2018vapor_qm7_red"
"frc1908","frc2363","frc5957","2018vapor_qm7_blue"
"frc3359","frc7330","frc6021","2018vapor_qm70_red"
"frc977","frc1908","frc3389","2018vapor_qm70_blue"
"frc1610","frc5804","frc6882","2018vapor_qm71_red"
"frc122","frc1137","frc2028","2018vapor_qm71_blue"
"frc5957","frc3136","frc435","2018vapor_qm72_red"
"frc5950","frc539","frc5546","2018vapor_qm72_blue"
"frc2890","frc4286","frc2363","2018vapor_qm73_red"
"frc422","frc6312","frc5954","2018vapor_qm73_blue"
"frc6189","frc2068","frc1446","2018vapor_qm74_red"
"frc2998","frc6194","frc4638","2018vapor_qm74_blue"
"frc5950","frc435","frc1610","2018vapor_qm8_red"
"frc2068","frc6194","frc6334","2018vapor_qm8_blue"
"frc3136","frc539","frc2998","2018vapor_qm9_red"
"frc5804","frc7330","frc2890","2018vapor_qm9_blue"
"frc2363","frc3072","frc5950","2018vapor_sf1m1_red"
"frc122","frc5724","frc2028","2018vapor_sf1m1_blue"
"frc2363","frc3072","frc5950","2018vapor_sf1m2_red"
"frc122","frc5724","frc2028","2018vapor_sf1m2_blue"
"frc2363","frc3072","frc5950","2018vapor_sf1m3_red"
"frc122","frc5724","frc2028","2018vapor_sf1m3_blue"
"frc5546","frc6334","frc977","2018vapor_sf2m1_red"
"frc422","frc1610","frc3359","2018vapor_sf2m1_blue"
"frc5546","frc6334","frc977","2018vapor_sf2m2_red"
"frc422","frc1610","frc3359","2018vapor_sf2m2_blue"
