"frc2363","frc612","frc1731","2019vahay_f1m1_red","f","2019vahay"
"frc1418","frc614","frc6543","2019vahay_f1m1_blue","f","2019vahay"
"frc2363","frc612","frc1731","2019vahay_f1m2_red","f","2019vahay"
"frc1418","frc614","frc6543","2019vahay_f1m2_blue","f","2019vahay"
"frc2363","frc612","frc1731","2019vahay_f1m3_red","f","2019vahay"
"frc1418","frc614","frc6543","2019vahay_f1m3_blue","f","2019vahay"
"frc2363","frc612","frc1731","2019vahay_qf1m1_red","qf","2019vahay"
"frc2988","frc116","frc611","2019vahay_qf1m1_blue","qf","2019vahay"
"frc2363","frc612","frc1731","2019vahay_qf1m2_red","qf","2019vahay"
"frc2988","frc116","frc611","2019vahay_qf1m2_blue","qf","2019vahay"
"frc2363","frc612","frc1731","2019vahay_qf1m3_red","qf","2019vahay"
"frc2988","frc116","frc611","2019vahay_qf1m3_blue","qf","2019vahay"
"frc4099","frc5338","frc4505","2019vahay_qf2m1_red","qf","2019vahay"
"frc4242","frc339","frc2186","2019vahay_qf2m1_blue","qf","2019vahay"
"frc4099","frc5338","frc4505","2019vahay_qf2m2_red","qf","2019vahay"
"frc4242","frc339","frc2186","2019vahay_qf2m2_blue","qf","2019vahay"
"frc1418","frc614","frc6543","2019vahay_qf3m1_red","qf","2019vahay"
"frc888","frc2028","frc3455","2019vahay_qf3m1_blue","qf","2019vahay"
"frc1418","frc614","frc6543","2019vahay_qf3m2_red","qf","2019vahay"
"frc888","frc2028","frc3455","2019vahay_qf3m2_blue","qf","2019vahay"
"frc1418","frc614","frc6543","2019vahay_qf3m3_red","qf","2019vahay"
"frc888","frc2028","frc3455","2019vahay_qf3m3_blue","qf","2019vahay"
"frc2199","frc2534","frc5549","2019vahay_qf4m1_red","qf","2019vahay"
"frc1629","frc1719","frc1895","2019vahay_qf4m1_blue","qf","2019vahay"
"frc2199","frc2534","frc5549","2019vahay_qf4m2_red","qf","2019vahay"
"frc1629","frc1719","frc1895","2019vahay_qf4m2_blue","qf","2019vahay"
"frc2199","frc2534","frc5549","2019vahay_qf4m3_red","qf","2019vahay"
"frc1629","frc1719","frc1895","2019vahay_qf4m3_blue","qf","2019vahay"
"frc4505","frc2988","frc3941","2019vahay_qm1_red","qm","2019vahay"
"frc620","frc339","frc5338","2019vahay_qm1_blue","qm","2019vahay"
"frc2421","frc3941","frc1719","2019vahay_qm10_red","qm","2019vahay"
"frc2028","frc316","frc2363","2019vahay_qm10_blue","qm","2019vahay"
"frc623","frc1418","frc4464","2019vahay_qm11_red","qm","2019vahay"
"frc3274","frc339","frc2534","2019vahay_qm11_blue","qm","2019vahay"
"frc2961","frc5338","frc4242","2019vahay_qm12_red","qm","2019vahay"
"frc888","frc2186","frc5549","2019vahay_qm12_blue","qm","2019vahay"
"frc6543","frc1629","frc2819","2019vahay_qm13_red","qm","2019vahay"
"frc611","frc612","frc6584","2019vahay_qm13_blue","qm","2019vahay"
"frc116","frc2363","frc623","2019vahay_qm14_red","qm","2019vahay"
"frc1123","frc620","frc4505","2019vahay_qm14_blue","qm","2019vahay"
"frc5549","frc2534","frc4099","2019vahay_qm15_red","qm","2019vahay"
"frc614","frc339","frc2421","2019vahay_qm15_blue","qm","2019vahay"
"frc316","frc888","frc1731","2019vahay_qm16_red","qm","2019vahay"
"frc1629","frc6504","frc6584","2019vahay_qm16_blue","qm","2019vahay"
"frc2028","frc3373","frc2988","2019vahay_qm17_red","qm","2019vahay"
"frc4464","frc3941","frc3274","2019vahay_qm17_blue","qm","2019vahay"
"frc1895","frc611","frc2199","2019vahay_qm18_red","qm","2019vahay"
"frc5338","frc3455","frc2186","2019vahay_qm18_blue","qm","2019vahay"
"frc2961","frc1719","frc1418","2019vahay_qm19_red","qm","2019vahay"
"frc4242","frc6543","frc6863","2019vahay_qm19_blue","qm","2019vahay"
"frc2186","frc614","frc612","2019vahay_qm2_red","qm","2019vahay"
"frc6504","frc1418","frc3373","2019vahay_qm2_blue","qm","2019vahay"
"frc4099","frc1629","frc614","2019vahay_qm20_red","qm","2019vahay"
"frc623","frc888","frc620","2019vahay_qm20_blue","qm","2019vahay"
"frc2363","frc612","frc2534","2019vahay_qm21_red","qm","2019vahay"
"frc4464","frc1895","frc2028","2019vahay_qm21_blue","qm","2019vahay"
"frc1418","frc2199","frc116","2019vahay_qm22_red","qm","2019vahay"
"frc6504","frc6543","frc611","2019vahay_qm22_blue","qm","2019vahay"
"frc6584","frc1719","frc5338","2019vahay_qm23_red","qm","2019vahay"
"frc3373","frc5549","frc3941","2019vahay_qm23_blue","qm","2019vahay"
"frc6863","frc339","frc316","2019vahay_qm24_red","qm","2019vahay"
"frc1123","frc2186","frc2819","2019vahay_qm24_blue","qm","2019vahay"
"frc4505","frc1731","frc3455","2019vahay_qm25_red","qm","2019vahay"
"frc2961","frc3274","frc2988","2019vahay_qm25_blue","qm","2019vahay"
"frc2421","frc5549","frc620","2019vahay_qm26_red","qm","2019vahay"
"frc4242","frc623","frc1629","2019vahay_qm26_blue","qm","2019vahay"
"frc2186","frc6504","frc6863","2019vahay_qm27_red","qm","2019vahay"
"frc612","frc1123","frc5338","2019vahay_qm27_blue","qm","2019vahay"
"frc4464","frc2961","frc116","2019vahay_qm28_red","qm","2019vahay"
"frc1418","frc2363","frc614","2019vahay_qm28_blue","qm","2019vahay"
"frc2819","frc2988","frc1719","2019vahay_qm29_red","qm","2019vahay"
"frc1731","frc2534","frc2199","2019vahay_qm29_blue","qm","2019vahay"
"frc611","frc1731","frc3274","2019vahay_qm3_red","qm","2019vahay"
"frc623","frc1719","frc2199","2019vahay_qm3_blue","qm","2019vahay"
"frc3274","frc6584","frc3373","2019vahay_qm30_red","qm","2019vahay"
"frc339","frc1895","frc4505","2019vahay_qm30_blue","qm","2019vahay"
"frc2421","frc4099","frc6543","2019vahay_qm31_red","qm","2019vahay"
"frc3455","frc2028","frc4242","2019vahay_qm31_blue","qm","2019vahay"
"frc3941","frc316","frc1629","2019vahay_qm32_red","qm","2019vahay"
"frc888","frc611","frc614","2019vahay_qm32_blue","qm","2019vahay"
"frc6504","frc5549","frc1123","2019vahay_qm33_red","qm","2019vahay"
"frc2186","frc4464","frc3373","2019vahay_qm33_blue","qm","2019vahay"
"frc6584","frc6863","frc2363","2019vahay_qm34_red","qm","2019vahay"
"frc2199","frc3274","frc4242","2019vahay_qm34_blue","qm","2019vahay"
"frc2988","frc4099","frc339","2019vahay_qm35_red","qm","2019vahay"
"frc2819","frc116","frc2028","2019vahay_qm35_blue","qm","2019vahay"
"frc1731","frc623","frc1895","2019vahay_qm36_red","qm","2019vahay"
"frc3941","frc1418","frc888","2019vahay_qm36_blue","qm","2019vahay"
"frc620","frc316","frc611","2019vahay_qm37_red","qm","2019vahay"
"frc3455","frc612","frc2961","2019vahay_qm37_blue","qm","2019vahay"
"frc4505","frc2421","frc5338","2019vahay_qm38_red","qm","2019vahay"
"frc6543","frc2534","frc1719","2019vahay_qm38_blue","qm","2019vahay"
"frc4099","frc1895","frc4242","2019vahay_qm39_red","qm","2019vahay"
"frc6863","frc1731","frc4464","2019vahay_qm39_blue","qm","2019vahay"
"frc2534","frc6584","frc3455","2019vahay_qm4_red","qm","2019vahay"
"frc6863","frc116","frc1123","2019vahay_qm4_blue","qm","2019vahay"
"frc620","frc3455","frc3274","2019vahay_qm40_red","qm","2019vahay"
"frc316","frc612","frc5549","2019vahay_qm40_blue","qm","2019vahay"
"frc6504","frc2961","frc623","2019vahay_qm41_red","qm","2019vahay"
"frc116","frc1719","frc339","2019vahay_qm41_blue","qm","2019vahay"
"frc1418","frc2186","frc4505","2019vahay_qm42_red","qm","2019vahay"
"frc3941","frc2819","frc6584","2019vahay_qm42_blue","qm","2019vahay"
"frc3373","frc2534","frc888","2019vahay_qm43_red","qm","2019vahay"
"frc2421","frc611","frc2988","2019vahay_qm43_blue","qm","2019vahay"
"frc6543","frc1123","frc2199","2019vahay_qm44_red","qm","2019vahay"
"frc5338","frc614","frc2028","2019vahay_qm44_blue","qm","2019vahay"
"frc116","frc1629","frc612","2019vahay_qm45_red","qm","2019vahay"
"frc2363","frc1731","frc2186","2019vahay_qm45_blue","qm","2019vahay"
"frc2819","frc2421","frc3274","2019vahay_qm46_red","qm","2019vahay"
"frc1719","frc4505","frc6504","2019vahay_qm46_blue","qm","2019vahay"
"frc2534","frc2028","frc1418","2019vahay_qm47_red","qm","2019vahay"
"frc2199","frc888","frc3455","2019vahay_qm47_blue","qm","2019vahay"
"frc339","frc611","frc1123","2019vahay_qm48_red","qm","2019vahay"
"frc1895","frc620","frc6543","2019vahay_qm48_blue","qm","2019vahay"
"frc1629","frc6863","frc5549","2019vahay_qm49_red","qm","2019vahay"
"frc2988","frc5338","frc4464","2019vahay_qm49_blue","qm","2019vahay"
"frc6543","frc4464","frc888","2019vahay_qm5_red","qm","2019vahay"
"frc4099","frc2819","frc2363","2019vahay_qm5_blue","qm","2019vahay"
"frc4242","frc3373","frc2363","2019vahay_qm50_red","qm","2019vahay"
"frc316","frc614","frc6584","2019vahay_qm50_blue","qm","2019vahay"
"frc4099","frc623","frc612","2019vahay_qm51_red","qm","2019vahay"
"frc2961","frc3941","frc1123","2019vahay_qm51_blue","qm","2019vahay"
"frc1895","frc3274","frc888","2019vahay_qm52_red","qm","2019vahay"
"frc2988","frc6543","frc116","2019vahay_qm52_blue","qm","2019vahay"
"frc2819","frc4464","frc3455","2019vahay_qm53_red","qm","2019vahay"
"frc1719","frc4242","frc614","2019vahay_qm53_blue","qm","2019vahay"
"frc3373","frc2199","frc316","2019vahay_qm54_red","qm","2019vahay"
"frc4505","frc5549","frc623","2019vahay_qm54_blue","qm","2019vahay"
"frc2363","frc5338","frc6504","2019vahay_qm55_red","qm","2019vahay"
"frc611","frc4099","frc1418","2019vahay_qm55_blue","qm","2019vahay"
"frc1629","frc2961","frc339","2019vahay_qm56_red","qm","2019vahay"
"frc2534","frc3941","frc6863","2019vahay_qm56_blue","qm","2019vahay"
"frc2028","frc2186","frc2421","2019vahay_qm57_red","qm","2019vahay"
"frc6584","frc620","frc1731","2019vahay_qm57_blue","qm","2019vahay"
"frc3274","frc1123","frc623","2019vahay_qm58_red","qm","2019vahay"
"frc5549","frc2819","frc611","2019vahay_qm58_blue","qm","2019vahay"
"frc2988","frc4242","frc2534","2019vahay_qm59_red","qm","2019vahay"
"frc3941","frc6504","frc1895","2019vahay_qm59_blue","qm","2019vahay"
"frc5549","frc2028","frc2961","2019vahay_qm6_red","qm","2019vahay"
"frc1895","frc2421","frc1629","2019vahay_qm6_blue","qm","2019vahay"
"frc620","frc4464","frc612","2019vahay_qm60_red","qm","2019vahay"
"frc2199","frc6584","frc2421","2019vahay_qm60_blue","qm","2019vahay"
"frc339","frc3455","frc6543","2019vahay_qm61_red","qm","2019vahay"
"frc1731","frc3373","frc1629","2019vahay_qm61_blue","qm","2019vahay"
"frc2186","frc316","frc1719","2019vahay_qm62_red","qm","2019vahay"
"frc888","frc116","frc4099","2019vahay_qm62_blue","qm","2019vahay"
"frc5338","frc6863","frc1418","2019vahay_qm63_red","qm","2019vahay"
"frc2363","frc4505","frc2961","2019vahay_qm63_blue","qm","2019vahay"
"frc614","frc2199","frc6504","2019vahay_qm64_red","qm","2019vahay"
"frc1629","frc2028","frc3274","2019vahay_qm64_blue","qm","2019vahay"
"frc888","frc4242","frc2819","2019vahay_qm65_red","qm","2019vahay"
"frc612","frc3373","frc339","2019vahay_qm65_blue","qm","2019vahay"
"frc5549","frc6584","frc4464","2019vahay_qm66_red","qm","2019vahay"
"frc1731","frc2961","frc6543","2019vahay_qm66_blue","qm","2019vahay"
"frc5338","frc116","frc3941","2019vahay_qm67_red","qm","2019vahay"
"frc3455","frc623","frc6863","2019vahay_qm67_blue","qm","2019vahay"
"frc2534","frc1895","frc2186","2019vahay_qm68_red","qm","2019vahay"
"frc1719","frc2363","frc620","2019vahay_qm68_blue","qm","2019vahay"
"frc1123","frc614","frc2988","2019vahay_qm69_red","qm","2019vahay"
"frc316","frc1418","frc2421","2019vahay_qm69_blue","qm","2019vahay"
"frc4242","frc6504","frc1731","2019vahay_qm7_red","qm","2019vahay"
"frc1123","frc3455","frc316","2019vahay_qm7_blue","qm","2019vahay"
"frc611","frc4505","frc3373","2019vahay_qm70_red","qm","2019vahay"
"frc2028","frc4099","frc1731","2019vahay_qm70_blue","qm","2019vahay"
"frc614","frc620","frc116","2019vahay_qm8_red","qm","2019vahay"
"frc3373","frc6863","frc2819","2019vahay_qm8_blue","qm","2019vahay"
"frc612","frc2988","frc1895","2019vahay_qm9_red","qm","2019vahay"
"frc2199","frc4505","frc4099","2019vahay_qm9_blue","qm","2019vahay"
"frc2363","frc612","frc1731","2019vahay_sf1m1_red","sf","2019vahay"
"frc4099","frc5338","frc4505","2019vahay_sf1m1_blue","sf","2019vahay"
"frc2363","frc612","frc1731","2019vahay_sf1m2_red","sf","2019vahay"
"frc4099","frc5338","frc4505","2019vahay_sf1m2_blue","sf","2019vahay"
"frc2363","frc612","frc1731","2019vahay_sf1m3_red","sf","2019vahay"
"frc4099","frc5338","frc4505","2019vahay_sf1m3_blue","sf","2019vahay"
"frc1418","frc614","frc6543","2019vahay_sf2m1_red","sf","2019vahay"
"frc2199","frc2534","frc5549","2019vahay_sf2m1_blue","sf","2019vahay"
"frc1418","frc614","frc6543","2019vahay_sf2m2_red","sf","2019vahay"
"frc2199","frc2534","frc5549","2019vahay_sf2m2_blue","sf","2019vahay"
"frc1418","frc614","frc6543","2019vahay_sf2m3_red","sf","2019vahay"
"frc2199","frc2534","frc5549","2019vahay_sf2m3_blue","sf","2019vahay"
"frc1262","frc346","frc6882","2019vagle_f1m1_red","f","2019vagle"
"frc1610","frc384","frc3359","2019vagle_f1m1_blue","f","2019vagle"
"frc1262","frc346","frc6882","2019vagle_f1m2_red","f","2019vagle"
"frc1610","frc384","frc3359","2019vagle_f1m2_blue","f","2019vagle"
"frc1262","frc346","frc539","2019vagle_qf1m1_red","qf","2019vagle"
"frc122","frc619","frc5957","2019vagle_qf1m1_blue","qf","2019vagle"
"frc1262","frc346","frc539","2019vagle_qf1m2_red","qf","2019vagle"
"frc122","frc619","frc5957","2019vagle_qf1m2_blue","qf","2019vagle"
"frc2106","frc1599","frc5804","2019vagle_qf2m1_red","qf","2019vagle"
"frc5546","frc2998","frc1793","2019vagle_qf2m1_blue","qf","2019vagle"
"frc2106","frc1599","frc5804","2019vagle_qf2m2_red","qf","2019vagle"
"frc5546","frc2998","frc1793","2019vagle_qf2m2_blue","qf","2019vagle"
"frc2106","frc1599","frc5804","2019vagle_qf2m3_red","qf","2019vagle"
"frc5546","frc2998","frc1793","2019vagle_qf2m3_blue","qf","2019vagle"
"frc977","frc6802","frc540","2019vagle_qf3m1_red","qf","2019vagle"
"frc3136","frc1908","frc1413","2019vagle_qf3m1_blue","qf","2019vagle"
"frc977","frc6802","frc540","2019vagle_qf3m2_red","qf","2019vagle"
"frc3136","frc1908","frc1413","2019vagle_qf3m2_blue","qf","2019vagle"
"frc1610","frc384","frc3359","2019vagle_qf4m1_red","qf","2019vagle"
"frc6334","frc422","frc3258","2019vagle_qf4m1_blue","qf","2019vagle"
"frc1610","frc384","frc3359","2019vagle_qf4m2_red","qf","2019vagle"
"frc6334","frc422","frc3258","2019vagle_qf4m2_blue","qf","2019vagle"
"frc1598","frc5950","frc6021","2019vagle_qm1_red","qm","2019vagle"
"frc3361","frc1599","frc1522","2019vagle_qm1_blue","qm","2019vagle"
"frc3258","frc384","frc1610","2019vagle_qm10_red","qm","2019vagle"
"frc6882","frc1599","frc3136","2019vagle_qm10_blue","qm","2019vagle"
"frc6802","frc1908","frc346","2019vagle_qm11_red","qm","2019vagle"
"frc3359","frc5957","frc4286","2019vagle_qm11_blue","qm","2019vagle"
"frc6021","frc617","frc5804","2019vagle_qm12_red","qm","2019vagle"
"frc7330","frc1262","frc619","2019vagle_qm12_blue","qm","2019vagle"
"frc1413","frc540","frc6189","2019vagle_qm13_red","qm","2019vagle"
"frc1080","frc977","frc1610","2019vagle_qm13_blue","qm","2019vagle"
"frc5546","frc4286","frc3258","2019vagle_qm14_red","qm","2019vagle"
"frc5957","frc1793","frc6334","2019vagle_qm14_blue","qm","2019vagle"
"frc1086","frc5804","frc1522","2019vagle_qm15_red","qm","2019vagle"
"frc6802","frc1599","frc1598","2019vagle_qm15_blue","qm","2019vagle"
"frc7429","frc7330","frc346","2019vagle_qm16_red","qm","2019vagle"
"frc539","frc3361","frc619","2019vagle_qm16_blue","qm","2019vagle"
"frc617","frc977","frc1262","2019vagle_qm17_red","qm","2019vagle"
"frc5950","frc6882","frc422","2019vagle_qm17_blue","qm","2019vagle"
"frc3359","frc3136","frc2998","2019vagle_qm18_red","qm","2019vagle"
"frc1908","frc6021","frc1413","2019vagle_qm18_blue","qm","2019vagle"
"frc122","frc2106","frc1599","2019vagle_qm19_red","qm","2019vagle"
"frc346","frc384","frc6334","2019vagle_qm19_blue","qm","2019vagle"
"frc7429","frc1086","frc1262","2019vagle_qm2_red","qm","2019vagle"
"frc6189","frc5546","frc346","2019vagle_qm2_blue","qm","2019vagle"
"frc1598","frc1522","frc7429","2019vagle_qm20_red","qm","2019vagle"
"frc977","frc422","frc7330","2019vagle_qm20_blue","qm","2019vagle"
"frc1793","frc617","frc6802","2019vagle_qm21_red","qm","2019vagle"
"frc5804","frc1413","frc3258","2019vagle_qm21_blue","qm","2019vagle"
"frc1080","frc6882","frc5957","2019vagle_qm22_red","qm","2019vagle"
"frc122","frc3361","frc5546","2019vagle_qm22_blue","qm","2019vagle"
"frc1086","frc619","frc3359","2019vagle_qm23_red","qm","2019vagle"
"frc1610","frc1262","frc539","2019vagle_qm23_blue","qm","2019vagle"
"frc4286","frc540","frc384","2019vagle_qm24_red","qm","2019vagle"
"frc2998","frc5950","frc2106","2019vagle_qm24_blue","qm","2019vagle"
"frc617","frc1908","frc3136","2019vagle_qm25_red","qm","2019vagle"
"frc6189","frc6021","frc1522","2019vagle_qm25_blue","qm","2019vagle"
"frc5804","frc3359","frc1610","2019vagle_qm26_red","qm","2019vagle"
"frc1086","frc122","frc3258","2019vagle_qm26_blue","qm","2019vagle"
"frc1262","frc1080","frc540","2019vagle_qm27_red","qm","2019vagle"
"frc3361","frc4286","frc1793","2019vagle_qm27_blue","qm","2019vagle"
"frc2106","frc3136","frc1598","2019vagle_qm28_red","qm","2019vagle"
"frc5546","frc5950","frc619","2019vagle_qm28_blue","qm","2019vagle"
"frc1413","frc6334","frc422","2019vagle_qm29_red","qm","2019vagle"
"frc7429","frc6802","frc6021","2019vagle_qm29_blue","qm","2019vagle"
"frc422","frc1610","frc122","2019vagle_qm3_red","qm","2019vagle"
"frc384","frc619","frc2106","2019vagle_qm3_blue","qm","2019vagle"
"frc977","frc384","frc1599","2019vagle_qm30_red","qm","2019vagle"
"frc7330","frc539","frc1908","2019vagle_qm30_blue","qm","2019vagle"
"frc2998","frc346","frc6882","2019vagle_qm31_red","qm","2019vagle"
"frc6189","frc1086","frc5957","2019vagle_qm31_blue","qm","2019vagle"
"frc5950","frc1610","frc3361","2019vagle_qm32_red","qm","2019vagle"
"frc6334","frc617","frc7429","2019vagle_qm32_blue","qm","2019vagle"
"frc422","frc1599","frc1908","2019vagle_qm33_red","qm","2019vagle"
"frc6802","frc2106","frc1080","2019vagle_qm33_blue","qm","2019vagle"
"frc619","frc6882","frc1793","2019vagle_qm34_red","qm","2019vagle"
"frc3359","frc1413","frc1522","2019vagle_qm34_blue","qm","2019vagle"
"frc5546","frc1598","frc5957","2019vagle_qm35_red","qm","2019vagle"
"frc2998","frc5804","frc384","2019vagle_qm35_blue","qm","2019vagle"
"frc3136","frc1262","frc6189","2019vagle_qm36_red","qm","2019vagle"
"frc539","frc346","frc122","2019vagle_qm36_blue","qm","2019vagle"
"frc540","frc3258","frc977","2019vagle_qm37_red","qm","2019vagle"
"frc6021","frc7330","frc4286","2019vagle_qm37_blue","qm","2019vagle"
"frc384","frc422","frc5546","2019vagle_qm38_red","qm","2019vagle"
"frc617","frc3359","frc3361","2019vagle_qm38_blue","qm","2019vagle"
"frc1599","frc5957","frc5950","2019vagle_qm39_red","qm","2019vagle"
"frc619","frc1610","frc7429","2019vagle_qm39_blue","qm","2019vagle"
"frc1413","frc539","frc617","2019vagle_qm4_red","qm","2019vagle"
"frc5957","frc540","frc6802","2019vagle_qm4_blue","qm","2019vagle"
"frc2106","frc6189","frc4286","2019vagle_qm40_red","qm","2019vagle"
"frc7330","frc1413","frc1086","2019vagle_qm40_blue","qm","2019vagle"
"frc1598","frc1793","frc2998","2019vagle_qm41_red","qm","2019vagle"
"frc346","frc3136","frc6021","2019vagle_qm41_blue","qm","2019vagle"
"frc6334","frc1262","frc5804","2019vagle_qm42_red","qm","2019vagle"
"frc977","frc1908","frc540","2019vagle_qm42_blue","qm","2019vagle"
"frc1522","frc1080","frc122","2019vagle_qm43_red","qm","2019vagle"
"frc539","frc3258","frc6882","2019vagle_qm43_blue","qm","2019vagle"
"frc6021","frc619","frc2998","2019vagle_qm44_red","qm","2019vagle"
"frc6802","frc6189","frc384","2019vagle_qm44_blue","qm","2019vagle"
"frc3136","frc3361","frc1413","2019vagle_qm45_red","qm","2019vagle"
"frc2106","frc977","frc1086","2019vagle_qm45_blue","qm","2019vagle"
"frc6882","frc4286","frc617","2019vagle_qm46_red","qm","2019vagle"
"frc1610","frc1908","frc1598","2019vagle_qm46_blue","qm","2019vagle"
"frc7330","frc6802","frc122","2019vagle_qm47_red","qm","2019vagle"
"frc1599","frc1793","frc1262","2019vagle_qm47_blue","qm","2019vagle"
"frc422","frc5804","frc1080","2019vagle_qm48_red","qm","2019vagle"
"frc346","frc3359","frc5950","2019vagle_qm48_blue","qm","2019vagle"
"frc539","frc7429","frc5957","2019vagle_qm49_red","qm","2019vagle"
"frc540","frc1522","frc6334","2019vagle_qm49_blue","qm","2019vagle"
"frc6334","frc2998","frc4286","2019vagle_qm5_red","qm","2019vagle"
"frc6882","frc3359","frc7330","2019vagle_qm5_blue","qm","2019vagle"
"frc5546","frc2998","frc1610","2019vagle_qm50_red","qm","2019vagle"
"frc3258","frc1908","frc3361","2019vagle_qm50_blue","qm","2019vagle"
"frc1599","frc619","frc1413","2019vagle_qm51_red","qm","2019vagle"
"frc4286","frc1086","frc1080","2019vagle_qm51_blue","qm","2019vagle"
"frc346","frc1793","frc977","2019vagle_qm52_red","qm","2019vagle"
"frc122","frc384","frc617","2019vagle_qm52_blue","qm","2019vagle"
"frc3359","frc6021","frc539","2019vagle_qm53_red","qm","2019vagle"
"frc5957","frc2106","frc5804","2019vagle_qm53_blue","qm","2019vagle"
"frc3258","frc6189","frc1598","2019vagle_qm54_red","qm","2019vagle"
"frc7429","frc422","frc540","2019vagle_qm54_blue","qm","2019vagle"
"frc5950","frc3136","frc7330","2019vagle_qm55_red","qm","2019vagle"
"frc6882","frc6334","frc6802","2019vagle_qm55_blue","qm","2019vagle"
"frc1522","frc5546","frc539","2019vagle_qm56_red","qm","2019vagle"
"frc4286","frc122","frc1262","2019vagle_qm56_blue","qm","2019vagle"
"frc3361","frc1086","frc6021","2019vagle_qm57_red","qm","2019vagle"
"frc1080","frc617","frc346","2019vagle_qm57_blue","qm","2019vagle"
"frc540","frc7330","frc1599","2019vagle_qm58_red","qm","2019vagle"
"frc3136","frc5957","frc422","2019vagle_qm58_blue","qm","2019vagle"
"frc1262","frc3258","frc3359","2019vagle_qm59_red","qm","2019vagle"
"frc619","frc1598","frc6334","2019vagle_qm59_blue","qm","2019vagle"
"frc3258","frc1080","frc1793","2019vagle_qm6_red","qm","2019vagle"
"frc5804","frc977","frc3136","2019vagle_qm6_blue","qm","2019vagle"
"frc5950","frc1522","frc1908","2019vagle_qm60_red","qm","2019vagle"
"frc1413","frc2998","frc977","2019vagle_qm60_blue","qm","2019vagle"
"frc2106","frc5546","frc6882","2019vagle_qm61_red","qm","2019vagle"
"frc1793","frc6189","frc5804","2019vagle_qm61_blue","qm","2019vagle"
"frc1610","frc6802","frc4286","2019vagle_qm62_red","qm","2019vagle"
"frc384","frc7429","frc3136","2019vagle_qm62_blue","qm","2019vagle"
"frc5957","frc122","frc1413","2019vagle_qm63_red","qm","2019vagle"
"frc422","frc1598","frc3359","2019vagle_qm63_blue","qm","2019vagle"
"frc1262","frc346","frc3361","2019vagle_qm64_red","qm","2019vagle"
"frc1522","frc3258","frc2106","2019vagle_qm64_blue","qm","2019vagle"
"frc619","frc6802","frc977","2019vagle_qm65_red","qm","2019vagle"
"frc1793","frc6021","frc5546","2019vagle_qm65_blue","qm","2019vagle"
"frc5804","frc539","frc1599","2019vagle_qm66_red","qm","2019vagle"
"frc2998","frc617","frc540","2019vagle_qm66_blue","qm","2019vagle"
"frc1610","frc6334","frc7330","2019vagle_qm67_red","qm","2019vagle"
"frc6189","frc5950","frc1080","2019vagle_qm67_blue","qm","2019vagle"
"frc1086","frc6882","frc384","2019vagle_qm68_red","qm","2019vagle"
"frc1908","frc7429","frc3359","2019vagle_qm68_blue","qm","2019vagle"
"frc3361","frc422","frc6802","2019vagle_qm69_red","qm","2019vagle"
"frc4286","frc5804","frc619","2019vagle_qm69_blue","qm","2019vagle"
"frc1908","frc5546","frc1086","2019vagle_qm7_red","qm","2019vagle"
"frc540","frc122","frc5950","2019vagle_qm7_blue","qm","2019vagle"
"frc3136","frc1522","frc1793","2019vagle_qm70_red","qm","2019vagle"
"frc617","frc1610","frc6189","2019vagle_qm70_blue","qm","2019vagle"
"frc384","frc7330","frc5957","2019vagle_qm71_red","qm","2019vagle"
"frc1262","frc1413","frc5546","2019vagle_qm71_blue","qm","2019vagle"
"frc6021","frc540","frc2106","2019vagle_qm72_red","qm","2019vagle"
"frc122","frc7429","frc6882","2019vagle_qm72_blue","qm","2019vagle"
"frc977","frc539","frc5950","2019vagle_qm73_red","qm","2019vagle"
"frc1599","frc3258","frc2998","2019vagle_qm73_blue","qm","2019vagle"
"frc1908","frc6334","frc1080","2019vagle_qm74_red","qm","2019vagle"
"frc1598","frc346","frc1086","2019vagle_qm74_blue","qm","2019vagle"
"frc6334","frc3361","frc6189","2019vagle_qm8_red","qm","2019vagle"
"frc1522","frc2998","frc422","2019vagle_qm8_blue","qm","2019vagle"
"frc1793","frc2106","frc7429","2019vagle_qm9_red","qm","2019vagle"
"frc1080","frc1598","frc539","2019vagle_qm9_blue","qm","2019vagle"
"frc1262","frc346","frc6882","2019vagle_sf1m1_red","sf","2019vagle"
"frc2106","frc1599","frc5804","2019vagle_sf1m1_blue","sf","2019vagle"
"frc1262","frc346","frc6882","2019vagle_sf1m2_red","sf","2019vagle"
"frc2106","frc1599","frc5804","2019vagle_sf1m2_blue","sf","2019vagle"
"frc977","frc6802","frc540","2019vagle_sf2m1_red","sf","2019vagle"
"frc1610","frc384","frc3359","2019vagle_sf2m1_blue","sf","2019vagle"
"frc977","frc6802","frc540","2019vagle_sf2m2_red","sf","2019vagle"
"frc1610","frc384","frc3359","2019vagle_sf2m2_blue","sf","2019vagle"
"frc977","frc6802","frc540","2019vagle_sf2m3_red","sf","2019vagle"
"frc1610","frc384","frc3359","2019vagle_sf2m3_blue","sf","2019vagle"
